holder,points,lastBalance,avgBalance,allDuration
0x44ee5131a0fe22a9c330866410a087cb01d4cda4,478159700421550523542,47815970042155052356,47815970042155052356,864000
0x15cbff12d53e7bde3f1618844caaef99b2836d2a,458933318574819139953640,4280841504130826825589,45893331857481913995366,864000
0x532c7caf65974f813132c28ce80e6e10e5af26c4,999999999999982,100000000000000,100000000000000,864000
0xed6e4c3b1d0e93e52cc7c5ad5e4a897822033b13,20728809999999999978,2072881000000000000,2072881000000000000,864000
0x9683b75853394b4d664256fdba643d651926c857,21699999999999999978,2170000000000000000,2170000000000000000,864000
0xf301bec395546c22b426ca2909e1bc7d9bc6382f,1097316068362540752237334,109731606836254075223736,109731606836254075223736,864000
0x42de065c7ddc9293f3bf17f06bcce01512daef03,804789169795134288140686,80478916979513428814071,80478916979513428814071,864000
0x2e6248f5d3c8b5421ce70e7a71763efa1af24b74,0,0,0,0
0xa7170061016d10e393c6e37d774c0e661958e350,0,0,0,0
0x3a751da91188e28f76b8dc57a58e574429e4284b,0,0,0,0
0x027224337e69c907fbc34b6bec85c3d419a35d60,0,0,0,0
0x0621d70c00715e2291f10ec42354e66b1beeaa84,0,0,0,0
0x4426f66628e02299932c49c4685f4a50a5f8666c,129083072183545387276,12908307218354538730,12908307218354538730,864000
0xedfde49603510c2857914fb541a2597eece9a94b,0,0,0,0
0x3e499ae3d6650636869a4efc80ed64bab20ec534,2037854752096211500655080,203785475209621150065510,203785475209621150065510,864000
0x185eddde78e1f8d978eca0a232329e531ffd88cf,0,0,0,0
0xca14b3e34197f922b2db18f1ff8818d88d57168a,0,0,0,0
0x99724019c3bdf7f55742f63320790a4dec2a5442,0,0,0,0
0x0d65a30c4e30bbc2918bfb2e559dd7c10f595908,0,0,0,0
0x6e1c5acbabaf0b3c73d4412c17c40d2f1d2e183b,149357867811620935274869,21906454125357051976658,18536023101475825149816,696186
0xd4150b83ec3136be9ff9f7f696853e29bef688fa,97632370329958886692,9763237032995888671,9763237032995888671,864000
0xc40644aa6e0dcb974109bacad3c6215a22ca9470,0,0,0,0
0x26f78baeb4fd7bf8f9d82c47fe8af2876fe7d7eb,0,0,0,0
0x930aa106d31c564739d464507388cd1d09f5d2d8,0,0,0,0
0x39181d980fcf41a494e21f770391b8a47085f549,0,0,0,0
0x6121704de5e7124694fd81da9430779b132f7c87,0,0,0,0
0x1ee250bef4127441ef88ef16c6dde8b286c6bdf3,149001565768907499977780,14900156576890749997780,14900156576890749997780,864000
0x0df6abbbd058f3e7c9090721c8af30cd8c52ba74,201062348382435929129930,20106234838243592912995,20106234838243592912995,864000
0x4c8982110511fc48d605024fd2d7cbce6d3392bc,0,0,0,0
0x2791ff23218b3be5a62698fef19fc04ec6be6a86,510238101271283529991,51023810127128353001,51023810127128353001,864000
0xc18ad460e0e2f6936c171dd0e3f66a561510217b,0,0,0,0
0x1ce819a997071304ca1ec1104f07a7f2c7707fc7,175523844475773034947,17552384447577303497,17552384447577303497,864000
0x4839054db0269e73e8c76a3dfb14fc33d31a1356,993343771792716637,99334377179271666,99334377179271666,864000
0x73039a0ef33bc02d14f40614165640fb4fe3cfb7,0,0,0,0
0xa7427edab99623fd11a979a870f299e0a98cef11,0,0,0,0
0xa74e3b7346fdbbc17c2a1fa7aa5d436cf3730b20,629839551942889929572841,62983955194288992957286,62983955194288992957286,864000
0x6a5bbc43b93c664b2e6789461a61b5f97c9f7a4c,0,0,0,0
0xd4c0ad42438a9026164dd65b7e9f85f45d2cf940,0,0,0,0
0x399befbcad69f9aaa8b8345cbd7bf45157e46cf6,166972630002589887753557,24964802234795942869444,24964802234795942869444,577871
0xe0177af4dd48bf49e9c8ab183388b7b26e50f92c,49766522966815104992560,4976652296681510499258,4976652296681510499258,864000
0xda0e271396d2e3a80a52e1537e0993d4af35161b,0,0,0,0
0x5e4db7429b94c70c0bc36693825f913f6e9fee98,0,0,0,0
0x8a16718aca875d59e348b4d276cc5ecbede68b22,111254536214472507602443,11125453621447250760246,11125453621447250760246,864000
0x8e8df055624250f6b3dca93d3357cd3f55d93a0d,793499191265984506270,79349919126598450629,79349919126598450629,864000
0x138b3885c2f15680ac99b0fd139731b1fb6ba56a,197293211498630639489348,19729321149863063948937,19729321149863063948937,864000
0x551c60ab2a8c924207d78c9fd4d3bce34fee70db,0,0,0,0
0x98857840ae11987193a1e59e528837d7ef6a58a8,0,0,0,0
0xa23f69a3442eb430fd5917de726dfdcccef9af5c,5020141420575626734838,502014142057562673486,502014142057562673486,864000
0x915579036b62ee9f6347a0b8cd145c562867df2b,1025194760373106997666229,102519476037310699766625,102519476037310699766625,864000
0x153f53c1d7a70e403ef74865e5c2f21b1b5d16f4,41385951772425672084991,4601466302304106930830,4138595177242567208500,864000
0xb66051b9debc077d356060d30166fc26fa49a81c,0,0,0,0
0x1c7f7c428de42b8402f8331612131cc8bc126369,0,0,0,0
0xb883679b7fcb74f53d9cc2fdfba379f5fab76a92,0,0,0,0
0x834c673130c085057531f227dcbd375d803d9a98,69984571232066186012149,6998457123206618601217,6998457123206618601217,864000
0xbb4a8a6c45ca94139ecd26356bc44aa92fd09ff8,19866947572313614569,1986694757231361459,1986694757231361459,864000
0x5ebe7111b4855881da56c1091c17319ab4965919,892661372838831015264499,89266137283883101526452,89266137283883101526452,864000
0x017f65c0df738c626940cc5cca85d1f3d8b088bb,0,0,0,0
0x644ca4c761db8d6b1d9b2cb79d9604d197a561a5,900007252445778844804800,90000725244577884480482,90000725244577884480482,864000
0x2a66dc01ab438d9c0eff434cc8ce00637ac5b774,0,0,0,0
0x88eaefa1c2e797d40211de1a8773f86e318dd8b4,1497300646981531533362049,159699088522133761803712,149730064698153153336206,864000
0x4e6152d1b627cc2f5cfdfd9c9df62b8bb781b864,2547154502377556821711779,265035350660037139035494,254715450237755682171180,864000
0x169fb8062ac921d68577a0071197a484188043e4,0,0,0,0
0x3c4c444d98bdb92bc33666aa5fda5a24e1171495,0,0,0,0
0x8e7b6e8c3bfdf24edcb480279b829bd4200936e0,0,0,0,0
0xe2a3c03c9585b01f76fe2d7ea0f3e9a6eefb9ded,198561914396279372770,19856191439627937279,19856191439627937279,864000
0xe95101cb367cc1ef284270ebbce12fadf5e2c05c,486009544670223868799,8156210141451842699,48600954467022386881,864000
0x824cd75db050a171bbfdb8067544bb009a866b87,6945467311232435981,694546731123243600,694546731123243600,864000
0x935a7a6090f49404a9708d6ab0aa6066ee0877ad,5359200497764086527181,37535385424556800868,535920049776408652719,864000
0x9be6d094ae728d2ab9fb125a063649a8f8edb23b,0,0,0,0
0xa4c288cb33906ac2000e4b72c3113c620803f2c8,0,0,0,0
0x29c0559947f3c5ed0a7ee4a2c671c86e1feb95dc,0,0,0,0
0xf8f6eb0c53bd897d7fb2ccfd92b6c42a71173642,0,0,0,0
0x83f94ca5928f693fd4d080dcac0185503f59447a,0,0,0,0
0xbd0b946893dfab1bd5d5c0f4b448ec8b9a24f8e6,0,0,0,0
0x5d7f5b1f13b264c122e9e80209d0bc78f3b77185,0,0,0,0
0xa68548bab291e8feb38ca3b88c3da099b5535da0,0,0,0,0
0xd0a4848a0eed16eeced5cda883b75ab9219cdf6d,0,0,0,0
0x3d29895b4cc7890ff1093117c845069008e06cee,0,0,0,0
0x54466986773f53926b80dc8382f7c1ab4555b890,0,0,0,0
0xdc1ddb9fccd9e287176f68d51e5bc6c4b35adb87,0,0,0,0
0x244efc49b68b30f93208d7bfd111dbb91860d52c,0,0,0,0
0x3415d50630e514ad69a8010d0fa588c47066df1b,0,0,0,0
0x29decc4d0e593f1679d2b760b6a213e71ca1dd43,0,0,0,0
0x9996413ab1a4f1bb09fc65ca5c7b6a2c13ec3092,9594669866044180094908,959466986604418009493,959466986604418009493,864000
0x1b2051b37be42d4a9ad5137cff455dbe41b07d77,0,0,0,0
0x6ab936ef017b09650885c00843b38ad4afe6f8fe,0,0,0,0
0xa9a539de846da2fdaf6be139f0e2c50491a44ce8,0,0,0,0
0xf5e09acef3ec49e1cacb813d65258a940eaaf5cc,0,0,0,0
0xaf258b65ded3cecefd18ef044f6229b14206ac32,0,0,0,0
0x76f37dfb233954128d181c6c2d3d1ac0f26741ac,0,0,0,0
0x5966d829f4b0ee5376012e8e3b8716bfe75c0439,0,0,0,0
0xcb53ccf0583b461533139499ae529f1336f70597,0,0,0,0
0x267d073ed4b661c7fb270ab5a928ba0cc5cf4372,0,0,0,0
0xc23986e4b6dff64eb2c351db7df135b22647fd01,0,0,0,0
0xe345d1bb8888aa0e70ecfe460cc5e11834344e8f,0,0,0,0
0xc14ce2797da895490c72bd74ce9e983c670d6bdf,0,0,0,0
0xcc1117d48a426498d9bde6859990595092a538c6,0,0,0,0
0xf4b44d97b5de0ad7133d22aa7ea89e4b81d1956b,0,0,0,0
0x2b87ed69611fb94cef3fd25e315e4e8d4d8b6ea5,0,0,0,0
0xf5f0f7b02a95417c37579a217d56805198e5283d,0,0,0,0
0xf009209956be8c82700ecdde1ae02985b0339573,0,0,0,0
0xb28933c67c164b5f4f872ebb0cad03fdc917ab79,0,0,0,0
0x766e49677603330f06f8cf5c8ee9241c63b633e1,0,0,0,0
0x9f5340358fd12b1081fc3a2577a4da12cc37df7d,0,0,0,0
0x3adea1043f47db7d991dd3d7004c2651fdbfba21,0,0,0,0
0xcc2b187ba470c8bd3c4a01b1d01c2c95f87b888f,3054100997528670055270,305410099752867005529,305410099752867005529,864000
0xb1f9f6886191a48f9e67ddd9a86ff105d348b76b,0,0,0,0
0xfd552b6dc6a597cb4758098ef51014bdc996948c,0,0,0,0
0xe46f92b835006ee97c3d5c714e55a5d2e2da4c8c,0,0,0,0
0x72dc1cd0d8a48f02c59b7211354653c7984f1c3c,0,0,0,0
0x1c9e533d6b0451a6c0048061a99f1a07b0bdd4ef,0,0,0,0
0x2a2332b5561703cc482b605cf44cd630cc7e6f64,0,0,0,0
0x91543fdd477a2f429da6402367babc17b2134c56,0,0,0,0
0x45a0ca6ce82e0ab575b559d36b68b0710e244991,0,0,0,0
0xa406b95d170bdb6d6043f30ac3a249f8787a1847,0,0,0,0
0xf296c3a61e03918f0014c87d0a2795047753eafb,0,0,0,0
0x4bbcaa9237f0aa15f0053ab68eb7b67b438b90f2,0,0,0,0
0x919107c43b83f45ceac3a50a149d650a4b99c5ed,0,0,0,0
0x3e64f5aff498320730b7ac72400e719bd0e6f037,0,0,0,0
0xfadc1ab91f93448281601f1d7aa81af0208f9f15,0,0,0,0
0xe05962a2e6ab3f201ce85e452366d10a2e383311,0,0,0,0
0xedcba6cbd87dd9d30d755abf5bb262f58cd1f52f,0,0,0,0
0x04dbde51c0234a7fa9909cc37a3f82e76aa66b73,0,0,0,0
0xfc92723f749d0e1b8651f6c8de9f770cfd747436,0,0,0,0
0xe825ea2066bd601ce5a43f1f021f476974a1469f,0,0,0,0
0x419c2ded1f339d5d8a8acf3195438498857be4f4,0,0,0,0
0x3771241eaea7384cddc9dcda6a5443cf72fd36f5,0,0,0,0
0x8cf3849bfaf648c4bd5a34447b0bfc772e8f8fa7,0,0,0,0
0xbd14534c9dad5df55bfe9241e34bd7d540677abf,99921920380996757919,9992192038099675794,9992192038099675794,864000
0xa4aa2626993930a7d7c7c032aeb6de2a4c73bf46,2974503534108555961642608,297450353410855596164263,297450353410855596164263,864000
0x0be1ced347b9cae3a21feb1e416813092b6da144,0,0,0,0
0x85741c46d29f358ce4ee4a6c7cc3ddde41775e88,0,0,0,0
0x0f682c6f6373bb442bd5afedaf761359a7c2afdd,465858930232295342560,46585893023229534258,46585893023229534258,864000
0x59c63943f15a35066140e5fe4e8fe0592987614b,20322857308929771246103,2032285730892977124612,2032285730892977124612,864000
0xd0af2d72d13b277a189e35a1a6b577704eb1ae29,26410669585242383016260,2641066958524238301628,2641066958524238301628,864000
0x18b57285f25bf9d3e4157bfa9f460336862b076d,49522412609167707180,4952241260916770720,4952241260916770720,864000
0xb5eb92b3d208f0d9c11ac6fb8853a0abadd844b3,0,0,0,0
0x9491aa5b4af46f2d9a3a47c054a550ee53bbf398,95112715545235927404011,9511271554523592740403,9511271554523592740403,864000
0xb1fe569478506aefec2bcc84321e8d2053fe3fbb,0,0,0,0
0x28a31a609a5ba5ed0178cab5f1715f11279bf77a,0,0,0,0
0xd9b73983a22c7bd6d3a71db566b91e8d2eb701be,0,0,0,0
0x541c54941bbb237594bbdece66619952c2edb228,0,0,0,0
0x8fdd5e0e91810ead4040536c1e535711476fa0f3,29863077319,2986307734,2986307734,864000
0xfd17926a153a0906129a3a895bbfec2de94973b3,0,0,0,0
0x97e2c87c1fd26c5574517bcb2751ba457c3f1ff2,0,0,0,0
0x49b0110b3f1774e33961bc1b8b4c2b1598104618,0,0,0,0
0x69f3bbf8b245c8fa5694f21149f302e4069245fd,0,0,0,0
0x361e42a1abe41ff378f7a087dd17daa5d50bda5c,0,0,0,0
0xca4c56bdeb1fd76552f225e3b86eb0fe40c1d850,0,0,0,0
0x9fedb8e850ac18a7aa202751da6360a56b1d672a,0,0,0,0
0xc9ad7323ebcb35153c4d9cf5a9e0a999e29b522c,0,0,0,0
0xc442f283a3138ac790e811372fbc4f3e33762142,99507335711,9950733573,9950733573,864000
0xbbab7be8c36d2d818a298fc34a398616329b1d06,0,0,0,0
0x7652f2eaaa88ade01e2a92107c8c2ade05cd89cc,0,0,0,0
0x7b922a3f0bb05cc22ac11caa79c10f80f5b76168,0,0,0,0
0xf6e0a1d8577c52963eeb0944070c366e5ddb8204,0,0,0,0
0x7e29ab45978079a29f725897fedc0db2a8275451,64901425410,6490142543,6490142543,864000
0x9fe14f6aae1203afae80a43b87ca991297f5c4d1,99507335712,9950733573,9950733573,864000
0x5b846516371f9d5067535e8eab3d9957f254a7cc,0,0,0,0
0x9ff47d9cf9d5922c1738eade042aa26a94e1cf1b,0,0,0,0
0x2f8a1cedff895a26adc7b111f27319d9ba628ed4,0,0,0,0
0x75304e5aa6ba92a3407876f725de0e89552f9d3b,0,0,0,0
0x15ad9fdbdaa087908a0c072cc205b7e1df3ed15f,0,0,0,0
0xa6931dc77b25d8b92a5b87b26f1a743df46256d9,0,0,0,0
0x3e0fd96192522aa932a182a690eb373eb12cd843,0,0,0,0
0xa8510bd3b3890a44ca886c54224dcf0f0830dafe,52333419799,5233341982,5233341982,864000
0xf7fbbebacbbf302267d52212b5101d806276ce45,0,0,0,0
0x5665493d4f3c0ef0d9a549b8d2eca1b51a9cd7e1,825887762865870635364263,99945938614462328606328,99945938614462328606328,713953
0x0f7e09ce5eb89c5923a4d4d24ec655d1e8c811c0,42577814720,4257781474,4257781474,864000
0x60cd12f55339251313ba6a33194c81f8d05d36cf,0,0,0,0
0x7604575fbc25a28a3a287ee2df25d3a9fd8b2a89,0,0,0,0
0x12c4c3f286808ee4473920713e75ce29200b0c77,1077423166722,107742316674,107742316674,864000
0xe5ba3433d57fd510ccd1c5103fa0c2825841a2db,0,0,0,0
0x723cf77b05eccb148c98c41916b9082dcd126eac,0,0,0,0
0x9aab53c886b9ae889cdbcfeaf759a23c0cc3bb9b,0,0,0,0
0x8e24982724c950b29a387287574d5f2c1d52678c,6752692407471,675269240749,675269240749,864000
0x554c71774445f6a6f162e786ab32fc0dd2d26a3b,8464878293263,846487829328,846487829328,864000
0x7d9c57b05b20551e3756a45160beac5c54500476,0,0,0,0
0xa4b20acc1edab72cd4b1f3b0a13bf4252101767a,0,0,0,0
0x77f72dd0ff45b3dd19a61efc2d45f366c47a1432,3239788546352,323978854637,323978854637,864000
0x358c3e7eaebde09692fb25751fd42831e9f1ec0b,3239788546352,323978854637,323978854637,864000
0xe899f66b7c701f971174fb83d9e4515857d11d07,0,0,0,0
0xf113e0e32a042eadb435658b68e54a1ebddcf68e,6908814464646,690881446467,690881446467,864000
0x636c4804550ae37e25ec9da9632da69b2b68c44b,5852333419805,585233341982,585233341982,864000
0x3abcbf98e1bc0f03bb74b3bdab26de6accfca63d,816064753063,81606475308,81606475308,864000
0xc1b31bb5dd3ac462eb4292302c4ca63945bb0e3c,0,0,0,0
0xbdbc4650b259efaed8e17e2bf34bfc07e66730af,0,0,0,0
0xe7401eb16a52334a86e4168142c374d96326cde9,0,0,0,0
0x111cc9d32c8288fd1b8792d7fb00ecba6f18e1db,0,0,0,0
0x576713d40951f67014ca060b5561990dbe27880a,0,0,0,0
0x49e3b661b35a60d15e323cb5291aad630862d1a7,0,0,0,0
0xe36172d705028183f6306b96b42d26d733874da2,0,0,0,0
0x8ffb4071e7a9edd6fa8dd4595d2e27903bd85708,0,0,0,0
0x7afc01708273c0e168d259f000929e7f4ad4860e,0,0,0,0
0x49999d00ada5f17f66caa75449d648052ad05552,0,0,0,0
0x701866f7e6b09a8c238c575389948591732c99e5,0,0,0,0
0x9a1d395733b34a1c3e0456562b9d98a994a33aa3,0,0,0,0
0x62efe6a2187508e7bcaa6d21e0ed5c381d53898c,0,0,0,0
0xb8184710df726c8feb566fe6a9c20c4c85d44967,0,0,0,0
0xa54c6248f0e75cbb4ab6f53ee8269c295235d462,0,0,0,0
0x0b4ae9d2b735deeba7ab101f2ab9ad012533906d,0,0,0,0
0x5de2980d66b0f4e0631dd107286e264284ae8526,0,0,0,0
0x79cb1fa7fcafa2369e57c4318a77370e714c0a5e,0,0,0,0
0xd2c941413244fd523bc8c60e01beb84643e39858,0,0,0,0
0x6f94d7c61bf7500a85ad7ef0bc4b001782b553f3,0,0,0,0
0x57723e1bbdb31d1133af7db84d9e6f94769e2b5b,0,0,0,0
0xf2ba13fce1efff97b3627d6e8b0c42652321ba70,0,0,0,0
0x6485c146861193c913c07c89c87ffc4e1a0badc9,0,0,0,0
0x042330a2a349fd146aa2579a0d2360a972677588,0,0,0,0
0xe45fe2f3662a961f53da27623c265d03a4064c92,0,0,0,0
0x513d17c1342b4fb3604b3513986b53cc058a6cb2,12775889979,1277589000,1277589000,864000
0x9fbf1c50ce7ce2b6c98c5a0a145272612b4933c3,9900362612544873431,990036261254487345,990036261254487345,864000
0xe7b39df8a5f5eef434958ea9250f346f26ff799f,0,0,0,0
0x64bc6e732a18a6e3f864d8274d5a44aafe98c1dd,0,0,0,0
0x14f1e59520f1579290a9769a3591e14285844774,0,0,0,0
0xd21f0c8dee2b5067c452690fcdd108ac8045e556,0,0,0,0
0xcfe941a558e66ee48935fcac731f18380f55e139,0,0,0,0
0x610db4fb4e65bf142dfb48c588913780e605480c,0,0,0,0
0x90fa3155f5d5017a0e48a600cc7eb660b1ec8659,4626417731,462641775,462641775,864000
0xa17e536102fb1e921f068a89d8115ad6cbbcca29,0,0,0,0
0x44cd8ae64d5fc8c3abd68bef6ab4a16a4fb139b4,0,0,0,0
0x3e9c8969bc9b482eb3866abd2bb885690f7bde04,0,0,0,0
0x8ced14fc443217f6a0e6f2368f9daa0d1899d4cc,0,0,0,0
0x7a7ad9aa93cd0a2d0255326e5fb145cec14997ff,0,0,0,0
0xa24d5da26b126355e9b4f6bd67373715f6eab286,1957183124687,195718312471,195718312471,864000
0x3afed413acb44a48d4f43a78a030bbc66013cf60,4976559,497658,497658,864000
0x23730d3d76e7c0ba39b1ec5b7cac800a71eb393b,0,0,0,0
0xaea210e765672ff470050310dc10728adfc5de52,0,0,0,0
0x6fb6e435e906e40b70d009eb3a8998bbb6056494,6336554863415341168,633655486341534119,633655486341534119,864000
0x9999b0cdd35d7f3b281ba02efc0d228486940515,0,0,0,0
0x13f4ea83d0bd40e75c8222255bc855a974568dd4,0,0,0,0
0xa987c9a050800196291fb3020a0b12a89379be23,0,0,0,0
0xfd342eadf266bb04db70a43cd62732698243050a,0,0,0,0
0xb91cc48a344f802b0cb6c96f2b96ab7f18941995,0,0,0,0
0x5f2a3c44cac0507a6d5b1a68568f35ff8fc595d5,0,0,0,0
0xc6d4468fc214280dcd5ea4ab2b0d5dc774d9fad8,4918268631528330813311,491826863152833081333,491826863152833081333,864000
0x10f5689074563d44b0b5d74bf3f5306fb5a10cd4,70501885343394572,7050188534339459,7050188534339459,864000
0xa4d8ca843293b45cb2f61d54509186ca81a34408,0,0,0,0
0xf6fd1b383bbf5975ca6e27ea6abc4ddca085b875,0,0,0,0
0xb6a13fa6f23e7402ef62c644746fabf4004434de,524406978234572693537580,52440697823457269353760,52440697823457269353760,864000
0x0300b5f6c596e13da55da1bc502b9ebfb21dfa10,0,0,0,0
0xb94ef9ea43bb000208e54775fe12d955cedc40ea,0,0,0,0
0x82157a92425f534f654ae3c90f1372758fd54241,0,0,0,0
0x144d395b5562c742259932d2ee6e1d8d092a21b8,0,0,0,0
0x89477006a2d354475254691403183906ebcda423,0,0,0,0
0x2dcee554314d55cd93e7a9cdb22d07c0a51b4288,0,0,0,0
0xfabbdfc4d456b53b0118e3843cfd4aea7c228ae3,6924944759356703453619,692494475935670345364,692494475935670345364,864000
0x248d349fe6c70bef07dcd3b943dde899280b4442,0,0,0,0
0xc1364ad857462e1b60609d9e56b5e24c5c21a312,98912019207631461091,9891201920763146111,9891201920763146111,864000
0x47e9500d257679ddcd871468ecf3939e4b592de5,0,0,0,0
0xe4b551b5e40d2dbaea7f39f1ca3ff2fd41e70eab,9891202635824113013181,989120263582411301320,989120263582411301320,864000
0xba80b1c3916f8400050f292efb8d4093ae9a894e,110312577573691598240988,11031257757369159824101,11031257757369159824101,864000
0xe2f5a8060ba9680ce4dcb0fe5c0285e42d3e0286,8514346613392916172590,851434661339291617261,851434661339291617261,864000
0x75595eb527a3ae0f63aaca007f462e680072a9e6,0,0,0,0
0x41d2e73df8180ed5b95462fbfb6b6210b1446571,217606442256789214420,21760644225678921444,21760644225678921444,864000
0x865d17d9b5622fafa5daf299f28fde885e399164,1153786462504889759610,115378646250488975963,115378646250488975963,864000
0x63bb8d3cb8d61e094cae85e30d0f3c9d96552758,0,0,0,0
0x4b1b2ea60cc20a171cb7eed8fe0de988f79651d2,0,0,0,0
0xd175074944d964a8acbdc1b4db7593d59e151a3c,70,8,8,864000
0x0677eccafc56c7f8971d336e3bd2f7ce90d27f60,102007003559372809065168,10200700355937280906519,10200700355937280906519,864000
0x7ef4c52df9a18cbc43389e1a7b6391b719b1a29e,0,0,0,0
0x54919573f658695a22c962b7de9759126082bdb2,1067437345342004483101,106743734534200448312,106743734534200448312,864000
0x4eabdeb0f0d69c16db897e78e7b951f210a873a9,0,0,0,0
0x2a7d33eb33afb312d531ee9d311be73a5d9c8d57,0,0,0,0
0x27c86ad66603247dbbcd07d479dff5927125efab,0,0,0,0
0x6f3f9630caeeef4ea119c991506b20a5ee9fe4aa,10,2,2,864000
0x0000000000367715a1c746bd336b65e5954c7660,0,0,0,0
0xa87add891c727571bf07297cc8883c11ba7a73f0,0,0,0,0
0xe84bb4177027fa0667710156ee41721800c47c4d,0,0,0,0
0x56897fc85db3fde157a1ea8f9d3aae99913343eb,0,0,0,0
0x4a99693dbc7545efc4b39431f163adcb4ed541fb,0,0,0,0
0x185877f2972c6e0d7769451653e282a84261a57d,0,0,0,0
0xb141f554188cf306fde443f6e991949636f80e49,0,0,0,0
0xfeed75d820916ca4c41f506fd6ec01ef688b786a,0,0,0,0
0x76a69688fc4265e1542f75c7fccf679e3c2699bd,0,0,0,0
0xf98f19943146e1d77e39321c473570eb4843ba57,0,0,0,0
0x7a8698dab718de34943d6e419f97e7c92ce9ad24,0,0,0,0
0x2e2316088c015f4bf27d86a1458a707af536a324,521977275447748084358,52197727544774808438,52197727544774808438,864000
0x4e100f73a329277bc6203c83055677def6aa3a48,10,2,2,864000
0xb300000b72deaeb607a12d5f54773d1c19c7028d,0,0,0,0
0xca852767b43a395ac1dd54737193eba5e20c78bd,0,0,0,0
0x6934a57c5e15b5c389c214498660493dfffd646e,19702232419845599349,1970223241984559937,1970223241984559937,864000
0xe5eae3770750dc9e9ea5fb1b1d81a0f9c6c3369c,5141084051265098610,514108405126509863,514108405126509863,864000
0x58db6554d10cadc52eb16b13d7882283487b7af7,0,0,0,0
0xb5cb05550357a4ac6c095d96a19bce513ba5ac04,0,0,0,0
0x134300144de2ddb464106d989ee7f81baece4c21,0,0,0,0
0x7a246de9d62d3dd3614ce5c1ee35844c332bad51,0,0,0,0
0x9bfc345f72d44f3ebbd7e3e328d89812707c8a63,0,0,0,0
0xa3207c3e3f1fc40b26aca8c37be77922a4001a76,27194941405285452640,2719494140528545266,2719494140528545266,864000
0xfa516d97c829996e81e406c301e320559900d3a8,0,0,0,0
0x613b487981243b93b495bf2cb045df20b7abc0b6,0,0,0,0
0x6483d86d075b1a657664444363ad94144a01deea,0,0,0,0
0x4bab2cb2ed6ee2d564ba5398cab4161d95e58f1b,0,0,0,0
0xde9e4fe32b049f821c7f3e9802381aa470ffca73,0,0,0,0
0x90cbe4bdd538d6e9b379bff5fe72c3d67a521de5,772239911999999982,77223991200000000,77223991200000000,864000
0x00000047bb99ea4d791bb749d970de71ee0b1a34,13840161613428962783,1384016161342896280,1384016161342896280,864000
0x1641a967c88203113a28ea604d6f82151ff23f37,0,0,0,0
0x0f39539a6f1e99bac8e63d30e59b17d22121a11c,9916371976126585361630,991637197612658536165,991637197612658536165,864000
0x33f3184168de4a75a3f64a1dc86b73e4eb4c7a43,450,46,46,864000
0xbd99f73a3b4cd763ec40f66fa5a7a6014cf669da,0,0,0,0
0xa49839864c752ca76281335453a700fe31c0463b,0,1,1,864000
0x81717be6139d726d6f19b22d99507d61d3742096,10030035744913314030429,1003003574491331403045,1003003574491331403045,864000
0x2b82c8de3d3aaf6f9822b488681065025612652c,0,0,0,0
0x7812778246b3fe290a97e4ade9fa8abb3c183b98,983577386102534328931,98357738610253432895,98357738610253432895,864000
0x52866fd157577897ce627022b9c19bd2e622fd7a,9326967959099999982,932696795910000000,932696795910000000,864000
0x16e868c6d41a1a9d4f4d48a1961130c1538524e4,25106375539787839552,2510637553978783957,2510637553978783957,864000
0x62e265c68730fcf3a88dbf836eafd9d95d255259,10086477729553846904715,1008647772955384690473,1008647772955384690473,864000
0x188ff434d753f1aeb2689c6b436eecbc6ddb67de,102548419284813584387321,10254841928481358438734,10254841928481358438734,864000
0x206e881831f1a78059e4786f9b3d70d9c3cf4c6f,27948685398782673477,10632959720543293273,10632959720543293273,227102
0x6e3a4cd61f3ae19eff90a1e9ba6f2673432d02de,123064714432871289875,12306471443287128989,12306471443287128989,864000
0x9b2721ce3b23d014ffd1009f189787966ae5ad5a,4606172198935058548561,776299581465594366810,460617219893505854858,864000
0x129233e22acefb24376fe19adf06eeec8b77073d,729795022156299005430,179994661656763782199,179994661656763782199,350312
0x80f22b126c2c3c1e9df7fca3ad4867ac24090e0f,49178869305126716447856,4917886930512671644788,4917886930512671644788,864000
0x2231bec9c6479e4ce9c6aa5e7b997584523987cf,53323120011815318248,5332312001181531827,5332312001181531827,864000
0xa42e560d95c86eddbd3de483129e4fcd9729b004,733383646978105972270942,73338364697810597227096,73338364697810597227096,864000
0xda0bca641f23a6e1146c16209087f7398074c6b6,0,0,0,0
0xbf8f6b554d0910674a950c82b1d9fe230f0ae2f3,2515355851738373658963308,289362482928918409799659,251535585173837365896332,864000
0xf97b6293a956b0ba5348bb684eed32c4c21e0ed3,279972730975916014163458,23161427938962754140545,27997273097591601416347,864000
0x8e833441406aac1722f1b162a53c40355de66730,0,1,1,864000
0x252bea6e56a8c070e7cfcae3bfa5b2687b65c177,690936123345277838914602,69151667898037068807407,69093612334527783891462,864000
0xe54244dc4cec3afbe28b7aa1a573efc0e76b16a4,0,0,0,0
0x78e9ad2c65440b6155373e9e5a18e8d26327c96d,9693375253299821556721,969337525329982155674,969337525329982155674,864000
0xcc3b60119ef4f7f064e749f9f799102f8844b385,98357738610253432872,9835773861025343289,9835773861025343289,864000
0xfc15079de0049506e8d4c180c49ca8e9343eccf8,0,0,0,0
0x689cfb3d7b700ad2179a09ec3914d4721d039853,13990925958268573938633,4279843093832422668913,4279843093832422668913,282444
0xde9cec67ce511d51c4632e24927e2a4d8b6dddd0,0,0,0,0
0x799839af7e51bfb88c1b1541a7c595441f0d16d2,4914122850100749617641,491412285010074961766,491412285010074961766,864000
0x8e2d5b63493166cfe8a0f4cabf141537c1c0ae68,16216605405332473738262,1621660540533247373828,1621660540533247373828,864000
0x8a5d5dde858191f83f65e1df4ecce3f4706b9d06,623046176349468960133,480498336516299969256,480498336516299969256,112032
0x70fbb16991c7bc57dc02dd4c1b00b51336da2621,0,0,0,0
0x11754d905ffca6b92e453272356b96d09b41871c,5035791744489724030369,503579174448972403039,503579174448972403039,864000
0x620597b2f681d5fe82e6e16baba6fdbb6beaee07,294363206917795334718418,29436320691779533471844,29436320691779533471844,864000
0x8b9811cd1a738b3aa64b590e750ef23be3cc2c1f,0,0,0,0
0x7cb834cc932494613606eb5b50fbe69ab306c64e,21337577878346849389679,2133757787834684938970,2133757787834684938970,864000
0x40af8a35225e59236e207557f5bda3c176f73ffe,2027421699872846072922,1375732241683006885372,1375732241683006885372,127328
0x5d136f7d3c61c6ea22f34006908fe12d392b0b06,39055462346795994175811,4908858693255058694244,4761819479369737448463,708635
0xc590175e458b83680867afd273527ff58f74c02b,0,0,0,0
0x55877bd7f2ee37bde55ca4b271a3631f3a7ef121,0,0,0,0
0x89bcaaf6eb3bb4c0db2739432dfc7025ae8aca3e,0,0,0,0
0x0c92c9aa193850352ae305bdceb5b3e711f5adb9,0,0,0,0
0xb30d1f7fbbfc689d8b1ad61b108665af12ec18d7,68827195400048110776300,6882719540004811077632,6882719540004811077632,864000
0x7c99794f7e145e006be694ede8f3c8c64e87f820,86917962588551906826545,11686739737763288145697,11686739737763288145697,642584
0xed36f31b121c854f73ad2e21e9dfd03bdd63aac8,0,0,0,0
0xc91ae4bf12e06f4775eb09cfad068b37c78aedbb,0,0,0,0
0xfc8ee8823400e50017f91b0922c7b5bc789f9296,134026798443710068927,103924715825180388380,103924715825180388380,111426
0x8a166bf461fd6d42edf1d57630e9c1bebcf15aca,0,0,0,0
0x2e3026c06dbf0777506d2ea9541e54f511693884,978700035408094302681,97870003540809430270,97870003540809430270,864000
0xf688a9989f8ea3c8f51c8bf26a545afaf1b17829,0,0,0,0
0xf5042e6ffac5a625d4e7848e0b01373d8eb9e222,0,0,0,0
0x019464b344703efdc94dbbf4b9d66ff335ab3125,167384577114835153177,16661145683072764845,16738457711483515319,864000
0x601120fbf3b8cf349485386cb698db87da810f66,9165579741054227994364,1239111254134123567052,1239111254134123567052,639092
0x3f8448414951a21cbf7b969f317c24cd28a79f71,50626504987141508476215,5993574688305650655176,5062650498714150847623,864000
0x71b5517df96361679884734b768ae44d75f2d064,0,0,0,0
0x2584d326d3a0d3d47565af66b799cf8d71d17daf,86184443967825475248,8618444396782547527,8618444396782547527,864000
0x2ea94a042461940fb59cc7260bb85342891fb5eb,0,1,1,864000
0xea305f9cfbfec9be5a4de0300273466840a76e23,0,0,0,0
0xa3c9e754032a4a2c315538cf13029e6f99ac5aba,49034816506623966759282,4903481650662396675930,4903481650662396675930,864000
0x69729454c74269ec6476bc4533a3fb5e7d5c2c4a,0,0,0,0
0x99d853a3eb78428d46b48ff9f75b9fb141eb1f78,50034211889895597198641,5003421188989559719866,5003421188989559719866,864000
0x58b97d74c87aa02862d1875413a50b6904de6462,9385273784400761575750,938527378440076157577,938527378440076157577,864000
0xee5245eb1ca0518e1b730e516f301a91eb9c3416,98008467744109568268,9800846774410956829,9800846774410956829,864000
0xc70a8cd6686bed6b986fa04cb6a64736e28b9658,9795492720790967094465,979549272079096709448,979549272079096709448,864000
0x111111125421ca6dc452d289314280a0f8842a65,0,0,0,0
0x31d55c6ebc1b2b4fcf5b9c33362bbe39f8f4067f,242952978137420671417891,24295297813742067141791,24295297813742067141791,864000
0x1231deb6f5749ef6ce6943a275a1d3e7486f4eae,0,0,0,0
0x6a395a420ec9e0f3a6789d8cad1013d385287319,7445574527844206028,1255299144173966841586,983056823132772606,654385
0x6e4141d33021b52c91c28608403db4a0ffb50ec6,0,1,1,864000
0x6b3affc894b0d2d566e5ff03ad79188f1b65bfff,0,0,0,0
0x064727a0d5a99be07b8eb3112c6f792798921bed,339085699779329930623712,42766911385225426266056,33908569977932993062373,864000
0x0f8edb731ffebe57650e34b8331fe8f3784cb1bd,8851369095947761273057,1056462772256340883202,885136909594776127307,864000
0x7d5bb80ee053d94293437e700599f680e784c5c5,22716410657101541960020,5006013958735661225467,5006013958735661225467,392068
0xc3c769395eb95f49e98784e30823cd659f24d6e7,398604332523672066158,97917969077540370573,97917969077540370573,351717
0xecb14c0d0fc162b72c247488e4492a49c78cc751,1017655696781410220171,101765569678141022019,101765569678141022019,864000
0xe39b116033a0a3578d5d1ca8912aaa7d70c4c8ed,57529705355985606105709,9751065320291196728438,9751065320291196728438,509746
0xcec5ff7e2e4e5441d02884523683946f0bb82815,15237182107199965770559,1955214033752067418624,1955214033752067418624,673324
0x9f21ec6d39a7d142610dfac10338a32e65909cb7,35521651142382325119227,4800050452861325512724,4800050452861325512724,639383
0xa7aa2781cbc3c4d668cfbdd87bdd142728a8666b,131200745410698625840,97760701687603370931,97760701687603370931,115954
0x8e1108708d54177e2dd1c270fec0fe4bbd492a82,16347116666462917674146,4280841504130826825589,4280841504130826825589,329933
0x6c60f7302fa49fb15beebfb76a4c937e61471766,29396125014390851,9768558466320652045,9768558466320652045,260
0x9bda90dc2af3c492b7a7e70909494ebc9714b2ec,42550668837878105560306,21907454125357051976658,21870833680910606028798,168095
0x40db81cd619537ac167bc6c3fcff7c088798e9bc,32205172969811491449229,28398348110792929938291,28398348110792929938291,97982