Address,Amount
0xae5d235c7c24f06a14f25f3fa8906d536ffebb57,0.01
0xd789e875eab4160c0b283176ac502d98918a13ee,0.01
0x97d4db6162e2d0bb427e929b79adae0b6103eced,0.01
0x848d47d6a68fc0ce61e234257fa7024c59d331dc,0.01
0xaa404762daf89d4d91ada6c3555245f4ab18dd46,0.01
0xa4da45930f8fd0d7278e87a2e790a41ac6ac01cc,0.01
0x10decdc06ef4e49757febbe692fce5478e381bcc,0.01
0x576973907959ca8350c0c2529635be572726c904,0.01
0xb85b5d1ebbdacfeaa5a201a4491c1b5f54394fc9,0.01
0x0ee94b34d587019b8172b1d09e1e858fbd9b697a,0.01
0x08ca2051adfc16e419a5bcb496c78034cfd86c7b,0.01
0x99c085ca7740105d89b79a51a36ef5767568ad61,0.01
0x090e058942e62a428c506af4b06dc37318b9cdc8,0.01
0xffbc4ce0fe26c9148742c34024911c91c244cda8,0.01
0x5ec17a9b0c01c78a3bc422e9a8fc279b2e564162,0.01
0x9749ea8ff1cc1d3e236879599253b7cb5b6a93e2,0.01
0x1937d21c737d5e7ab66e47523348a76feeeb5073,0.01
0xae1b5f42979f5d66a32e2df99ccf2258f6aeec37,0.01
0x410363e0f8dc190c89980fa9179c0935fa50c725,0.01
0x520f5162c8cf2dbf85769c9741ff3580c9460a43,0.01
0xcff15178629375cd52f579127a03d78b981bbee7,0.01
0x666d6b8a44d226150ca9058beebafe0e3ac065a2,0.011
0x711bfd4ccc5d27184ca110822af2a33cbeafef38,0.01167262852
0xd11eb66a04e2a8186590705bbb09e696b254629a,0.012
0x3265fafbd8e7cd04f4d5f1c015c0bc106bf82ecb,0.013
0xec5a8de8363db14c2a3ce3ad8b5f342c27ff0214,0.013
0x92e5ab701012aef58d803bb8a825d9c592fcb3fe,0.0139419989
0xb84e56cf60dc9a49fb2308b7601dabdac36a6218,0.015
0x9093037edc618524268e6308921bd7a832347950,0.0151
0x5d30cf7ca8d2b943c54830880700353dafea59c0,0.016
0xe8bb2e08e6f52f11d8b65e2a3db772daa60e117e,0.01630721877
0x8ee155f99e60e7cab569f08cabd7d34336c30b6a,0.0165
0x0600b339681f2a596fe46e76e9aadaf78b86f264,0.01692480303
0xe0a4f3aebe9b097658d3d45dc864f22da7f95cdf,0.019
0xd2b2d95f4506f90c4a86a17a2b5738f41c9d652c,0.02
0x7decd5d1d9d8d68de302427ef420abcd8b3ec6ac,0.02
0x8bf858f2682bb51733315a2206304c3a6599affc,0.02
0xdf1ca8a26b733b31f4fbabb8633eb863532c9722,0.02
0x370891a90ab0e69fbb963234a29d024dd74ecdfa,0.02
0xb62127c0dfaf612f644cadcf1c8e0f64ea0e244a,0.02
0xbdd9c620f3f0fd9e5df0c3b455a11c580ae43e9a,0.02
0x65a06bb61dc096312fca780a0d7b38a97edee4fe,0.02
0x421688947af9959368d3d96440631808cad4ae7d,0.02
0x6bf72d183894de3bd5ebaf7b5983d7c778c82299,0.02
0x44c87c7a801ba3812f288de1660d3d9af72bc8cf,0.02
0xe12a5e08b117fafae088925e48e6e0667771df84,0.02009972655
0xc6dddf8d27ecee3a10ea781a4f4f066fdfd66367,0.02020208194
0xc6d84b7333ccf2db3362f5acd944da2dcc304d06,0.021
0xc4ef964ba958d4b2481a2432ea3bc7b270c57539,0.02251079145
0x60ff10f3037254fa8c88876199c067ddffdd5b7c,0.0232665
0x6e16cd6110539ef663b335b89803434d9182f302,0.025
0xf74febbe48a7cba4855d285131f46acd9745f6e7,0.025
0xf3fcdaa6821aca854f97704d40d3acd78cfc15b2,0.025
0x970c0892ec35d9fe5f1578fcd98d84bd6ce68575,0.025
0x9dd8061d5078697d8d66b49c7fe299e3b6cadad4,0.025
0x592831489c4a9d64f3a381b6213c77c6eea98384,0.025
0x73f7c7e37e7ff57abac15422dcaa2f139d6b80d9,0.02952461556
0xd6e021595dbaa65338a15df4e6bc3fa480a106fe,0.02974
0x2fbaa56037e785ca44ef08ea94dca8b0c0b1fbe3,0.03
0x97ec0f62dd4171a473a4fc619951ce7b4c1300ff,0.03
0x53d95dad66444b9b833f5cdcc14c92c4bbf014d3,0.03
0x7e069e32190c19014123448892dbbc8b4ed48542,0.03
0xada531ac2b009854891b9b4917a4a415b6fd1d4f,0.03
0x4e251d18e8f77896e79142d892f9aeb5dcec1e68,0.03
0x6e197f6a971364d0b798246d8e9f748a622da463,0.03
0x519e9aa581e8a00cf4aa51ffc85b5e2bd2beca75,0.03
0xe0b2f81da85973d8731190c4da233bc1aa730638,0.03
0x3a5357486144f982a4edd7fa390ec8728b4568c5,0.03
0xa9e0d255e39b223130e37fcad76041663920e4e1,0.03
0x119856342bedb7ffd7b73443556e29f290e8a6a9,0.03
0x7be95fa89fc8a3ec8d2f88b454b2d6ff0c9717ac,0.03
0x61f74257dddc0184a685f9c69130e76f08f0c0fd,0.03
0xb647520555811e90cc6a2527972e0d9edd57980c,0.03
0x2e6b2d30656135d3a43c5a34f857d7c4299b0193,0.031
0xbf462e1be9f958ea3f24c9a59df5d79cd7aefba3,0.032
0x6eae485986dc92768b8640aaeda20721c4ab91ea,0.034
0xacf8295c5925890f1b6035a16e78727eef49379c,0.035
0xd599f399f579187afaee94da10b7a59aaba80d0c,0.0379
0xc1b7940673f39e3c079a057d8bce10cbc3253e6e,0.039
0xae48c8e13f97324a33371876982d0307db054dde,0.04
0x67dad345b5dd9220dfb049c6bf9036b50884565f,0.04
0x359904d20e606c24062ac56f61e3ef5f0bbf3adb,0.04
0xd35ee3a6966c7ee1354796d95abff67dbae6c3ef,0.04
0x9db4dcb8bc852a08bf98b99bb2328c0a96ccdb66,0.04
0x8502adfe5318f0b302b26f3ca82385994a63bb1d,0.04
0xe677086f485e8bd47071b0dc545a6e9f480fc433,0.04
0x2afbc6827c4266acd674c2fe931750b0a3b04e56,0.04
0xd454d4e1bbd0593264ef9abc7c687a1a0ab4fc15,0.04
0xd8fac3d0ce687b6e45da5ee165908483b1098ac4,0.04
0x6db0bec0da1194312693b0bf54a2b516f164f11d,0.04
0xb646f828e6c03e1639b8870e6db52f3161a49c53,0.0404
0xfad1460bf39163f39b362c941c33fe3cc2b06c4a,0.041
0x5e561d6721e6437e747c959ef3ce1a5bce25e9b4,0.041
0x1a1a4c0437f7a993837dbc32de2566ad3d5a8b53,0.043
0xf310ee6767cd2faf8ed1f7f951b1e5fb3fb47bd0,0.04330074551
0x8549b50032db0d7bd5eefc8746a2b6afcb5c1120,0.045
0x6022398a0a18aed6e16ce5d2d698f33ca06145db,0.045
0x46345207af256726d1d2a4a8bcfe70c2d446a147,0.05
0xa3d5ec6ac5fbf3048e0c4e62ed62cd20958c68c4,0.05
0x25e4059f773bf93634abb704b3a0fe19ac6f7433,0.05
0x18e03f91dfc09461480fef6edce9004235df3e70,0.05
0x40fa945426bf3a7b6103f5efff1436b3e6b81bf8,0.05
0x67097609faef3f72d22477f1c9de7919d4f6178a,0.05
0x787405fb5cb5984ee143d4a26432b01f0d9d4dca,0.05
0xef4d425a44a6cc87869f2ac4350e5de3d0413a88,0.05
0x4c0f844d663c5cafdbb1dabe242e0beb007f7bd9,0.05
0x6d209448fe14562494b03653cc27773c8729d232,0.05
0xe5c9ae80ef818fc473fb580842d438061ebeb7f6,0.05
0xc666e765edd99e3ff302ddcf8b6fc33f781d556d,0.0503
0x20e5df0f35abc1d1aa11bf556d8330e3ff34507d,0.055
0x7726ef17bc47122e0cd03ee6abcceffa50147fdd,0.05805275964
0x0b869d381324104ee3eddeb6a4529fba588aea07,0.05836782
0xddb8bb7a3254af1cb107487be1484fb302a3cfcf,0.06
0x4e670ae4e3d4aa9302537967577f055e9808c524,0.06
0xe2d05e337c65e4bd176e0bdb596eb925984981e4,0.06
0x9975ad2b2035aa176068152f58fde6a93aa92208,0.06
0x65b8a4c525add28a1c45798a04021da3ae132842,0.06
0xb88bd1cdfb22e1c1fa39baf20f385a05387c4f46,0.06
0xef9878e92763a6f04a790f1d56c11e3fa92ff3ca,0.0614358089
0xfc8e47857487031e11284a1d492c98f68e6d3a14,0.06498188408
0xbae1c767746c698e3b40ad2453cbf64083f60a58,0.065
0x876576146216bed660e1978e48cf18d4994fe0a6,0.07
0xeedcf51638409dda2499f7675ec9b78c6329fb4a,0.07
0x7b0a9ab2f6f05e4f05da936fd0b8df7c49e21751,0.07
0xd42d88685eff9c420558d14d6f0ff5805841f20e,0.07
0x97d565c6136b99565a4507e4fe463a129027d7dc,0.071
0x075b9249db63e6d14141d400e5f8e909d85ad5ab,0.075
0x240b53923d10c1d9412756a448c0d6bfcc48c698,0.08
0x9bcd26a5936d7d956ff9bbbbbac18e173e12df57,0.08
0x164e4be57c517a87eb7fff35eaef73671a7eb778,0.08
0x2c90198bf76f006f7d0b3c7bf470869573069aff,0.08
0xac615946e01df7ed1607ada2062ca0fd3bd6da37,0.08
0x364c5d3f308b00ca1261cd4999e4f4b4c54917f9,0.08
0xb3ea30d7ce8b5b15c9e28e86a50f67c11c420d6d,0.08
0xe644dacc1178c8fb5ea5c0dd7c9b18a3273a4b8a,0.08
0xdc8d4d210ed7a1d167d8f98933bd30e6c3714e84,0.08
0xba33f518868b6c04cd0d32851c07d1307f5fa175,0.08
0x77b2fb6522270c5db006a07c2f28762fa7966bb0,0.08
0xd4af30b39680b642bbf276a2242d064046e723ea,0.08
0xe80e9106fd2f4c88c8d2b71ba5d91bf0e89505bc,0.08
0x4595d4191b53de788d7766f6f01eebe7525cb2f0,0.08
0x897ff5b51ae8d3e091c01acbe14a90f1adb2707a,0.08077508006
0xc62322aa8c5923db06266375fe71e59a364be1f9,0.085
0x854076e88ab1b81ffba40e86bf7cd07f1c12991a,0.085
0x2cef3c7a8fb504fb5e96fb64614f406bd8f8a7b9,0.09
0x896f63d4af8165bf124f276bdeb49ab180359959,0.0905
0x1af0cfb38d7ff60494da4b0d61dc728e157f5189,0.091
0x626f41904d2c1139dad60bf2f5b01712b7cba14a,0.0925
0x4071147abf0ad7646e7a3d8590b7357a7a57eb1f,0.094
0x1879680fac29918363ee45829ea4a7e9bb8ccca0,0.095
0xa1025a7d6a0335bebed7c8b98694a07c5effd2ff,0.1
0x3b77a86a2becdf67a246afcc30f60b7319ce2a1f,0.1
0xb2ea6e7f41529a42c5582cf1cc13d5abb1b39748,0.1
0x4e13318d066b7d9d911ad97bc3dce73f955cb9a9,0.1
0x328809a567b87b6123462c3062e8438bbb75c1c5,0.1
0x7333235ba40f0d3dae7d5601698061a8cca32c4c,0.1
0x44859b61551d3ba7a67a6953846f9b6b09491c9c,0.1
0x3b312a1496322f0c3633241d85a59ae0889b8150,0.1
0x7929e033554d7d284d62a2f33856df31b4089999,0.1
0xc6cea3ab255d285650dde82530dbca75e0385dd9,0.1
0x307327bdacb9592124c814e3d1e5155b4bc92e8b,0.1
0xf8f90e980f54bb2705e7b0793b4ca76f146270b7,0.1
0xd2abb10d1c4a48b8ad5ce1229c1b8e53a87bcf47,0.1
0xd054cdb110b4bfec8995e36af86183dbc1fe71ce,0.1
0xfd2a009cdf8b764ba749435f0322dd1f640a2131,0.1
0xd94ad07955fa0d02f8c466820643b609c3734f5b,0.1
0x3348b58011910f58d1253bd3831a4ff08f71a1c8,0.1
0x6b8daffb4726b17af133162a69baa6d9fbc08e43,0.1
0x17cbd516166720b8c75fe75235ed0218d9cfdfbe,0.1
0xb7dd2e136e8985a524f65f8b4cabbc97f0b731e4,0.1
0x9ff7b80151d7ed937490968a8e933246b09ea0c3,0.1
0x515d306a92e6e9a0b63eccd8795e1e275444632f,0.1
0x7b4ae6afa3b8266343c6da899d028711f99d3f79,0.1
0x19f77e4895de96f029c4a3c9e6117daf8fefbe15,0.1
0xed1cc5e321530a32db8ad7563946bb8594543360,0.1
0xc4df81a3bf7251f747330ddda89d87814b94773c,0.1
0xbce83108bc72565db518172a578a497de275eb36,0.1
0xe9ab9c9f52a5cf6a0d544a354543e11276bea954,0.1
0x411bcd8bd0e25854f5d2f0bf9ae4c7057b618812,0.1
0xacb8c8732068b38a96778177b9f05f2f3d9c7771,0.1
0xf1360b194fe6a3b5525e6f7f244d3ae8416fc860,0.1001
0x3e62ba9315c7b323ba28fb1650155c3ebe2607f1,0.1001798012
0xb27482a914a651bc5eaf953d051f96fb213c55c7,0.100213398
0x1e40c8f30f50cd86676736482c2039f5af88de4a,0.1003362399
0xa4dc2788bcc832095bba2b148a5d98d0dca270a6,0.10036
0x4c52b9924d35307cafb6706446e51a5bf13fe693,0.10041
0xc422bab9db6353291c56f3c836fe8bca0afdf2d4,0.1005011654
0xc37c9a33944d95ea797992d6cb54cfd3f61cb365,0.100581
0xee2705b2f1888fc8faa58f213dfa2d004250dc02,0.1005944
0x530edb36cf17ed667ec4edca9529012960e13d72,0.1006077195
0xf3498a8492272a163966a1e9c2fd753334c92cfb,0.10072
0xa716c2ef62b60cf82b8119947030ea7e26a39908,0.101
0x1bb5d06d0099d386e38a57169df40d2685fab44e,0.101
0xe738d9871a80e613b48550f8450bea36054ff299,0.101
0x438075369157c9fb0e7843b203cf1e668e1672c5,0.101
0x459d8c4e0b0e9939c0b09bd86c0449ce3489d443,0.101
0x7c55f23e108f4b1a31261afc7de89c3ff28b615c,0.102
0xf868e6b89a7ebeba3537be59dd83bed343220e93,0.1034
0x5a007009273d8be03984877cb8ee1c18f28202ad,0.10681
0x04d553e52d8d4317e9efae6769cdc1884a606d83,0.11
0xfe0124b2a8c908de0931437b3431983778860016,0.11
0xd733198b2aef308ee346b4758009ccb83aa92e47,0.11
0x7f0f0d7f4e99a7722f8a4076727a66ed4c6609bb,0.11
0xb535b34af75a19123276a3d5e6b4172becc45186,0.11
0x160f713d638f7c849f807b97c6b71a3581b01dc3,0.11
0xbe27778f7aa45b685ef1cc03f8a8f0a3bff5fcd9,0.112
0x6d7ecee9d08352cf041786a108cbce504c2fd49e,0.113
0x6346a7ac5cecd30552f0243cf975ce8a171a33dd,0.115
0x2919641046f356a2cd6f16a77f17a4368fa2b174,0.12
0x955b4cd4958df9c144510a73b0deeb1bf8da3661,0.12
0x3d6ae3f50a4bf48c44bfaf78e3fb73d8418efa76,0.1209334284
0x91e014dc65a91ecf33a798b5e5d8c0ef12b9d1fa,0.121
0xea674a71619ae534c51e685fe92862ed5ada0e17,0.1222822567
0xc7e944ef38ea6170fe34b4401651932826349df2,0.1241989508
0x3dad955968d8ff3022c2fce9a1eda3deda18997e,0.125
0x0f09f84bb627584ea4341da93548f4d1b6dc1244,0.1257188153
0x50c8b4887e412463dbdcc1a5cc8b4ed2c64e394f,0.126
0x9f1eaff420f6b0ccefff4d579665fac4c9dcda45,0.13
0xd68c4042d7f05a0f8bf5e9a788c2e63fe4e07dc8,0.13
0x42355270fa8c45a0bb50980eebe633d1b476200d,0.1324
0x6e1a61d1ebfed848dd916939cf637193bcd8236a,0.133
0xc85fbc18da768642b31fccd34da16ac46ed4930b,0.133
0xb24bc0373b9a976fa5a7298f9aaa3a7bb84fdd3e,0.1351
0x9debe92e2af4d20325a8f23be62e47d7ecf3f81c,0.14
0x23731fce461894cdd2b0048b18861db5b6a7affa,0.14
0x10a2f3e94d79f4f681a0cb52ef3e7c18bd792ce4,0.14
0x2e303e760025101c53321c09d3fc659c6feedd9f,0.141
0x1841cd0164218f107ad242cbe27bcf5bada92d71,0.142
0xf28fdd5025f6c7607dd65fd6524573e5054a0b58,0.145
0x476271caea9db55a645ad498ad1fe6793dbeb601,0.145
0x64d8a063c1ca4a2d77c8ac455fe1abe480c98f72,0.145
0x6b8f3505a3d1119da626f05c31dd8d39cf15e169,0.1462
0xf03f1e15b6cc0e6d4f68a0c406bf6b24de69b9d0,0.1474
0xe25f5f84e714f733c6d971db8cf47780084cba39,0.15
0x79786c90386cb3a1d71ee330658796577f74605c,0.15
0x1ffb8378d1ccf3ab0d35a5968bdc2548c6f6acc6,0.15
0x3b4130247009f25ca9bf805f72560efac7cf1e72,0.15
0x572401335f846192c7efc08fc9e648ee24823fea,0.15
0xb18a68700ce1b47c4bbc2deb6a20a1328df2a201,0.15
0xa97763c99cd35b9c7efde6f60f30e1aa2cf11555,0.15
0x754f4dfc31f0e2b639910ded8ecf7275f5ee90c2,0.15
0x3f4b57dea00ee33e2a175d37464dd816225aa42f,0.15
0x6c1918e0a0ff046bc505a0259951619d84ad2a4f,0.15
0x04cabdfed8989293b429d958271dfea897d73737,0.15
0x6d4aa5ad351c3306ad14eab6e70fa865b509576c,0.15
0x02ac4d70bbc1407d747f71033164cbbb0bb13fd3,0.15
0x35c722ebc25559e124780be0cc7a0feb9fdad91a,0.15
0x24339d425e11f31569acf4c9b049d456d93d3af7,0.151
0x7e7c3165325536a342f94e99cb29905b13c447ff,0.15123
0x81337f990c5d6dad73ea8b573b58aabf1fc2a9d2,0.152
0x792f952e26c6490a46a1b647d791b7d7528441ff,0.152
0x51adbd9cada5456a414af863654b37e340faf886,0.152
0xac4c2c4fd6a42fcd8e58d620601ba9724fd09467,0.1521
0x2237755b8097c9793605e120affe9a034c98b1f4,0.153
0xadf333c358e3369141a39eee745edbc8857b1a97,0.1532
0x5310685dc0e55a48118034db315dc941130e3442,0.154
0xfa669c171512b1c795d6f2444d5d79e2d83c5ebe,0.154
0x7de11017193ee8674a07c7572ef8fe2b24e78b03,0.155
0xa092aa692214c56f73d4df31a0e335cc020c5075,0.1552
0xf9ba0c345075e03a3db418c57ab6d41459a80226,0.157
0xd44c2ebec4b90ddadfdcfbaac36799306b8808fa,0.157
0xbdf90e87a7fc0e76c91e6f4afdf184bc8afbee59,0.1572
0x068b368ba2805ce370d0c06ae3b9063fdca33200,0.159
0x5a9463588b15981058b0cf6bafd4eb5172877aab,0.16
0x70426b4809f7c1fe4e227f7ef04fc7bca13d2821,0.16
0xfda7444b87a66b31661ae45df9f5420a42d6c94e,0.16
0x45cb716c4011b960e01a7c7a44830ef25901bf55,0.162
0xa67ae3c158868cc02497187193a2c2af80abe60a,0.163
0xcc1c2a5c41796282d492b67a196bd92364de060b,0.17
0x2bf58337fc6d1997e9bc1cd19b1f1d992cd2c5b4,0.17
0x2c1838e62a9f4ab8769485052657f28ceeef6f86,0.17
0xe51e49f77f4f8aebc51eef38941f5d04caa2cd28,0.17
0x57dbb145283c9a495624799709a1bbe34535db7e,0.17
0x5cf96d2305a459327884d1b7318429206cb3f4a3,0.173
0xe06f602df5e15ecfc6b007988ae381a3d2f2be38,0.175
0xcccc421e63626a1332059fc9fc9f6a9c6ca1cf8c,0.175
0x13f5d5b6642379791b20a099dc387981bab03050,0.18
0x4bd498c56b229e1bc73741fc742def0f6f01a433,0.18
0xc1b615f77f350e598faede0a1a43549800f81881,0.18
0x0161dc8a74651f348f2e30a40f42f5c0df6d0d2f,0.18
0xa7c74ab2505111e7c690daa68013fb2ce40900c7,0.18
0x3b6cfbca1e0c633c1e51223bbebccfc3d74503e2,0.18
0xd91cdadc9c11f3de8f53586957ec1d3113cc83a7,0.18
0x53d6a661a0526d0d57de661a18a337cde5372688,0.18
0x500b5cdad710b4234d7963386c7520ab37c71ad1,0.18
0x02a3da785806b9a0bd01247c3fa75244b690d9e6,0.1806449871
0x920f6d9f3ea8407f323ae44e894b15bdd3e94b1c,0.181
0xe92493d11a5a338458c84c56a42da070b9b761f0,0.1815603011
0x85e64d7ade6efb3a0a8f70bedc2d59f1b5caa595,0.1816314159
0xd3a10732748f8ac6671c9e30e70695f37fc8fd72,0.1816782041
0xb8fdfd16af795dacff2ac823c8ef457a3aa27201,0.181741327
0xa1e1f1cae9edd632438298efe7d40bddcd0e0fcf,0.1819071327
0x457ede8c5eaf7b77339ec3540014036cb47106c0,0.182
0x30e007a891d00fe5424b4ddb3ccff0e070bb672e,0.182
0x3e616d9b0cfe498f78d08f3b7f7f645832c3a3a1,0.1820133881
0xf3b15b32b456fab5d0c9cf841e40a2e52744aef3,0.1822386316
0x31302428e573af22e29e0f16ab0c39e939474dee,0.1826566078
0x4b7231c86ab2a5e7626027347acb39697b33e723,0.1826913345
0x7741f70d5eea925162ff1317b9eb76575bb12025,0.1829104533
0x012ccc5c5b952b048b613b1bc8a90e6bf4d98d8a,0.1830225195
0x81a7e5428c0b95478492b594cfc01a037b701c1c,0.1832364675
0xbcd3d0c6f842bf19e1a5e3ae4b459569bfc4704f,0.1832639
0xd2185e8881ba4c256e334c1d39adadfa69ecaf4c,0.1833871339
0xa276a821ef4c38e2069135dfa83a78ccd239a259,0.1836490949
0x41aa1c1427f59109f0ba9a1473aadb0274456266,0.1837
0xfffc32420bfc902932d5abfaeda974dc106e9f7b,0.1839189162
0x79c0159ad2a1910cf998e8866f76401ea3002dc2,0.184
0xbd1a2ef9a113fbd73bb8e3e50e5134d0a9cbb449,0.184
0x8d693434e1def961c3c60660a66144e14af5dd05,0.184
0x99c014b842dd3844b4b33c2f9e399fcea7d78fe3,0.184
0x6f523cc6b62e06d75e571190c8ce5c98d46ae2eb,0.184
0xb424a1f88abefae7bb511dc399055ee2de699c53,0.184
0xe651cd985c9024ee6a8f48ece6a1684aac596336,0.184
0xfaec36156b0a8577fb510f3fe1b35ac167cb7c79,0.1845
0x8331f0ca988402c8eb0a197b9db9dc54f1892ae9,0.185
0x597a9168bc77f35ee3155dbba75e18ab95b77dde,0.185
0x7ec3bc8339650d4575b4486be24f60f30c2ee0c0,0.185
0x3a6303fa8cbc1a10d0596d23c1a449faa19221b2,0.185
0xa68d90b6de8b893638f76c7a24b643bc9521f3f7,0.185
0x226fa571518535ebe70e54c1d00f8e968ef0df37,0.185
0x1aec6aee930095436af6c5d13008bc45897b8854,0.185
0x4ad334eb58f7f982793234f230761d69332e5600,0.185
0xf92885d264858e5051643f0e724240a324851e1a,0.185
0x243934135c8378679c699328177460e3c7b5e4b4,0.185
0x27e307272df615acb9f57dab067b2dfc84a7c36f,0.185
0xa0cfae562dedfe47bd94a777337191dcf17d9803,0.185
0xd22bd58ddcb699ae46e99f97b9f3b235cc2d1e87,0.185
0xe39d943a813a446921fb570be5253ecd0196ba1a,0.185
0x7b85dc909546a5d7261935d994214473454ebdd9,0.185
0x70a0781a198fb675603c99bafa53e15fe1d5a19b,0.185
0x8e7d51c351437e16ab4b3bab94895be8c6f675af,0.185
0x0a846ae12ea1e0ef6c563eb462914a978888e36c,0.185
0x1426b40107c639f360f4ea6776e33b492399f8ee,0.1857109178
0xe718418cb33c234ff290cf549864af9439d72a6d,0.1858657709
0x6bca8279a46933aee2a42153c994d21040cb21df,0.186
0xc57194a34f34d93294f096f410c53e0d6afee04a,0.186
0xb48eacff7f4339d869109a9648d32b2eb851cd2e,0.186
0x622f43e9e7c8374e0e3dd6bb607ae6027c638343,0.186
0x8d647e18ed5b3b9cbf5df0a86e7b30b22481b63c,0.186
0x04ccb1c421f270789f9391df87b4119700b6cde9,0.186
0xd03cfb6955b1d43779ae914f3fa52888d5f91143,0.187
0xd24002f54fafa62e6636a585719b2918636b53ad,0.187
0x3f0bf6fc13201c123a882a7707e6924e518d0e16,0.187
0xa2f6bf67e34a5b6759e4bb4da9ae6c6c3d8c666c,0.187
0x52f5107881f8b3ce4e269221781688936ce85c3f,0.187
0x0772ac6cdfd016a82633e8753b9cd6d5656a263a,0.187
0x0c7de2bcb9b0a5e2f8c536cc7b5192acf5c57327,0.187
0x7b766bc6f33b9e3db2586135d8bd82a66cb5cfa2,0.187
0xbb09754e6b083e58071388011c72405e43ba46ef,0.187
0xe3738352fa5bb0abf9406cab22d1b00284cbb1dc,0.187
0x18e622707ed7a7b7a21486bb83ab09c9b6e0f2ea,0.187
0xb3d0fc420615f58e9042c56ee171149659913f75,0.187
0xad72ce7d8b120316493dfe5eaf5505b9d729a1b6,0.187
0x0e1773a2853a001694637983b9572c687e1ec49e,0.187
0xc33ce61db3e49552714032d2b3bcd4802ba16168,0.187
0x3597e72c874bec2700e96eb5f814faba07fdc33d,0.187
0x12d411ce995cdee0f74722dfb3eeb245dc872448,0.187
0x5afe75acb537df1ec8ec1afaa6de640c72570d3f,0.187
0x4db1dcb4b93bf2e54cebb82a031004891cd4adea,0.187
0x1a87c008bbefc127fe73947134b2ad8d0fcd51ed,0.187
0x4d57a10bb919a6e107028c955db8517ec5d7679f,0.188
0x7fc0b19aeb39f7091ab418ddbd04ead2edf48992,0.188
0xef01638914b6e3a8dd00fb2c3402a41d86b3f1fa,0.188
0x23ab7041300fe42e5fba0b05d1fa475eb42a5f58,0.188
0x90a85e3fd0f676ba365b33be1b3ace7d4649159e,0.188
0x979f3bc7b3020fe34873955e63ff204135b20808,0.188
0xea3142a14a0e23adbdff85f8d63061c5649d5593,0.188
0xab26a47f3ce9916720fbd1ad1e1800f278a9c1e8,0.188
0x72279cd24cb1fcacb50aa20b33e813cbb0b8ccd3,0.188
0x71495fbe5ad9e699db82cd722fa1d25cb254e549,0.188
0x612b0ebf8b0f3e73b2daaa0f43ec86e7b1aa6f7f,0.188
0x820ed88b5436fd5835a1dbbcd662c971f5262558,0.188
0x7bdf2eb5d5d8ea40e08565c6038ef979394d2e2c,0.188
0x198f18af1f3f688747de294beb4be0b7fb10d2eb,0.188
0x647e89b98ea01e04ab299c5c138f90644eb934b7,0.188
0xdbf68c911abc4fab991c33b7e3f54f2b1cdcc0b1,0.188
0x620c0dbce51ff5a49a9dea6b14d141d84bb3e1e4,0.188
0x3211e3b37d229b2d19925dcc29f91368f37243ae,0.188
0x334f1e03eceb8f1a1310e52fba3ffd8478bf5005,0.188
0x86bf29aae039426d3d8fa154976418b276ecfefd,0.188
0xb2bbc6bbe6fe38454b621becc65f00ff7ad8deb2,0.188
0xbdfc351ac87080081331ee408f03d38aea9cc061,0.189
0xac0b0253e77c694c355135a9a6418b29b21c4626,0.189
0xe7a37b95426e3703517d157325e0bbce37e20a00,0.189
0x52365b92db46c1f5f10feacd49e4895007d8fc7f,0.189
0xfca6e9239a03a18c527c49438d71c31c4b1502f1,0.189
0x46e7b0d23ecc30a5438af1f33b880e525d0c29c2,0.189
0xf3f09a42c9314669a20f117ec5176cd7e90a6f68,0.189
0xa5635429a18484abe215b5741d165fde7cceb06f,0.189
0x46879c4694e9f59399c11a2daf0b0c1ec19b9970,0.189
0x86d5ae037c8d6453bcaa7fe539fb9d1e0c296f27,0.189
0xf07aa59ae9eb2cd0950ebcf958446ea8bf37abda,0.189
0x4de457985eabb638f0287bcf0d07db5121b54fe8,0.189
0xfa058e5cf2cef8f6ce6e20b8e5bbc813a3bccf0d,0.189
0x87ad8a0d9804fc30887e16b25851a449d622bdff,0.189
0xa0074b87dc885867260ce97c9b95d532bb145cd2,0.189
0x05c0a9c1b884ae27aa50501b47e520ff1323fae5,0.189
0x4eda3343d8b115f6d05579ff5f01eaf2722387e3,0.189
0xb7a9b348855a69ec049f95a137eb0e72170c4c0a,0.189
0xe219f2324459343110c15e0444f8d8f3a2905242,0.19
0xbe6c5447423aec564e595cb00ce022c624d0da8e,0.19
0xcc0f695b337737e248e0d490b17dc99d097db7c5,0.19
0x92bfad02df7c9b3183d9e9872fdc44be9e2e7f09,0.19
0xfa9c7b9251a6bd2fca287d1bc9bb28392039a6f5,0.19
0xf07d08802bf3a3b3c27489445175312df9e123ed,0.19
0x2181d418d39a36db478eba947ec26d646b7c6034,0.19
0xa59445920492ef791654ca0fb76e098d09cf5029,0.19
0xe5054f9ee99e13fb6c73daff3d2562d2072863e5,0.19
0x934d58373b6af215cf97e920a44a18fd84c78482,0.19
0xe953847f5daf2bc04f3ee7e7e01ff79598579327,0.19
0xfee032329ae4a9204230cf56786845cdbad815eb,0.19
0x16564ff18503d4f3e38c1e1d1847b9764143890b,0.19
0x46e55f65910f901020a0684f76112fead0335ff3,0.1903
0xf99d4c3479360733cf72ffc8e0b01a8820cd1e75,0.190702
0x2e55d6a40dc54cf490daeaf57ea42e56f2b34c1d,0.191
0x1950afa2f94806f8780775f36ddee93ae8f42ab7,0.1910131614
0x22bbe9964531ab6dfd50f509a0bfda8796fd2c8d,0.1915
0xcb5fc0ad3f1ff5d51db1f6ce9f39d6d1b8b1e248,0.192
0xdc279f702713010681896242dcabf91c8486864f,0.192
0x64fa856e04533f5ed92914bfaac43c08363f41e0,0.192
0x6216ec52d6e0d206925b20ff173e53ff3a927419,0.192
0x0e8633d9f4b9f6f0bb2045c2e27e00383777224f,0.192
0x9da15d3ab5681eceb5c8f822b32a202775c501c3,0.192
0xf7768184b458aae73f45af1f27de25c143920cce,0.192
0x883b9f52bb30e418467095e01887a05bdcb3c1a8,0.192
0x75d3e374e79873e605f99419251485ca546274fc,0.192
0xb57fe2afde2b392da355fd2f08d8470db970a469,0.192
0x3811972ed499f7bb8014e2aff1d4d51cd388badb,0.192
0x798aad58e723151f7381a71f1aeb96fc4e1a4152,0.1927423281
0x4d5dfd93f402610d35df024a0e76419b6dd2d0ff,0.1929284224
0xce6266b006f9726e810557a1ed2c9f0159ec71e4,0.193
0x6a57c43f88da86de4d67a048bbe8d574b7605ee8,0.193
0x12ee4b8af7b47e603d98f99015acb3b9c5aa0a45,0.193
0xa2361f6b56cb95f043989ebc93e88ce36af2410d,0.193
0x7898bb6086ae62055cb6c0f2478aadf5e7a267f6,0.193
0x79beda6cd284a486d01a53692f1f026214878624,0.193
0x57900b68a7d7b92a1ddf3de56e60532d6e16a3a8,0.193
0x6e51c287c0ada58bd5a54ace8876c5a1ed0262d1,0.193
0x41a42dce8f5da7d5742b5e74dc8e43eb4f526723,0.193
0xc6e7f236a6e51a329b97cb1fc7648951a3db2511,0.1935629304
0x0f13b58a43c47115f19fe4a51f81d93f877dc7af,0.1936
0x626dc6b4b98df3321648e90d4ac79184dfff9b9b,0.195
0xe4e46266403f8d3f70b4fb32f16cf079db6aa83c,0.195
0x7d5ec7ca89aac679ada6fc42f1ab608f22774ccf,0.195
0x824419db137581d65fce8aa0589ba9188cbd179b,0.195
0xee33b729b8fa284a369e373884df03a1e3d147e8,0.195
0xdd24a92affa03a38500a52074b9eadc3c77e1231,0.195
0x00d629f6f7a8adbaa6ec42bd0df911a7a874122c,0.195
0x676035cd66ed259d7b1af7d1d9290b8bd422cf73,0.195
0x48a66500777ab8e1d3cb86f85ba9556e03f74a75,0.195
0x7f8b5d94636454464991916cc79eb4f62acae9c4,0.195
0xcd896b2c8d3990c073c79cb3457188510ba47ac1,0.195
0x5708038e2a34197a49da0ce47fbb78d53debcfb1,0.195
0xb52d897fcab1ca54b56f443e33e0028224c52f12,0.195
0xf4fb7ea50fb5b7fd8efe679de37940acda848cd4,0.195
0x676359ad0b3ba1b2eecdc0cee1f391e54358814d,0.195
0xda2e1e1d42afb5ae83f777e5c6d965d884bc7806,0.195
0xa3f6056a5b3741f9ca7d9d6c64fc483b7b9180d7,0.195
0x25ec31ac2fcdda7c56d6856533dea627d941a282,0.195
0x4832fad1888a0a37bc5771eee68d22597530d4de,0.195
0xbc0548e30f56e2e6035771ce97ba66048430b678,0.195
0xfef0cc1128dab75b42dcd8c15532533cda83359a,0.195
0x131487d4f3b5e3654cdb20bf4a24a336791c2b34,0.195
0x03a4ffaaedf613e7e7a7c0cb4ea729114599a983,0.195
0x3f149a00c3ef9656e7e3f45466779101f22ef809,0.195
0x2c4c18f17b7a6f4b759113ebc4b8246b4f2c61ad,0.195
0xcd3def48ebbbbf11d82d5d99765a9db849c62611,0.195
0x142beb8b2ada5387afe7eca26d24f00c2912bb6a,0.195
0x21a0bf62d489a54b8816fcf0b14c2e30f38eeded,0.195
0x32580c960516b9038ecd43bd154cd3854e83f2d5,0.195
0x3d284b50f1af3d478ca5cfc4d7ee0af3d30171a4,0.195
0x564410172684b8f8fe1c12a7db95f17796b27dea,0.195
0xca8afe1e23b8f040af4bcb073202a6c4aabaf6a6,0.195
0x746a7b4581f79be32c416b66cbc2e458f05dbd09,0.195
0x5443507f766f96aae0ce52b576b969943198a871,0.195
0x32bb1d1d5509e248c7d9fdc7b4ebe752329e0446,0.195
0x2a35e241404a2a2f7d8b2f94121ddeb46ca8a785,0.195
0x37893c383ebdc475f87d8ecfc89f25683db2bfea,0.195
0x40732955a84f3b35f114959021cb1e6b890b7c3a,0.195
0x989e34709e77721b27db2c25682dda38490f21aa,0.2
0xee8eadf00067c0e8a9d9c8ce3e1c765cfcfacb14,0.2
0x6f4f8e0abf10dbcb9ac12a40c9d4197dafac7a42,0.2
0x56bcd5fd4b5eddca696a82a3b4c507ccaddb1373,0.2
0x8882d090d134c9e1e9dfe26ce091ccd1d3deb5ac,0.2
0x8e94652c65a799ffe05ba69de06a95cc0228f639,0.2
0x6256af47cd6b4fbbf8c2f194d006068d3d4260f5,0.2
0x477722665740556f8995af742a797cb5c4a5a71d,0.2
0xec65282d0dd14f3434ab44c43c3f59c54789929a,0.2
0xf4b470ee06adc83cd1f5805392458be5ee5d7fca,0.2
0x5cabecffc115ee107feb458f6cea33ca2a479b67,0.2
0x027e5e4ff78c17dcc546baadd8b0d50142841002,0.2
0x4ab0e6d23c905cd3156b0bdef09be1206a8e6ea3,0.2
0x1f9e5f5b1ea96b47d15d3f62d6a3a79b79d2ed62,0.2
0x1b5ec86109b3619b722b668ad282fcb31c4b1b13,0.2
0xd8d60d111b31efdadc5b2ec25e715773b61015b9,0.2
0xbe345ffe627f05d2f22996a41093ceecfc1eb15e,0.2
0x03711cc3f11f973800cd30d74c6cec543fd10896,0.2
0xf3dae00f9f68aa2736de17a946d75a830383ee50,0.2
0xba43bbac2206b5db3eda1a2054de7c7d01017f92,0.2
0xb9963dadd6e4ae6511bb8b2faa447f232f8beb4e,0.2
0x07366181606fde1ed8e53080a6cbcaaec3cd0e66,0.2
0x5ddbf74c2ab0ecaa3b7efe54c63da72a1f0abafc,0.2
0x0f5cc04f4c0c3c181829557ef303c55a16eb7849,0.2
0x768b076db20a53d7ab18c9ed0b13227173430396,0.2
0x61fe4568b2f65b2c19490c2e12a193922663f6d9,0.2
0x7ec0e22710cef2f0b89885205758e8ef0b9c4d6c,0.2
0x2880e2fc06dba9bb4739daa3539a2bebb8d64972,0.2
0x2f8d396fb1174ca69a4475ee70345b694ff9c178,0.2
0xe68498024a4a7c255a8a964f5f9643502698511d,0.2
0xfe3aeadf7dad188ebf9b879b51448bb15ceb4808,0.2
0xa583e7bfb035cabff7e120aad07926bf802de1d5,0.2
0x56cb4a633669c4e6d8d0445e38646227daa1baab,0.2
0x3c0fc9d4103abc69c4b108ba3084c84f97b3f9b7,0.2
0x9a3eb117f4727c2f87f08fa19c6a0fdaca551026,0.2
0x5d23bb9cf1d489c638b08046ac02552e0b6a3af6,0.2
0x2d31e82911310a0725e50b71d32679e5b2f9f5e9,0.2
0x8ea254c29e53b6453cb9ad9ab85adbcb348ef889,0.2
0x8edf224bd19498d1e4cdc2310f2a7f1df97195eb,0.2
0x2b46981d110f2733d41422bd56e728ad91831b2f,0.2
0x46dd2abcaf2ad53b79fb20a582c3b439520cccaf,0.2
0xdc529d3f117c1aef5a43f48eddc741352ed3a97c,0.2
0xfa4572b4e734587fe0b4d415a92e6654c0c71460,0.2
0xa2aa65b5e7076313c63cc3ae7a368db31d6d580e,0.2
0x72f8985a0d67c7b6e689f09e6f0fb24730886873,0.2
0xa46395b7ada89ab2b6ca42fe6397c3c184e877c1,0.2
0x2218b7f9d457b7bad4961530725475c174926759,0.2
0x9ddaa4900d4051073c93632bb665d2b9d7ff449a,0.2
0x4cc145a924dec81190e4718150bc8447bc6b81ea,0.2
0x507110b2aadf82f0cd1a75885a9abd955bdd5a6d,0.2
0x501e3b197c206df40b5493450055598b313c4ef1,0.2
0xc9a3bd4036743ea27362edd64bcf598fa81cd04a,0.2
0xa5932c1ba38bcd4dd5be11f3f13503ad7ca0c5a8,0.2
0xd4dc5dfcbae27bf8e5ffe1039691de0c42c6fbbc,0.2
0xc8d2f3ff5d8feac92b77b792b47c11eb27369eda,0.2
0x6995e180eea5e7055d8b414ced48ce088137b1d5,0.2
0xc1c0bda15e37f91e8c6101ab0e4333de69e61fc3,0.2
0x688486cae633e3522e9ad8db3f8188fba41775aa,0.2
0xe33affaa6b770110e7834b43bf527b2c7a23594b,0.2
0xbbf442191ab5213de67dd4026560c9940f349a6b,0.2
0x3fc7bd87bf2b3e7bf13ed613ce4f13ed765d791e,0.2
0x65cbd0089fad9932484c6a2dbbf6947a8982433b,0.2
0xe3e20db74b2cbd0cb80c46e21f7ac1d809ef16d2,0.2
0xc5526ab9fedab4f4beaba32cc69fc22800b721df,0.2
0x2bb70623d938862d3a770753fb9c2f12c2d17096,0.2
0xc13c9467caf63a2721247ebfc51bf4eef1e53811,0.2
0xab27c01ac8fdee5fe7f45da7dbb050f9dcb979c0,0.2
0x56ed8d12e1889bee4f1319a5464442929fbd2427,0.2
0x9996413ab1a4f1bb09fc65ca5c7b6a2c13ec3092,0.2
0xc96d30ef0f80b6b23b35898f7fbbefcbd451c650,0.2
0x84ff3d2ac5a2a1043ee531ea78af86aa9cb9336d,0.2
0x50f8682031e3fb4bdfa0f8863b524a3a2c930e01,0.2
0xa5c703f0b1871e7cb22472f1f5dff7f498b6207e,0.2
0x5d4e7a070b1079c44d7b18cae9ff29e3513340ac,0.2
0x9f899686000dfa67ab8f1d031637542bc86a6165,0.2
0x9f2709666ef0c431c93f72ad68f6f594f74bf848,0.2
0x0349c71d2da1cece138b6e13e86f67dab9f291e7,0.2
0x461b3b6587d3f708d8885026a0afaf94c8cf645f,0.2
0x1b419033ede7d8c121711142ee283b4ca63cee37,0.2
0xeb4aab6fae4a56b43cda1047c1c4ec0e720f7805,0.2
0xb35f5e77d5fe0f01d6e77bedf1268b5eb1eddcd9,0.2
0xa35a0298d896dfe41770275194b176e841245727,0.2
0x4ae284261649a9dd80f5de5245e379c24c78443f,0.2
0x581a734a19e103d4e1908ee2697cae5f4add58bd,0.2
0x474f18a13762de5f18e5400a026a19b68c35bcad,0.2
0x62c812d8451d04b6af7ae0e39a33829f69820447,0.2
0x703da67239381eb085ec2abfc662d05f7146ba75,0.2
0xa1eb9b0c3b5958e688652b8188d5a2b536caef5f,0.2
0x8f7ed41368241ab8d1cd8106882801359c0e5aae,0.2
0xf15321248d07ee519d087e0caaea6e848ec8b675,0.2
0x6c7cd4c45fe63a1012ef3523c78effe3085c4525,0.2
0x307b2b40fb360cac1235f25609e58b43f5837920,0.2
0x915d5de5db9f68ca68493cec0431b9179adbee3a,0.2
0xf4716add8a62e78be2f009e0d5a7f8f3bb3a3217,0.2
0x5209c464c782601c4a8b2b69c148d1688ad6a687,0.2
0x223ce14336deecf4bf6a73ff966b3315042e5d2d,0.2
0x65722572f006068c79681abc8c603327f781b115,0.2
0x6631ac0e5a93662847efa72b2a888702edfa99a4,0.2
0x7f6d50b20f80b8b83be549c0bf035f83dd3c4cd2,0.2
0xd37ce58e2741840a60125b2415159c3c3cd69d29,0.2
0x3f29f9d759561df5a84f305aeb312892067ac0d2,0.2
0xc81fb2098777469d4f20fefcca02af57a2dd79e4,0.2
0xacc68281b23f59a829a64332ab8c79b43a2a118d,0.2
0x00bddf16f73b8c4cb82324dae88e82158efedbd3,0.2
0x665fa6946bb2364ec62f8bc9e775fcdfa2d8295f,0.2
0xbdeb0eef5e088b2e9edd9624cd6b3e7d0a93cdda,0.2
0xd401ab5fb549448e65a93587f7beeed31138d055,0.2
0xc5dba3ce7fa548afabb2197449ad5cac751c5fac,0.2
0x9f4d2714012e9aebfd3c241e5a1d27ddeed604ba,0.2
0x48b81b37c184aeb8ecbff2d3037a680587e47924,0.2
0x5f910528689a2c8cfc7e26f5d680a588c73d0bc7,0.2
0x49eb67a9adba75a38181f9e69a6954230b9d48bd,0.2
0x439f1d1d81cbf337d6a2e5da7aae86ad6fd954d8,0.2
0x76d08a8002a4a02a0f56a0fb4f1c18bbd0d60edb,0.2
0x06e781abba9ae7394f9c772872562f95daa8ec7f,0.2
0xb3a557373f92f0b364e072d172fc48f24873fe59,0.2
0xa921c4864c026c5318f36c9ed405e9ceea136944,0.2
0xbe2e3d1bb4839cdd65e5aca8a7631d7bba9b4a2f,0.2
0x9b64aa53932ea5a3ce64aa871e14d6a81d146f88,0.2
0x11decc1e660196ac0c01565b2c29655117ccf95f,0.2
0x95b8c1fb01bfd05f8592044143aed1b9432ab42b,0.2
0x54b4b93e56a0c65b93cfddb7327441661319ca51,0.2
0x25ebca70fef103fe9747b5e6c3427380020d281b,0.2
0x77d7a2fe6eb3684a1b6437081fccbb7084de1948,0.2
0xc8bb33623257a072752b10116af28f3a9e272247,0.2
0x0d6206b7ff3cae36fd5a419740226d6bee6a6ff0,0.2
0xb5b7979614521f0bf72b082255d28754b147e70d,0.2
0xe2d46f77eb71acdbfaa98600cf12e428f15566c6,0.2
0x1e7d1ad7fe2372ef64bd4238d47891f675c75425,0.2
0x0f9430bcb7bf42218c00e4766a0f04e36009d1d5,0.2
0xfa76a4e4edc2ed4bc2d77e2ef0c3cd2888cc7f4c,0.2
0xcf22fc88b4844b33318bb01973b3cfbeccb02e0f,0.2
0xd75d92b80de5ae4cf4fcc550e372aca982939a73,0.2
0xc34dba353080f69476fcf35202d60912b8989508,0.2
0x597f0872f2ce95aab2d134a9c2bce709d94b708c,0.2
0x72d83b8776083a7ba19d04bd721bf2cb31198ec3,0.2
0x4bce7dfc9989d4ab2390e524e54501dbfb95691c,0.2
0x83e469b635a4dc31b93fd93985545c20a06876ba,0.2
0x6750bb7a21554c47d91d8557ece99671886e6b18,0.2
0x1338042c64732ce3885a9cad198883b4d9e48743,0.2
0x95b9d4cb3c81193b5a0a3af60e8f52e98a7ede47,0.2
0x6940ee4381e314e85881f51e34536deec6cabdee,0.2
0xc52bc36f28f7cdb1b2e4b8c311b223bbb7e1c8f6,0.2
0x82842b9a5cd0dd715bc665c6804cd664c556933c,0.2002180669
0x77f29d1c204dd35e2f278000487a868efb0f8cca,0.2025570361
0xdcd77aa75af0e4e3c23cfb9f5b63cd913f289e4b,0.206
0x3ec78eae99e9763e1b872ed87c4a984d12e4cf68,0.206
0xbe8525742ac1936ac283e349e272e4debcfce61f,0.206
0x2351c77e62a8116aeabfa04b01075ccb3b51f598,0.206
0xdde62a14b6fbf361b82e18394e63d63449a74ba7,0.208
0xe791978803104b2349b53af8b78bdd473c137c6c,0.2097079241
0x86cf7a9d914ab0b6bb8b570353fb2af1ee69aae1,0.21
0xff0850e5f5b7cb49847d72caf85b6a1cbd3324ac,0.21
0x0fdf45ff6daf7e06214712a394ce5f2d63ac655f,0.21
0x6524465034a99293fa009e5dcb6dbb82c9427984,0.21
0xe6da99568dbe90f0d34083a09ed684bad15e5f8d,0.21
0xdd7724eff52c6ec5f2f7649eadd5025d890b3690,0.21
0x67aee0eb584a57f67d835218967e4222f618a4c8,0.21
0xa818ee935ee56e40652bc1b9bfa5cbc9371d5bf3,0.21
0x0d41938ff5c17868bbf72d370776aca48832fd87,0.21
0x8223a74d67852f606300e265a1f13a295e1e19b1,0.21
0x19d64a6edc014a26421d275f6e0934c03d17af6d,0.21
0xb877ee9534f2a2528dac4609c590dd3b100d05a3,0.21
0x0b3925c83a98ee131eb1bc9ad5fde9632b4924c9,0.21
0xa2393e186b9acaa547c7004f056ce2d07bb5743e,0.2129
0xd190132437f9b40bd84e6084a2a28ae80fa863fa,0.2134
0xcf77429ecd2f5eda8fc69e56857449037f814b80,0.214
0x0e30599172d1fddffcc76d22200043588a43c297,0.22
0x631d439d60fc476b9682e383028e3e2ebe2daa31,0.22
0x420781506a94086c18fea6e9588bb0b270498996,0.22
0xfad2bcd315723eb9d1dd5ba7464d81d114d11a2c,0.22
0xb14ac7077274e2999e9f906c4b846d5905c2d678,0.22
0x7a67fce714a25828b607d3aeb12ad7f38127d97a,0.22
0xa8d4dfb8197f0df27d9ba6d9051e0413470bb5c2,0.22
0xa591da8e8c55db72fded062b9355ed5722edd27e,0.22
0xeb8699e47ac670094f7d7f644f62645cbfad86ac,0.223
0x551bfe55c856ae3abbb406136436dbd980dc1e4a,0.23
0x59b50b8b1af54197c89d03dfa876241fad9e4946,0.23
0xd0279fd3cae2962b62e06a6f362f0799f3944692,0.23
0x07a2ca10b479451fbcc56e9c4f3ddfec2a8d440d,0.23
0x745ba460e89a0bcdfd6d91c18dc3a4a194552cef,0.23
0x315bdd8ba0187987ff0637f5dc07921e0236340d,0.23
0x22857f3cfa1116f05c115f51e8b63ba7fa164cb4,0.23
0xc936fb8da6e4d39ffc6b976240ab7d7d380675b6,0.2303438582
0x568cca8f7ce95c247f0e016233db99bf301da724,0.2325900269
0x6b8b14aebb6da74b23bc574dddfecae4024a2a54,0.24
0x0036aeb804ecc02c6f7cfc2cbcaa668c15504a00,0.24
0x69ad50ba6e8e2e167203ead6d55ee21730bfcf94,0.25
0x286461af36a1a6e500d31919e420c35ba8087e26,0.25
0x49889efc692fee17c051649d05193c01b4dfa501,0.25
0x5fb998b8024e38867558fd5e2b87b6d13da730f8,0.25
0x8de9df8ed03309ebd9351f8196baac4fe529fe3e,0.25
0xfe3e6ab5d787f4099478bbe811a740d903e219fb,0.25
0x02bdc13af8c7040ca1112a2dc294a5e008ab78d7,0.25
0x3f3a2e906b239489fe3287a665cab00d5bcd5450,0.25
0xd4c3df985d69cca0650a55a93d60210f78251f26,0.252
0xb9a292edf793bbc103af8215a648b5a0d128441b,0.2523024474
0xa248851cf7c5413c2367389463ec8ff6faa0b60c,0.253
0x75aa682d2569a49b7fdf6e80b9842fb6091e4a44,0.2533
0xf4b2cdb02bef1373e8da6db037e30d79d077ddec,0.2541
0x0a03b1d8e9b24f214eedb2961648c23e0857059e,0.2553
0xd41e9a0aeddb9eec29ada41fd1521d45c916f8de,0.26
0x021664f584f62f4c2e14f389ba5e6af593ea32b7,0.262
0x613f9720a5b5f1a2ba0f20745c839edf37013a8f,0.2621
0xb2d479f57804fac21c2cd326fc1d408c1e5368b2,0.263
0x9bf094a517a75e3ed99237901d1e7b1545455973,0.2638590269
0xe0dbf6718df8b6bfee81ea55073b8bc90b7e11d7,0.27
0xbddf694a8f8dcffa9053a4f6b0207a18d3ff8e2d,0.27
0x6dd7a2948b38bde6bd4503f8ef1ed71c700adb78,0.27
0x4da86b7720b907a1a40d203705a1d39c519e855e,0.27
0xf4e6a6a49c77b31e304ade3fc4d0bf3794ce5ab6,0.274
0x3b336a3882d3f1551e13df82ebec1af36fca3c15,0.28
0x856ba2dfbd66f8f5d00b3b24c5a7f2397988e17b,0.28
0xbb6a92b526cde5aa75aaf04fc1d3979ad9434e02,0.28
0xc9b8a4b800b28f1ae13714bd0d0eda5f3968445f,0.28
0x242a84f1878834c842a484c3ce403bca75ee6a7e,0.28
0xc6f5f0f619148317025ee9527384971b2e61b377,0.28
0x7a7aaa77c79fd5eafe378147565e045771cfca25,0.286
0xae59fd7676ee3829f151ca9e7e3caf126f47c6b1,0.29
0x6034c3a3f78ae17da76ce3baf83858633cf252c6,0.29
0x9c3b35d71f680d84e0c8be4c6d41c0e0cc6926c6,0.29
0x3c13b63fd55187f90f1681773f2de7035775f229,0.3
0x47dd9768522eb0156b7ec5e90e3bbc40f28a54ce,0.3
0x35ef983c0d040e2deaefce5245f7193e01a8aaa8,0.3
0x2ca0afc1b20e163060a2b4e82af0dbdb2f01fd10,0.3
0xb27490eed00716858df4225f0b139839c8a84c6b,0.3
0xc8ba1693b9bea85739b54c5b059e26a879acf32d,0.3
0xcf1ebebf367622b4173e856fba9fd90d70cb2309,0.3
0x8921e4e7d8438f86552e6e716b05e7ee289dd8e0,0.3
0x037398d1e9e775c60b1e96b49841f3f699f73d32,0.3
0xa915edbbd02e12e0bb1f57fb055c056aa681835e,0.3
0x9b13856c3cd92a5a8fc7b1331bbc4a3e883aa089,0.3
0x44aa5f5dc0167448d416d11cfe002a68c8145774,0.3
0x21777457eb21e7107e700fe6e5e986277115c98a,0.3
0xd74037051781050d836da7928e19a23ba4697371,0.3
0x98897c67e48f6c0acede849db163a132e6b75ad5,0.3
0x3b87d90ca1aef2acf85895479a5ca1afdbb384d6,0.3
0x444a70bdb4cb5fc39a53a214f135351b26549711,0.3
0x0336bec3e4c06a8c355e73fe4fc67af32075d019,0.3
0xae436f9ce125abc292f6617fdf7b867d4ec3787c,0.3
0xc6ebf0c29da3b77c13c6070f8f866f0dfdec1fb0,0.302
0x4981a2c4655b9653ad084620b888ab204b06212f,0.31
0xb147a54d828be554ef555b7f5ec434a1f6d55165,0.31
0xd4bc360eeb21e5f06f44a2b0630468eeb7cfa2b3,0.31
0x87d9f24e406e41d36152cf36532ff069ac635740,0.31
0x1cbfa61b692b8f5e76670d4a4f1b5b40d80af701,0.3171
0x2aea36f61f4c5a153f5e0eb98dabc4c267cd1543,0.3192576718
0xc7b5777fd494fbbbfc6df212f9d06c3ab42c9aad,0.325
0x3f4b12b54ceb691f08c0d7e0130d5f0910eb4864,0.33
0x56c9243c19091dbc2bb3439b58878b939a33696a,0.33
0x5f4f120d8435ea38f0f4635a910fee03801be88d,0.33
0x05c9ec3750058af4855ecfd4fa25a56338d92cda,0.33
0xcb6a5c119fe560223a798a97bb3d1b8267ccc35f,0.3445
0xe0c8516baf65a59b99be0c7554648f925c68b9a1,0.35
0x0c32061ad1d88bf69d7de3824c7017454176c24d,0.35
0xe1db6387a5ecb91f4fdd0b34d9fbb5a1859856f2,0.35
0x41b67e7578b66525759354bd17979ef01fa8ba47,0.35
0xca8944815dce4f2244ad5fdc9ce6a4d4770c3697,0.351
0x1aa16eb70ac54973d15bd18cc9d559aedb84f95f,0.3529685355
0xd63abe68c15adb91e36797fcad537e2e5329e5f5,0.355
0x6fc5df9e9427405a598cdf6082d1af7cd5762914,0.36
0x15142d8d436fa5b251b2b92782e02ce736080102,0.36
0xd62fab07973324e0e70cb9a2839b4d06c9526b22,0.36
0x0d73c3cc462bd2abd38507b7f6f982e5e216c939,0.3624
0x303d59eaedf3b909aa94915cf9122d2529d59c43,0.37
0x443e7ec8e110955f70785aa45abae13121116d94,0.375
0x8dda51b2c1035cae6c52a751832e070bd2d41b9d,0.3776227516
0x3ad5cafd9f005e25b17ff78bcdbccb0e67c7311c,0.38
0x2fe6bb6b95daa1689d33f019431545951ac01986,0.38
0x866b6769119d30ca3a787148fa9f35b8a9e4ceee,0.38
0x598132901912e5c5e1b7b64509c223d229328b45,0.38
0x6f1e5f4d8b883ad7d3b57cfff9d5a79a844fa44f,0.38
0x502c537f2c38ee08cb28eefef99105884fd06564,0.39
0x2600d5c4f637d6ce932c8261e8eb0767841ff7cb,0.39
0x46f1e28b63d9126db64c1802e3d15f90fc0e5350,0.398
0x7766434d03a27a662f5dc4a8ea5d888340a58aba,0.4
0x40a0a24f528582c9de280a33d2d1b4fbe731e5a4,0.4
0x4c4e6dd2a0230a66222ab656f0fad1601c9edf7c,0.4
0xce95233be515950f65821e2a4cc6334c5771382b,0.4
0x34db0b90651b78c7a23ea369733ef167ec661bea,0.4
0x8ab5c984d97d737582e47dc9e6377eec01736be2,0.4
0x443b07154481354c43220c7c0755c5b182a4cc2a,0.4
0xc4bf06c9063530024782d8425c66f4bd540fc655,0.4
0x41de8ac571734c4cd433ec3a823dfe7646580fdf,0.4
0x0df9333f80b6fb3fef5017b45ffd104f47ddee68,0.4
0x6936d623b8f140c33f132c9594907bc72f7ab22d,0.4
0xb860199242f5d8bf556864a035c12d023d5c6b32,0.4012
0xf36cb8284ae2d1b6f92302c2d9fa30410e6ac257,0.4027
0x2ea5e76909d23c2868324575da32d4869837fc11,0.4027
0x5ec307af21cee32eb6a51d19d251d2aa7b192802,0.41
0x25cd5be87f53a8b9886689171e905194df62fe0a,0.41
0x2a381a41627de73c9285de8f5b74791ad18bd292,0.41
0x99b641e398267068e6bfbe3d98c101c97170ab92,0.413
0x43b19dfaf84a61aaa310a2097ad42f3ff20b51f7,0.415
0xced9384f910b788234568fe3e4fcd942ade4e478,0.42
0x8a6e0a216589ff73728b5469d5e817476c907308,0.42
0x5faa85f2914468c13765a240b70b2f59e9a3941f,0.42
0x392db42a114fdb07a5e9430b54e863b02d2f9c21,0.4251983953
0xc029fc7ac46112eb4bf8d907e6b452310725c981,0.43
0xa1dc91f3032889bd6879500033c8c420d4c19726,0.43
0x2ec799f0b132c55322e66c9182aaf8deebba9b3a,0.43
0xca922b1454c4cbe30a965047d51b0dace5b808d6,0.43
0xb7a1c6a5143b2d0efff58e6934b5117cb8781253,0.43
0x692e5b1d99548745cc0318b3b705d1a6f31006d5,0.4405258
0x304464d333a73e3c9238fe90eecd071c1f2b7b66,0.445
0xf112e220a3d2536d207e9b68c5524252bad26819,0.45
0xa7930744593a6f5e9307dec98b48958ec5fbe613,0.45
0x0df937996fd5cd3fb069456991768654f99b5326,0.45
0x7dcebfdd23ff776afbe6c76af6ba18e52f45bf11,0.45
0xf8a6e694c6ef2cfbad52bbd831d0d293c15b8e22,0.46
0xb31f25d052d77dd4be127ee44f7f52fe786be3e6,0.4624520553
0xa45e6f9107c141e88fe62adc9f0fa7ba82c477d3,0.47
0xf624ce5c9c6f2db768a965c45995e7ce748ddac3,0.48
0xa98d8313aaf17b5aa203a15918956438afa08f70,0.48
0x3e4255adc7afe95f0125bb6f63c60cd76e1b2068,0.48
0xd4dec89f1f8c6437238f6735788fdf0358f71af7,0.48
0xa8064cfe8ac1b953e65e37a184aa481b2e81dfe0,0.48
0x0b5dd26f44d36141d97a3bf6841e7ba63c092af9,0.489
0x40cec2b42ddec5edff10c7d26f83cb452358bfd2,0.49
0x1519110bb348d26d7170f10f0c1a2d3218edb366,0.49
0x13ec2e09ab9ce52f83a767acc1c64581ad8151d3,0.495
0xd8fcc275b5858db1706c9786d6b537b5ac436040,0.5
0x9638a79aa65b4ad2cf9c362328191dff892c1e9a,0.5
0x29875f41b14419a91ea493079a18adbe69666110,0.5
0xcbf202667e8e8ab7d8e362b6afc4cc13bc11c0d4,0.5
0xa0cf76a89a10e03dde3c38b0475db856c907a369,0.5
0x8129c94d2f2b18fa4b63bd0a3b64ede4823374ae,0.5
0x78bc49be7bae5e0eec08780c86f0e8278b8b035b,0.5
0xf419fd6c84748d072c42640e10c2f38f53b8fc4e,0.5
0xb84d7471cdd66d5b3df84c88f8a81d66ae74abd0,0.5
0xf743eaec4250bd6a4f092d554492211f8fd915de,0.5
0xb76cfc692c68aee5eb8b662bab6978e0ca454e34,0.5
0x7a92ebb6af4793d233ad4e7cc4c5c564cb7e90e7,0.5
0xfeb074cd85d2c03eebe0bb143b0fedaeed5fdb90,0.5
0x008becef05592e0244eba8cc99af30c8a62ba456,0.5
0x013552fdea4136be01f41b113e981bf65eff8a3d,0.5
0xa130722eb657095ddcdb0879ba1c9eddcaa23c4f,0.5
0x79828517d2e944e8cf522d1e0a5638345fc39be4,0.5
0xf49afb9402769646870d1eb624fa14b95ac206c9,0.5
0x2a4152dcd6032ebeb3cf776d5d5c7f086bcb0b08,0.5
0x4c5dc32601d47a8689f542275b3027c1b72c614e,0.5
0x26bb9f29701be38fe582267edd994753b4b55f13,0.5
0x70b20209c83ec8d01e3c7f2ec77bde7c40cdf2f6,0.5
0x344ddf5a03afe67543fb23c674c6797599a0a507,0.5
0x6722846282868a9c084b423aee79eb8ff69fc497,0.5
0xaf738202d60b41d1ce7c7a5cce3e2f2762351d39,0.5
0x68a3f8dd21e4245ea3fe11cfd07a1f8d01e8d07a,0.5
0x8863b21f7bca1d09b9084f999fe70cca00660c1b,0.5
0x2ae8e70309f03918c20b57ddc7df00d8924b1dce,0.5
0x66e2bba5fcadf31b91b90eea54292bbbd4543626,0.5
0xe3edb3ebfc41deda532df1de1be14e0f3ca5ce24,0.5
0xc24c8235e92fad80ac4b60f96c48a0dda252ba6f,0.5033
0x7af06229d88ad92227a6ddd73c4b134e388f6895,0.505
0xf23cf937747073246778822eefefdf2b35e521d2,0.508
0x92c43e514065f2cfd5c193f2e07ce6157f7a61f6,0.51
0x694ad70b587f1cd42d9eba14ec42fd3d873f2ef7,0.51
0x587e27362549b6f367bc67fb8ad116945c4ad241,0.51
0xfd169133e87f0276c38ae6231fdc7d4db0fc997f,0.51
0x8109e1c06170bb23f7cd8fd55ac70c29e52bfead,0.51
0x29faeb62f4e9e1456c2feed5c6f27b13fae91dae,0.51
0xfe1dcfa33ca0f9d406cfa09f20142798e0527eed,0.51
0xdde8fcb76e0796b6d2f2ffa450573f02bb32ff4c,0.51
0xdd75b47739218d71f7cfc8c79a4eb0fa39806ee3,0.51
0x1cb21c9634a974791111d8835513b3d6a5894bf4,0.51
0x46e6595fcd64974ba5b487c732efcd1ed4ddc943,0.51
0x804f95742a7236ad031c8fded63a382fc8be047d,0.52
0x30b643678affdb03d0d42255207d58aa369fe7e9,0.52
0x92c7ce8b364c9d009866cc1a41bb76d0939a3694,0.52
0xd2e048c7b7c0539d4533551dc03f2d7bd71c9f0c,0.53
0xf8d65bfb65dfe088b3f0bd23cb4131b5c9bedca4,0.55
0x9851f51ffea28172e9c10bfb077064938fc9985f,0.55
0x3ce81fd4a7e77a0041094c9dac72a447a1b1db52,0.55
0x11e4dea281f690ec6c7c0b93fcb25e78d1240b6d,0.5791204644
0x2e53fa5250d3b58091fcd94bf34787e14ba05c64,0.58
0x4e6ff0ecb647bb5c49ba5be891fde2d482fa9d03,0.58
0xec53d11c9a690d5cc3d081cc6513447aa5e08429,0.587
0x81a4469130a9c594397a37734ac042a72304bbe2,0.591
0xe3987bac9486dde13b7083e7ce139f4b309963cb,0.6
0xe798c1bb2232dc3caf8776895908160be7de46d0,0.6
0xb967ceb0eee8fd3878db484d7705f7d4df65602d,0.6
0xb77e617548f3e05850092e3e5c8a774c36f4ae5f,0.6
0xbd4ed4da58dabab27bd13d6ec29814c313a19a26,0.6
0x23af5518409043cf8e438ca96e2bff719442dea3,0.608
0x20b30c7967dd1cb3bc34e846955219c68870ce47,0.61
0x5b64e0a84288ad2206aaa6441e8f36268e38f74f,0.62
0xeaea64117e8368ef3fe99928e0ed59592871bc22,0.6291520486
0x9ae6d556c769734043e7a8284c6215380608dd2f,0.63
0x24e55c8a88858185cdb10ea5eef575340925df51,0.64
0x994bcd6294d0075714edda10d28e3ebafae8b6b0,0.65
0xe063f275acb49b29093e0f1c521030fc2572b898,0.65
0x1a779ad91ced598dcebccf1da47b13748a5eb519,0.65
0x9b52b91454ddcbd928573e73c591b9637adb9fda,0.6544
0x5c805ba791a93b921cbeeb30397c12b17ec36a64,0.69
0xc0aea0c35cb8f03d1817e05f7bf1c55435ad4762,0.7
0xb8f01538d87173c8f32ab3f91d807bf9816bbe86,0.7
0xdde4d77cfd63fc6956485218da37dd59f27a523c,0.7
0x48d22ec68e0493198003878005794940c3ef15f3,0.7
0x3344ae4606fee6de0e683534cf12911f53869361,0.71
0xb3d3f75ec09c22e3e910a55f5a88cb5d52a13cb6,0.71
0x358661a9a0911351f15439171000d08bf0d324cd,0.72
0x062c10ed479489d01ba8597deab2e18668fe1169,0.72
0xf5fb467db31ebae289964929ade685618b90689c,0.73
0xe250e32db1c533989662de6401158ceb3ea6ee03,0.73
0x974e86becd79dc6c81c74cc58c1715e5836109e8,0.75
0x5b600f1ce1ef029e3f29779aa78663d0862e8233,0.75
0xd07b7f539e4ccd0334eae25413bf44f6292a7764,0.75
0x75bc1e4cc5eecd6ba4693c64478de4bf88a0e0c4,0.77
0x97a6d4b1573cccdee7518d71a1ccf305d744bb4c,0.77
0x8879063c650c079e42ff8431593ba158b06d9cc7,0.774386
0x6bcad94fb4c1839768aef0649a8c690fae0f5b11,0.77711105
0xbd63a5928082d7c79f457e81d4aa1b8228b84822,0.78
0xd7018e9ef12fa7eb8fb6b45897ac01459a31264b,0.7885148404
0xa922c15914c2789af504100c749a05df7133f987,0.79
0xa1e8260f024eca7e571bd09b21d71372fdeb5a21,0.7954155902
0x1b859313ae0fcf5c03c7b2b87ffedfb4a131e6c3,0.8
0x7da4bb8f07141e66cf8171d21ae726dfa375f6fd,0.8
0xeb7e4c58eb69c38ef4ae7d202f603f18573dd637,0.8
0x3c4a8b24cdf7017beae9e404b6437769945d84b9,0.8
0x4e24c82a121da9d5d387aabdc1bad36a70efc1c7,0.8
0xfdb82fa81d108368014d3bc35e64985da616d924,0.8
0xfaa1f350c118aa29d0c9dade3aa6c02b91fbaf38,0.8
0x5529e0608cfc0cab5bb86b59cba7e88f0f66dfef,0.8
0x1c9de65bc743bdc17628fb9fcae49294c2ecadc5,0.803
0x236424edf11e54ce61ef66537b09c2d606475559,0.81
0x98d2a69ba741f30bf92d071387c3edd85655d514,0.81
0x9e07bb70ed9cc74f710368fbcdbd64f809ee21cb,0.847
0x89f4f43c2de7a08269b7b5bd3f4621ef6898c5d7,0.85
0x7820ad46350c3a5fec5c537d7cec403cad123914,0.85
0xbb32c250de37d2c1548a6b7b6586224b40d50968,0.855
0x59843b9f489d518aef86d4b05f9b02461d3a6651,0.86705
0x0a20f1dd4f29a79679d6a6b10a8ef3225fb8843b,0.88
0x98f457f696005b1780b2681dcfbe29c1549650d4,0.885
0x48436defa376d40d6c705b0e0178f6aedb88baf6,0.89
0x9ee2080da5342548b116a2ede08a691b07a4c2a3,0.9
0x2a5b2cf1ce2717da419e1fa5ac42532f3bf80baf,0.9
0x6465599be194371e842d7c35a1d72ea1318e4137,0.9
0xc42654cc4b61eb3ff6210becdc1ad877e935fe72,0.9
0x46771ae14780cb30d87392cfe6a0f54521048e6d,0.906
0xf9a496c5baeae09565b665f853a0d14ee0e825ce,0.91
0x8a87b24094b14368266a6d1eebd193da4dce62f6,0.919
0xc38d56c8fcc7b692d76fc422e94f9ea8b3e5de7e,0.92
0x293134af505b29ec45982cb828a89385e1e4d66d,0.93
0xf2401644d6d3e7094580c524533832fdf2ae315b,0.94
0xd3e978a6ebb1633b8f4f58f61a20e67fc7c61fb8,0.94
0x0fced6394b88d88287c35d6886d3c993c2b1e019,0.94
0xad6a722c44e8f57c5160f49e56a9a35ecd1c359d,0.95
0xd05c3a918cf6c0c662ed5f10a0306a5a096e1a1d,0.95
0x499391fee238e87cd58752c9cf8616539c9db000,0.95
0x2bcde12eb3cff4866208c975cf01230c6b179521,0.95
0x01f7fcf4f92277c6b2df1f6a840a602de063a18f,0.95
0xa30a3c575e97fd34fa3a7f90e66684b964d897ee,0.954425
0x3910d26811994668b1c72e6bf8e164191b5b7b04,0.97
0x72149032b813ef68cc8a177560be038520ea5372,0.97
0xad09d78ff285e67a5760c6ad5b53eda3b4b00cd2,0.972
0x6aa02c4c5cc0edb0f6505c4585cb22f0f099aa2b,0.976
0x9a5d8dd44009b1c311b9de89f6fed058abb76eba,0.98
0xe05fe2914000ab03b53bed08b1bfd241f8243768,0.98
0xe4db6ef8255a3b85d8eb4e37a88dea7ab53342ba,0.98
0xd669f2fac7f7e2d41d6b4ba220313534f5524d72,0.98
0x7adfb4a9d4beec7d8eccfb0391b24c647f0aeb83,0.9865993516
0xc75ed9fac9208b773fb083e2182681390bb4b0bd,0.99
0xf07923072655980dd09e43edf2f35c09c2f058d8,0.99
0x6d3d76b619b7c13069386298300fa8a37920a648,0.99
0x7d25e4cc3b8c20d2a3464d958285d7643e0010a7,1
0xe30bf3a7b6a9f94b84e54dafb2c7ea500e9acfe1,1
0x5f4367ce935669d22594acdd710da60e5af15da2,1
0xaf44e371b3fa81dcc17274dc50d51d5f07ce7ab8,1
0x6bf7fda767e4f8337f8bb2cabc9a4894072b53aa,1
0xf4f93724b5bbe878c4a4c2f1478c3b70f5d343d4,1
0x5b0ccec1fcf9f1f28a1cff8e9f45556468864d79,1
0x5736f86001808d2baedf659b705d8ec43220b404,1
0xec18003909c60651ed3de82c80f455b06c061743,1
0xe5a598ebbef70478dbe14c52a3e11132beecc9a6,1
0x57170349a976c1c30e1275d25a555e6ab0ebd3a7,1
0xc51ec95ec142c2ccef0c67fb6278460357050af7,1
0x070eb2840adef4a0abcbd15af2bb4496fa4e60d6,1
0x86a3ff02c96f83db54f673985e364986214c6285,1
0x95dc94df74b753c60de3d517119bbff6087775e7,1
0x68139393612209919ed9e19afb1200a40f1b3c17,1
0x32d277446acca29c7021b6f9e47c520056987f26,1
0xf6d4f312cf6b4756364c427aec02d84e41575149,1
0x04028198e451f64212c33ca22cb3b1fba6272459,1
0x583a91cfd8fa0839d61ee6eeba8b9164d7cb8eb8,1
0x0cf99845c162999df4d2b1e34cc82589e98008d2,1
0x5ecaacf6fe16bff1ab1aaa39d4f29427c3f535ac,1
0x2177712d21f368979d99f3b642ca91cf3cb05aa1,1
0xa0354b0001a8554e8aed7c192f2a3fe2062e5f6b,1
0xac27c739b00cc0002207e02d00243b8acf4161c8,1
0x550d322d60524b7748cf11186d07d4cd1a782d95,1
0xf8141439506fa08fb4b38e80a924d6d4af6f22f0,1
0x467ed19dd7f12466c126c119577100f9ac0ef3d9,1
0x75db240253285e3593ec8186ab98860b881611c2,1
0xfd6c2050a3e898dd0f265aa058befe03bca85236,1
0xea0aa93540e985dc48d795aa919c03d05855ad76,1
0x71f1ef39e5ba84bdcedb955d91930f874b8c3d2b,1
0x2543a90b2b8257f810a3cb3f3b6c9f1dd0df82ca,1
0x41fd29a103f64a614eea5ad6bbf1b14e71df0d71,1
0x753a19ff8d80ca2b78ef576cd3800ecbadbbeb5f,1
0x0287d55124cee64b645c673ce70269b9d9e10b03,1
0xf2bbc720c99482325d4b5919f9cd43891cb49ff5,1
0xb6014300fb3009d7994174f813d0571f0a605b66,1
0x03365c97816e89c83c7f88bcea9154751b306a46,1
0x50db9495ccd59339ddc2cfd227976ea3a49ec3a6,1
0x73b49b8c535e9bfa027f2a26a746929dcc75fa3a,1
0xe3723c0faa265dfe1d0d54c5172728f0afe98249,1
0x7e88f043059b205d903427df080380ecd85ac1e2,1
0x41727d9f8fd5c8fa450689af513a2266eae19763,1
0x693cec94d486f7a39e0e8b516d4d784c3e8aca7a,1
0x9648be201dafcf495a245918d5bd9ee202a569d6,1
0xe8ea4886fc6b793ee89ab956bd3bb7cdbdac8c94,1
0x2c3ec63dcc7cfb3c99f449f76ca46ade61a13e39,1
0x7373ddc8b66acfcbdfc1d862426cc983e858dbc1,1
0xa6e30f8990ac078f93ac4734df5324e215e0c4f1,1
0xd853d629435fae52449aad8506b4d62ed1b71714,1
0x2ee112b83ba3cb7351506cd096bc78dfd0f66ef7,1
0xac77a6e7571104bbee62202263fdf3d94e54cf02,1
0x8ab68841c60b956687c8e07765657d848f083a1f,1
0x865688b1ac317d7c4fdbb0e9d1294c78025660ea,1
0x868d9a5ee67ec78fe793f5a9ca045b89a7330452,1
0xf1ed17657c8e5fdb1ba785b8f4e791cddc54efe4,1
0x97231cba43b1fd0feedc174931d6a2714d2451a1,1
0x932b6283d8b1cd86397375c266f3f36f45a03dfc,1
0xf823e4a4c88a6dbb5b6e275ac62e129cf7f7d995,1
0xb4b928099ab6de0e851ae7ebf5ec2cbf095940ce,1
0x1ed01bdf6fbd11a8c5812eb958ee5d901ac7d1cc,1
0xeb893d4df5112600c53af30298712727e3653e60,1
0x23527dc897b0923b6628bdc87804d3718f269548,1
0x1888690638a9aceeb21804bc8f3f389a6dcb609e,1
0x96d92c4bcdc52c467a0a42edaa338ca556e27fa7,1
0x5e0a533d03b16fc08504073bbcac580181f9e968,1
0x0094cfba72efcafe4d45c257a713414b9502a348,1
0x8836b72ab768231945267ae205d8bf094b6fcea3,1
0x0a4a2d75a9539f518a53c34e3887174d03e9cee7,1
0x91bd50863a297eb9fe88e3ff446afe9cbb9e9e54,1
0xb6ab7289069ca6333b2f29813b50ed5bcbe8b102,1
0xb5ac513d339017b51447c7523dbee4d490c3aa48,1
0x3089e91daf15b0039afb74dabad2f259f21409e7,1
0x0837d18dabf25ac9cf3d4254922d2d5bd5df5c0f,1
0x6bade57d892a4c2c8870c97cdf3e22a42cac56d0,1
0x338736b77ed735226b8b60951b0ffc7582d4682d,1
0xc3265ff324ad571f44169ecc0ffbd3ae141cd23d,1
0xab47ef096164cd35430e78f22fe837f10592c214,1
0x794a69b84f0313d225af2fc8d27e0131dc4df9af,1
0x117ee6900439036dfd811ad8dddcca8cff9230fd,1
0xaaaecf060bf76495d21afc3ea2742b9da979befd,1
0xebc2b8e29804cba0ad6e6f73ea60db1997f09141,1
0xff88d279e0d228e7399094c752ea622f200daac3,1
0x04bded8bf5eefa9bc533a5a976cba17489da77da,1
0xc96da6b80f742f656d85f7238daacfd239ec90c0,1
0x43c65cc2d0b6edf2daa01374f2b2c66bf319e350,1
0x21db474661f0175eea17e53502b2e5a1707209c2,1
0x491ff06fc98fc65019260e14ba8994f37334babc,1
0x2721242a02db5e55d65dc3a5894a1294c4bc0f50,1
0xa7a329d991892adb02a907bd93208a1f4eac11c4,1
0xf5a93410e7e32bbf28a8eaafbd7f241cf0b290fb,1
0x100a134a7758998407c86de01c83c2f8632fbc94,1
0x63a44337a04d7624b4af99f3797ce0aae2c3ddad,1
0xd63f1745cf5dad543654117316788afd2938c98d,1
0xc8c4254effd33976e052c6901f795db6a9e98f9b,1
0xdd0834689f19b1f101482e73c8b075ec7ee59b5e,1
0x6ca5a9bb5b46776777017e829b41de1d74303d4f,1
0x1bdd0ddd361b99a70606c43bbede7b5c14bc9d5e,1
0x7d8d7996fb708600feee043fe761c518719c0315,1
0xf12ea6d7aaea377cc9989f80820058d846db965b,1
0x7124fcc2546eb8ee33a160d811beb4d384094329,1
0xf90c2afc00f85bb2d6f7cc4dae17153fb4b446b7,1
0xb3e892fda99a339f32d0e24ea54ee42cd6f99d6c,1
0xc076fbfe7e7a6b682f12531cd1ceede239298d3e,1
0xc8f20c9105410069c11eded2c05e1b2608103b25,1
0xe9b37833665740839452478ee9ac4e7488ce2c19,1
0x9a142c0625f0c9c85aa103581d1d97fe86a12fad,1
0x6531cfdc98625438dfdc6d8d287977c64e1d3546,1
0xcdd681467221379db0caa005fbfb5c899384aaa2,1
0x872c5da546d2d73e8fba262fb9ccf8961c25f472,1
0x19b3537851e4da81e17f0c390054f24f28b2d75e,1
0x4bc623aa3a5d7a613746eeeea8272119ca615ddc,1
0xd47071fc9e7581fd9d187f8f713aa41479a18ee7,1
0x29c25b4668eb1cddd1f8763753485521586ca5e5,1
0x9cc240fdde368f15a770485ed7e12d51ec8fc467,1
0x41ff6ed2106daf77fc06de13a554ec699fb5224d,1
0x39eb32d9637a32bc13db3df52c63c66d0b1dd7d6,1
0x7a0367fa2bd54475bfa07f7e00d14048a49650e2,1
0xb819aa5ccc3be0f7aede1fab7480649861c5f537,1.00014
0xecee92100e01b589266c9bf22d264552ef860e72,1.0004
0x8637919b0622958180ca6b9c708c16c261a0ade0,1.005
0x78e7fd9435ffc8706721efbdce1bcf46ef602ca8,1.006
0x41d5b22f94d36d9a8f6e3d9f4462cd95a2392f25,1.0067
0x32743e776b4ca02e8c91d739cef5b610ffb93ddc,1.0067
0xd5192fa96ebabb309123198f78fbd4016f2ba292,1.007
0x1f5786124e47a449c24e732eb929da61eeaa6d22,1.009
0x1ae1a2f09ec7a26a5a0b5c03a54dba2d4ae3bdf6,1.01
0x961cbe1006117517070ee2ae38206c1f2b7d5ee1,1.01
0x39e9d63f0762d71a3ec3661c14d424ca23107c05,1.01
0xebd5f0763d46a9e9f9c82404b6ad3ee0788fd662,1.01
0x41b548f1b433eb22c8dccbdff0822894bb050877,1.01
0x787dbd1ba505e4d0a8867fb8c7002e91eb546cc1,1.01
0x01b245463ca0223b20f83e232defad1be9aca300,1.01
0x2d3cb50048dea5e947bc95fe3874b3b727ad518f,1.01
0x6f5473bf6f4518037784206000f4d5347c48e98b,1.01
0x7393ec110e757f4dbccd016cbbd95fb6257f4d0d,1.01
0xb7c6d47dfdebcc5f6b5fef43f493b4b557c4440f,1.01
0xf1287433d650c52f95edce08f7bb1a4ab1d0bfe7,1.01
0xaf43f785e364565151c5387ce22d828e693deb53,1.01
0xe8641b90416b768f275764b52fcac200cb7fc64d,1.01
0x7acc98639827d4fc2d5253eb0c90fb30f869cba8,1.01
0x8e1d23fa8a39972ae9d0128b5cb937e9fba9c5ed,1.011
0x1f3e08af0badc4c9e5832690c09df435b12847a9,1.01231
0xe4cb745d4821729a238c74835079dbcf076a981c,1.014
0xbdbbb9935cb25d14fdc9494aa4f6abf5a5e6aef5,1.017
0xdd53204e587f8165f9bcd20347195082bb18f9d4,1.02
0x16e0e68be8bd55dd8540032eef66ba6eda0d1e6f,1.02
0x5adf7afbf928f76f27295ff6bd93ceae1eed287b,1.02
0x478680c5b1c6378451debafcd65af4827236dc3b,1.02
0x842501a356bd7f97fbb360fdd35b5713946ea98b,1.02
0x408e4c2ac2313b64c84b9967c40e7c215cef2ef2,1.02
0xac88da7482d59c8eda07eca11877faf84e401bc8,1.02
0x9d024c6d315b687dab16cd223162907d48670b8d,1.021853871
0x1c2b3f9bb4f2b339c4323c8f6852bf6020dc766b,1.023
0x0efd55cb0520b6c527ee38dff59cf0259dc292a6,1.03
0x4e749fcd060b455c6123957e8ba272a6c22b2f29,1.03
0xbae2d8e97aba347465c367012177d9d144c678a8,1.032
0x196ce1ab383cde52363d228f0125baad59b30e73,1.05
0x113b61bb61e4e62b8cc7e4c4be914a2feade2a23,1.05
0x771a35a3e5cf73520402ee9138a56c79f5af3564,1.05
0xff28c3f47893d18c928bc52ceb0b7b28bc9cbcc4,1.05
0xd8acedce70af0966aa5bfb85645d2eadfd7b71d3,1.05
0x3185df5dfa423475d7296a15b509bf984cc843da,1.07
0x57f82458b384d66a31688b76b5668584c9a8355d,1.07
0x4b053001e9ea8ca3751f97c419aa7c9250165be9,1.08
0xf0c5750d57b776baea340be98358784079d77106,1.08
0x0a499a43bb5f64818a6dc6e076fe9f0177816514,1.08
0x0358e1d298c03b907b60f946f7d0c7fa3b642654,1.08
0x7786aa95ff632c9133601bfa6e38826534239bbc,1.08
0xf3b0be87cb1f2a402bdd62f79f5c59b4b189d933,1.08
0x801261d513ddf07d83368df9b86baecd1b3e0f39,1.08
0xe85ed7cdbda83688a5e6a9d8aa46b1c022675803,1.08
0x88ff78988c5b686d38f3f2ccf9f2e4cb262cc306,1.08
0x63765a2fc463d76f8bb48cc31b797e50bc36c0e3,1.08
0x9bdae22b3843199d9072bcbed35b42010ea3c6d9,1.08
0xf2524dda63cd7477a2e11622f333d802e45e9a3e,1.08
0xcb528fb90fcc7490b266ec10537d65decb32aac4,1.08
0x3a8f587dce242f0070afc3ff88ed25a429b3dbd4,1.08
0x7b0c1d387fc901b1e5dbfa33c142a7aa00f1caa4,1.08
0x2d4d2feec30c2c96cb92ab1a026f3aeb8c9e00a0,1.08
0x5c981e7d31443a81f0d0c081179e0fd438a65fcd,1.08
0xd22d662e230ec4a7cb7d7994f07c207e39374a9f,1.08
0xee96936fc542ccd1a5d2bca1c9e7ea5b00082408,1.08
0x5131eddd438f84dd8b797988546197368eec7921,1.08
0x257d7a5be055fc3570a97413e1ad3720dd4088ea,1.08
0x049c35e125cf978373dad74203ebae36b25505bd,1.08
0x2e21954b759e21432d34322aefebe71992c8b5f0,1.08
0xaa4bef2bd1320ad70cc793886cc6ac519264e423,1.08
0xa8e5b249d67fc62c79813db5deb775cfbac84954,1.08
0xb47d74d13a53ee46b7ea7445f4ddf71ed8f46768,1.08
0x267906ddd2a008f1e05350509f94c57bbee00545,1.08
0x6b8ccbceaaaa28049f9f1133ced1ab2453b4b525,1.08
0x551aec1830497650a3c52b90bbd1aad1856b96bf,1.08
0x2a10bed2785123aa20eae21377feef1404fed119,1.08
0x23e89c401a80c21115b4724dc03f66cd4c725dc3,1.08
0x38059dfc5db8f4eb9b928e11f740288775b5f6f2,1.08
0x0cb02e9d61614e2ff2f8055c5f925360d8034747,1.08
0xd6656be9aad393d43d5e42f27688cc74297cb212,1.08
0xfccbbc830515c08badcbc095c2d603707b0a1cd1,1.08
0x50ca04639c8d864583b653e7c4d0cb55b0454c59,1.08
0x6c7fc8ce31382337a87ed460eda3b225d9f6133b,1.08
0xec5943ef299f2e9d07df87209dd3e83659ce5ffb,1.08
0x445fcd7cc05c012565fb0ea7945a8d1420ebcccf,1.08
0x3edd4330d273e187e4b4fa399df9807b6b8de9d9,1.08
0x5f2b8c9fe79a4916467c381261cb6f80a41db78c,1.08
0xd01849a97ae448433a0b0cc5dd263ff11956a24b,1.08
0xb0fb5b4c08e79f410132bc8a3fa6830efda2c0f7,1.08
0x07fbbeef0b860fb4ee60ccc397dd9f34b62f9d1f,1.08
0x8e216d6b36548cf82f5dd51be1da1cb58fc589fd,1.1
0x93ad6e31c0a9ae25d601c02bc649741b114bb327,1.1
0x4e991ef0d26da23f8fcf5b65e4f586527e3b1110,1.1
0x0e4fb07abda5b8c56649ae65a15bc8d0666f042a,1.1
0xda610b7cef2285b7b81cb605538bc3f83999b2ce,1.1
0xf2fc1f76767b7c05b0fb6edcb5a02219d427adb7,1.1
0x2fd17513e11637e90b95be9c9b511e9c3b8ce705,1.105
0xd173700eb264dc4fb3c339a5fd87fcb1c50d70ca,1.105
0xf6a10e74ca923ffc9900105c084d0cd2fd6c90d7,1.10910833
0x5e86037ac3357f4fc97118541357c6f37fb57c2c,1.16
0x9406573450d5d5c042ce9ef0a78857c2864126a6,1.16
0xcb77731fa88aff1af51025c3c2c030550ca9883e,1.168
0x7751aa04ee5fd76115fd91bc505e3b74235c4dc2,1.18
0xf5ee983122a3f05a1e1e06d3e4d07f32f461bb30,1.2
0x2b4d85ebce30475866594f17c4f1e59700b62b14,1.2
0x43fda95838e002e715afe77cea10efd7ae0321c3,1.2
0xd3d06ee9f1e81db4cb9eb4ffc4547a26d093a07e,1.2
0x781a02de28897d39a4dec6e873423a2bae58a6f9,1.2
0x17fb5e9d63a8cd626fa42f39f19899d4e79ecc7f,1.2
0xcb09f6aaa8af3495121c0b76256b0842cfb18f45,1.21
0x83a78624ae1f326a29ad5f8dd91f593c6cd30c44,1.223442655
0x5824429e34c6b0b4820ae6330f9d15a640e54882,1.23
0xeea09c34baedd2d5ffa8082d7f9ea42d0ead476a,1.23
0xbf1cdc46527954394e2abf0e1cc42742ae95fed9,1.25
0x22c1ea20111be799b7be85951615efadc6c3fa8b,1.288
0x56bc179a25e0a0340b91b8a8857ded8042fb56c4,1.29
0x92a3ca5429258a1143db9dad029d449dca5f1715,1.3
0xabfd66deaace57fc877e51ae2454171e074f7ec1,1.3
0x89506d8beca608e85c0f67410b0d3a21dac53f22,1.328449394
0xcbe34e17464fe0c1d56928c884accf7bfcc2664d,1.33
0xce6dbee54965942094e2282614bba6eafcb367c3,1.34
0xf6741b8be0ec047a31737cc6dd495ce18f97a8af,1.4
0x8b1e457658771d17dc695ab30866d80f23db6009,1.42
0x4e0ea6d764e31971510b928a6a1c4e18419b3d7b,1.450393481
0xad1e7c3fa1b2bb94d9c6f64bf7a27131628dc87f,1.5
0x81d215ea06594225d3a622f1232b748758dac70b,1.5
0xbb016af3799f8c760a43e624609665e0d3478ff9,1.5
0x4368fa984f5edaa3d3bb312330aa831a589ac93e,1.51
0x67f55f43bd9aec68c852fac231a107430f1c65f6,1.55
0x7a0713e040db0781d8be1e83846fb53268895254,1.56
0xc3dd0600f172d3d611f37bd795c1d73c894ad6f8,1.6
0x5b72ddc9a0756a3e3b647b4154baf04236f1b1bf,1.65
0xbdd5cc4dfc0f662be4d850ad3b3bfda342562504,1.65
0xfd859e601915eee3914cb5ec17266065a26fc3f5,1.65
0xe4c22cb26851ccc24352cd8d8701efb04656b76e,1.67
0xf8a344d521420b8d85399172ccfbca866350be2a,1.7
0x8efa72cee8f3e4d8adc47b528c55992d69d6953c,1.72
0x0b338818bc35b2b84f79cf986f8595ea1c49598a,1.8
0xa1b7dae93ab91e8613df5de1f2ed31ed802a2491,1.8
0xc9be0a3fba2fde9b5abb15fb80a901cbe6377eb8,1.8
0xfee6be6b5cc8cb4ee8189850a69973e774e7614e,1.8
0xe89388b3222b9a370a1582af35660f54f50988f2,1.8
0x7dd5ec16d5d2f8c5835fca49eb8710fda109f237,1.81
0xd855674798a94ad3a48dcf3e26b18bcb5bbad93b,1.82
0x41c6b5d6cc188f9ea543aff3745750c8ee4967de,1.86
0xe5c101eab85f612566eabb8b0e36a3746e53cfd3,1.9
0xb484fcd62494957aeaa27a619c5fa8ae8166ef02,1.95
0x0b16522693f383cd2e0916fe9c15302a07133c5d,1.96
0xc99bb65dcc65370180f2df214ccdabe43a906f80,1.96
0xca10023b7f46dcc91a646e678fc5f533518e66e0,1.96
0x940b1eafe79b665f1d9a06abf670dd838d5aec68,1.96
0xddee5563676000912c1e58e025ee5382cdac8385,1.96
0x5e46dc212bfe188348c530f446118158c0a65c90,1.96
0x6934eb83c499fd38fbb08ba71473cf506db1bc2e,1.96
0xea35c68ad96af029d333f3b9b38bbc17237e39a5,1.96
0xa7b3f907c679b01d48d4c8fa490a4367a29e9ab5,1.96
0xfa9ac25f7a63d66fba21517f73bc3419b1e10dda,1.96
0x719296ea1ebb4b53ec339b2b8edaa3b577817be9,1.96
0x3c3f20a585bd8132f2a88af347b1292bb646808b,1.96
0x0babe3e3bb97734e4f191d12950053ddca21dd1e,1.96
0x89da732c522e371ed2e8e2259a9c59f9dffc8782,1.96
0xb83c2c1c6398f357ad2353c3bfe49558549ba6e2,1.96
0xf7ecc48ea82e298f41f0fa8df8e52d5eb397fa55,1.96
0x513b709d0c37e60165006cfd0ef1d33a4d2f5814,1.98
0x207abbab55873fe1a2281839395f3d614e2c714c,1.986081737
0x74a42ffe6f51f5c0e74d24dec6984cdf9e4fe97d,1.99
0xba1d946faf2a5758aa63f99ac45fdf5802b1e578,1.99
0x1f6b8a669fe3b5ac99eb129af6368bc00e7d867b,2
0x6ef747c126ff887aded7bdb84b43cbc63b8fee34,2
0x5699ecc5ae274791df319cbb009420c761b5936f,2
0xb31cb962aee8e350a59a61dea3baa561b0513bd5,2
0x3bacc0bf1a21da31a9db52b53f96abc2dc5f703f,2
0x149a5c74ef83526e52fd54cfd2971b338a53f290,2
0x13cb66c0483a99f04951051e068e3ae7b774973e,2
0xa4987b7f7de59a4623960c9c24cd8d3643221bc9,2
0x7e4934898f50d33037a1efee23c3a026076257aa,2
0x99974f376f612aed72da6a2e6baea1efad714a86,2
0x3d89fa5941b7590387448431af25b416b9112604,2
0x0dbb9738319f1b2a8c087cc738cd7eddbf8676c5,2
0x42a1ef5ffdaf134eb958814e443db9c244375c8f,2
0x4af44bc17230236a345e9cee0edcc5d3cbb61121,2
0xb0abf7b22cf94fdab991b8f17398a405a94701b8,2
0x4a01ea627c8ac5eeb1cc27fc4de8e371e3369033,2
0xc969a2b882d2718b0b08340087325ac931a45648,2
0xcd6cc800d982d74bb2c8f4a52679b9b5c0c5e239,2
0xce0268a2ed3c6c1afd73ed63ae041dadaebf728a,2
0xaef55327f5abf868ee4971a1d33a304db3f0478c,2
0x506c23d8882b3768f7b410c3fb2d525b1d7cc466,2
0xf6fe5b2b625a237b9fe1eef2bdbc156d4866e28d,2
0xa6d73bf626d36644aadc6d9333133e43df57d846,2
0x7a43dc785ced8554478b2ba2e491347c0826adde,2
0xd50067e02a06f19f5d2c63002223d0d1707618ab,2
0x4f0f4b878bbdeb7d271d04fabf20c3068433be34,2
0x28a254f5bc8b1ce4956eb8dbffa77d7726e97b42,2
0xb7c47d7ad8e97f90192c0ae3f7dd3cef2dc9da78,2
0x89cf4163b0d31112f216d77862b0c04904ec24f9,2
0xc56a2d9df05fce4ae1d3704dbbcf40eeac0f304e,2
0x80306eac6abe3508c2feccfaa6670947a9162b63,2
0x15104fcbf3565831a8ee559b89b410df640bebab,2
0xecb7329b1781dcf2246a409d737fa0ee63063382,2
0x84a274d929c894db9efcb985c8146aa4ad3a06f7,2.016
0x2fdc93722c9a86fdfb4d945caf059f39cb9622be,2.02
0x1dedfaebf85b69d025b586e4b4105ebf6add28fc,2.02
0x54f0f0d04021854903dd5aa0386f303fe0d99a02,2.02
0x276a608b460f49d54c038ef0df8a09cd9590a1fc,2.05
0x58b149407f9ef6db7441528a937c21ce3a4dd371,2.09
0xecb41b49d74d7d13bb51f9603fd2360557647504,2.1
0xb812487f93bcf07bd70f4f6b7c2e9412843d3e5b,2.1
0xbf22a636f6cc03e0ec991abc014c4033275e7bc2,2.15
0xf32628893cbba28eaa99faf372db3f3d3325b128,2.15
0x9bae3bcfffbe513ea3c410b809d62f24d6269dbb,2.168
0x43174546e4a8016262ba597c252f4d8832446728,2.17
0x8df58c625f4250630c9a89336081c49c2a322883,2.2
0x77755ca8e5da64af8e5c96f47a916f8bab0f67b4,2.2
0x95e7f0e681d16f636035069bb95a199700e2aac9,2.2
0xdbf963e54c6943bd6bbebc52dbbf1049e8eba0e5,2.202653546
0xe0851f41034491883ea21916e0eb38e2dacd4a82,2.23
0x94277adbfca6846e2673a5307417eb8261de0ecb,2.278356396
0xb28037800f282e7a96a79fd0b0b5c1eed64baad2,2.3
0x4bb4b34f4ded329010fdfaae5d7bd491c4f6f2ad,2.3
0x324085a80a92addd5e55a2e39e72cab871d05cfd,2.4
0x8bc8860fc86e143c93c1404f56765d375569b918,2.4
0xdfc7beee580101e4adb452606781874ef12f44d2,2.41
0x7568de8c1b39848f160d2662ece4907fa4eea98d,2.44
0xa3eda01803e0f6ab036a7914478271cb1366560f,2.6
0x30751f95e02cb179cda9a4195d99f2cf58bd3492,2.72
0x7be4a4b1d96bfe3de14f9a38a95ef307614b483f,2.75
0xcb41341ef753ed5ceeffd294c5936005e8f2978e,2.8
0xe12005de9fccf6470b427ead20e67ee3970ba757,2.8
0x12fbda1b32f384be4922cfc0824535d2aa8186ab,2.9
0xcb7c20525f7e9eb0b658b9b708718206381f98c4,2.95
0x60efbc32d2d4ba99e90a20a82d37308c1903da88,3
0x9a1766cd796055340ab45a6fd44fb511d96bd268,3
0x440b4a49248f25a9cf514ad8c1557cbf504ed5c4,3
0xae510148eed96ca181e50ce3656e8cdf95b0d665,3
0x153a62f346f5f6cf59e3ba2f64d4a90f538d1e63,3
0xab3f049185d2b2314c53844363f018bb9de18bac,3
0xf382c59e22fbf49c56619a5f799b03ed52392e9d,3
0x07999d47a72565b776dc26a7da05bad2b8be5545,3
0x58ce3c030ceda4a1141b2d21bfeffdbf44bff921,3
0x51a17de80ea4312e19717945e53051e3c399c26a,3.01
0xc11b80c7c3ed2c9863cd9faa3f67b391b0fcc900,3.02
0xe64291c78f772f5f86da47e675b3836935d6d50d,3.15
0x27936496c34134ed927bc3de3953eedea5d89098,3.15933269
0x1369c9cfde9b25953c6932f207bccc99b6326d54,3.1825
0xc38c63baf07505160d1292b1b9fa4955333e609b,3.2
0xd28e971c103ca6635b7411bad7ee35a24f566fc2,3.2
0x2579f77532071be3831917093598c4c79810cfa5,3.2
0x527fa7ee84da9d754922c477cce154f65ef73fc0,3.22
0x7e52b698f130b980d68ac45cb043ebd79d38617b,3.24
0xdb466faa044d9415718b38cb7d1ad9f1a084c6d2,3.3
0xb502372ea152679c3682886905f1fc3de158783b,3.358388099
0x881616b196a11f3a2142d4fd9eaecdcdca2bcf15,3.43
0x36a3b741732444c596627358a68dac377a9e0001,3.48
0x5b436bd811bc6cc2df9cf242efe11d762f638024,3.5
0xa3e392644ed72b0e288c9726704ad662f75c597e,3.7
0x82b8ef68ccc8b6f081e07d9c5521c6ad5389afbf,3.7
0x7cdab971523fbaecba63857d87ef5ae5fc93c52b,3.73
0xa6db3fe6f877b9d5ccd90499206146879ce63415,3.8
0x8e0150fe8db6c46cfc35148b533f96478e243f0c,3.8
0x04799cd49f08076edd023cb2afa78eadfadd35c0,3.85
0x3c58d9b53ea00db51f31a70f103f6f4f59acf3b9,3.89
0x14484be0f09838e614e13da949c67604def5fd4e,3.9
0x80380ffcd6028da0b61f9ed661e0384036620516,3.9
0x57932ba5314cf66cdf90ec33ee1e5c52ad705115,3.96
0x4e2d92f8eef3edca5563fe8a2e9ec822abba19b2,3.99
0x554fb141f5ee3b37b6abb731a0ddaf54e48c8245,4
0xafc2a63e322b5492f48285e3f1e63587f482b379,4
0x07ce1291fe5560342670c0d2a4d5a6af6c498606,4
0x833bf8d3760b38e5fc26bfda6114957d0cdfc01a,4
0x5ed02036224b938fc3546ed904bb1ca87ec73604,4
0x10eb74e3bf7aa53c4ce96468a318e5813dcb9a9b,4
0x216bfd9ee8052c530c83a0de402ebfc234d58564,4
0x260e18ed1f3cc3bf3def07c290e3b3e27b7151ae,4
0x99b0374737efa31e4e23e6b7a3a6845b2d7e4ac4,4
0x4b340a36f70f376f661a6249c0b88ec59dedb9b4,4
0x61ff5f61ae247e3609bdf01fbd826ea661bb6b78,4
0xe509073dbbbff897908e7aafc51f57568e85aa3a,4
0xa136d5e50b6fc9c01a4a5045e95b4fe29a233fc2,4.0268
0x31ddf67db88f1d88ca2861a24d75d4ef89caa28f,4.05
0x180cc8c4ab2f2c60cfb84b3325ba8c98599f822a,4.1
0xa1f667afc5a6f37674cb12ce4b4a1ab0a9df8a51,4.1
0xd1fd2b891e021f934894b626ea0ffa7bb8d1590f,4.15
0x00c2b357c9a36e5e2abd1d4580fac620ba1ff22c,4.2
0xde6fb92bf56a3fda0beee666653f2fbda6bdab6d,4.3
0x51d07dd676a6db2920e41f4d158813ecc8164eea,4.310600855
0x559fe85ec75d8aed55fc62992a0bf3a6e43986b8,4.4589
0x69b2a220d1d0948d34da622051be636ddedd17c9,4.5
0xa647a114fe9b5e2e542f9548e058484f89879e6b,4.5
0x4817173a2af978a0b8dbfe66c2bdd1375736ac10,4.5
0x34053b0c35e297a7d525661f99e0c9f2343d247f,4.52
0x21248a7e4147e78eac0c64496b6168491d6536ad,4.5316
0x3b91bb2ad023ea3bd305c233a3b19748e775e4e2,4.6
0x3c8110537c1e203c92ca0e4af39bba1537daa28b,4.66
0x44b9204edfacaa191d7711d9b2f38b0f8cb4957b,4.8
0x4c7ff59fbfaec37a35de168a2a41eb4967731dbf,4.8
0x5a33e6dbe1171b5511e6608578931efd83dd549a,4.85
0x1b01a8da8dcad79353b089eee960a907b3c306c9,4.87344044
0x9938917b750381c0a20dfa48eb4139be47b22491,4.9
0xbc21a8bc4ab0c2de69c8c5bce4cb87458cafd44a,4.9
0x938a452d293c23c2cdeae0bf01760d8ecc4f826b,4.9
0x520f70b6248e5c9cae75d70c8bd031144e45b2a2,4.9
0x3ea58259ab8469ac9785e981c1c1c01425beb13a,4.9
0x8079985bcad9d1fe57ac60f3028b0fc9a3c7adf1,4.98
0x6349a26750450e06a292a3540c822ad2b1a1cc0c,4.99
0xb63722b750459d14f565b3b3610e648562115e8b,5
0x2e4873fdbe10d4496bb836e9f39a42e5064fd282,5
0xea694f7a0dffb0fa590df42b4e075d2cdd306628,5
0xa26764596d0f4b73a88324b9bdba9e550517f2e3,5
0x08aba4a72d866c1fc1dda72508e0cd47388304ac,5
0x287d13b92e91c1e6dfe694ed27f4aa588a088e1b,5
0x0a8846969c7d6e18268ccbf1816c1b3a24c41e23,5
0xe6ee0c44c9b88b52c866d0f2b018d6975506802d,5
0x1a3dc81950ef91661b2f2a1c48ee261b6cb58a91,5
0x18c3232bd00a7c787aa77d936b67ed524219d597,5
0x0a3afc3637ca91493f1d5b4a6a6e5c9e61003ed6,5
0x3cd8cfa181c1a23643636a1523c62f48b5c98bde,5
0x93781a4acfc29b444457606d4532e34d43200661,5
0x7dfd8b90731548bcc0a76097879fa21eb9efd980,5
0x21709d7e3b35f8279b1135661a99b44a38851af3,5
0xa9ba157770045cffe977601fd46b9cc3c4429604,5
0x3ce316d3b3d9a20f3e48e9da4d95892773e29f8e,5
0x6ac5e976ba1b845066f4f8bc442b86f5f2fb8ab8,5
0x920536745f9a49a9257bc5b8119ae40d03e72227,5
0x69fcd502a5709d9f4d2cab6180206e1abcb78aa8,5
0x5b1167bedc204976ef46d296c588e4edba403da9,5
0xb4fb8633bacbb112dc49afcfca25bdea1146b5f9,5
0xe36b53468dcd531a2a4203a548f4e95808863ce5,5
0xcd0c647662ae175382a1eb9d8d68ecff7f493636,5.02
0x4d7f3a71ec50ce39aaa5a8f16fdea9603c2b68a3,5.04
0xb67970e5e0c29a070086d08426fc8d62b72ac38c,5.05
0x2e7e0e27c43bee6660b8e626bae0f65e4758a63f,5.1
0x8e1aeb8653f30e7147ae6f37e7ab1df1c0a87e9f,5.2
0x6833bb439bdb5e3cc7e003d19f186d34afa1bab8,5.3
0x6b39a3e6d14acc115ff06c043ea483ea6bcb1214,5.5
0x6e93e171c5223493ad5434ac406140e89bd606de,5.5
0x69c2d3f0f7fb50f4621854395c995840ff11ac72,5.8
0xcddbca45d24c868579dc2df93400f98c95c5dbc7,5.8
0xe365fd8f020ee2cebc5daaf34cd712fdf8d90e84,5.88271862
0xe18ce881c52f943cfd780cff3054bc7549820db5,5.94
0x1d5467e73825871d014e79741ff55118c4d2dfa3,5.993
0xa092262265ec250ebff9fb93b6f1e624d41ce0c7,6
0x30064b371f663568379e51faa958e8bfe924726c,6
0x1f63ef50100309491097ed5fda868583b7f598f7,6.06
0x952c23f8f067a5e7e165ff0e42491f51d87dbc95,6.11
0xbcce85564d9d2e159b460f980a358c53d58ed9de,6.2
0x6292af6fa35dd3c959882549b9631a4d9bde6de2,6.3
0xbe277930d5172260e87edcc2d1efc15ad9e7beb4,6.3
0x711ad2bd491e38bb1d5ff4c134b567b4ef0351da,6.5
0x47d9aca9a295a9cc36e5cbef7c59db221f5e801a,6.5
0x3ef4de783f8f8886e3135ff121160b94784965b0,6.6
0xe76d6b69ea99ba51e86d320dba6dc21f4e965935,6.6
0xb9b223207f181466294d67e5fe467bcc3efca7ee,6.87
0x9df0a15182ae25b6af366ff899bd1eb1c6264abf,6.9
0xd27042b71cb01be32e6c9b6386aa7483dde6eb82,6.926233337
0xd689928a625244e0b3e319fbf5c49a7fb631aedf,6.97
0x80781bf1b0fe96ab965b636df9115d808dfea653,7
0xdd9045f77fcd45583838c84c9768bf92273481a7,7
0x91154dd96bff5a5773e9863b373f326d2ebc8afe,7
0xc977da0111944422a0831d38034dc49d69b07d7b,7
0xa6c9d4d06be5bb60903a2f04a72b433ec77043e5,7
0xf719c10a6df1900e20d6cf1789793da7867e95cc,7
0x2ddae5e07730f4acef5b1636bc6740bbfc542578,7
0x9e5f727e9f231dde9f3018636daeb4ef0e8337f8,7.08
0xcdc9d930931ba7e536af38a911b7bad67a510f15,7.2
0xd6fa93dad766018a5df657adeb8adc7147ee37f0,7.2
0xe5e4414ac27b6ea4936275f3d67ad9f543cb5962,7.3
0x8dde4bd4d3eaeff90fcb42d35024f43b9706815b,7.35
0x17fd03969575d46238cdd3a039a7793731545642,7.5
0xc43c1d8900a8e274a977aea2206a2dc11760273a,7.5
0x168e82a6f8e1f856008cb14e82633bd0429ac8a1,7.65
0x3d95bf02e3ee0470fa4120d15a61869205bbfa21,7.7
0x5a029096962d988ca694d8077cc1bdacd373953e,7.87
0x5f14d6558c076f07190241ff91278ea239e8cf68,7.95
0x7e388940fdf50a5ef090c3e9c9b5ec5219d72fa2,8
0x902f28e4465e6e7a282da8332926b3145dd4a44f,8
0x3bce942341f67b8eb0bc61825627354005896d83,8
0x90325dc16afa2c06cca4d926017c6c5914477604,8
0x87e691d72fdc1c2cdf11e1d3166129f21b9c192e,8
0x7642873ee83638dd0b1e0c21e7fd82cbba068685,8
0x14fa7b982849bc62592f7b70a2f593b1324d3617,8
0xd2c4a36006856b4f60d7da9347d5f89e88789d8c,8
0xbafbc4ad7064bda5a6781d639f735b1b0f177d19,8.04
0xfd463af3070ceec48dcd02e41d845bdf4b3e476c,8.088
0x738569e750b655f8c98fb0f2ece932294d97f1f3,8.2
0x5bd57701b22ed86f482e4d0974ff879c53733f30,8.3
0x82852a9b63af333ae6df061db55021cfcfc8f7da,8.8
0xb561e556c2ccac2944b46a7a92c940288c5a313a,8.8996
0x99eb50905f0c4e15d45fbac207bb058a0218d8ed,9
0x7d7ab06fe22c00d54488b2fb1d89996e99c5b378,9
0xbb9673590d7cc4f1de369330e1faee435bfa69b7,9.1
0x57f2943a46c9821840fe0f1ef86a3e9628f5cb34,9.3
0x8dd59937df1e4f3847f1a80fb27934f7b184b244,9.45
0xd4137635df46844672252b6ac2a82f3ab904b63d,9.55
0x0c3c8eab1767c5e7d195c29ec68c39839c88511f,9.564
0x8e00c0011864b314589a630908bd225239a6146b,9.98
0xc32304b8c76d1aafca2995c611612e6e2de451b1,9.99
0x432c7dfbe4b886ccbf643e94b8d41fd3839f2860,9.99
0x5a7650b32db1123ecc5b602192c14ced79216504,9.99
0x15eb6cab5d0da3ebeab74fa2a978beb1c8ba788a,9.99
0x2a5906c17e0da9e234c8da9b2f516912399beef5,9.99
0x57bd982d577660ab22d0a65d2c0a32e482112348,10
0xedd4befd928c15e02d0fc3d4a2998dedb9252188,10
0xb0f79be91d48da2e5854b3a63db5ea016be9c2fd,10
0xd77367ec11ae5cb293444a21021cda63ee7a855d,10
0x19c4207d28b7443923257c3e77bbf522736001b2,10
0x05f918c0ed53c5d864b4baca052a9a76d39e01bc,10
0xc5f9f69c850159040c0dffa97e2a93569d8b4f13,10
0xd2a436286b936c89fe1938c7a34618093bd90585,10
0x9876449de01a64a87f765aa72651cc795e44ef29,10
0xacf1f5491537108f1df607b92cd1d75f40625b87,10
0x9aafdcd8dc61da54b1605037d7606b6b40eabd72,10
0x0062a9328fe687ebd55d3c3d5b691e31a319f510,10
0xe1e5fd7b864c6e490b3d08288ef58252a39c87e3,10
0x5a81aea48e5679179052f12551ae0297e0315ae9,10
0x10c5d14adde2cd0b05e8a9ec1d799a775c2a865c,10
0x842f1b8dfb073afbbd7ce2ea5ffa525f82632479,10
0x082953623f1cf145f2c69b79244aa62227819da7,10
0x7923ee5832ccb2ca646120fa6cacf5cc56b35e28,10
0x7c7f509c7368d9f9f9c4846479f907ace37c80dc,10
0x172b564118b2921f849f9a6a2000814b8a6373fc,10
0x9ac44783d7dc5699957918633760e24e6e8ed1c8,10
0xa61b636d74df04d364c3c508ac74c3af928a64d2,10
0xaae8f1512fe5223b76b8c110612a0bd8141d90cd,10
0x6f36242209fc6fc618c35596caabfb8d074e3a32,10
0x49d73c1afd411e8a0b683039c844982029cf82a0,10
0x2535707d432c35b3326738eea5e8b2441216cf2e,10.02
0x90d1dea72db2067ec919c0a2487bf035720c25a7,10.026
0x33313631e2296154b380d421b4e5a3c8004b53e0,10.07
0x8489a9793fddb37a8d9805da10d972d3d56f551f,10.093
0xc2dbc48a42ed09d21419c664a14226593447e1a4,10.5
0xc1e8fea9eeb405e578295057a27440000edeb11a,10.6
0xd9b19dd49c4c2ec24f4a1778916b18b7009ab5e1,10.85
0xc14836989f19e29ccebb74692f234f4b416544cc,11
0x24d5220bb31fd89a453ec88ac3b8e78fc8551b5a,11.5
0x5849f465ecaa8b416c638f8faf47a14c90e15298,11.60746367
0x6cda8d29b0a821a4b96711bf2dfcb473fdbeee29,11.77
0xc545293fde5c35e4e64be5bf2fc0ace1cab00618,12
0x8a68f0fbb5c58e9fe90a228bde6310deedcaa5a7,12.1
0x921218ad598977b523c089d9db89493fefee1ebf,12.3247839
0xcbfb423d668f848866427089e8527474dbbe4a58,13
0xf6cf087992f35bcd679f53f0de536cfa7892e706,13
0xc9310efe9f0f5f8b49f3c343edf95a3909ccec6d,13
0x05a8c65298150824adb4cf7d9af81d513ee9e3e0,13
0x4b9d5dcd77f17065f9080b264b9d69a037156b40,13.43
0x4df88abf4cf7445b136faca00f2e126befe03b1f,13.5
0x8d25a1823d13d471490fe2b2343f97d03f629745,13.75
0xb1e61a58f1904350821ad5600629f041bc8a354c,14
0x00f0ac9a04c05d55b2acfd51a5d68dd2693881b2,14
0x49fea5e1cd10750e1500eebd52ebe9d21b7f0e04,14.002
0x979b766b6a65a0a1a47ba4a7b10e1feb76502317,14.5
0xa7b51d73624cd95166acf34f75396d02057c1d5c,15
0x16e868c6d41a1a9d4f4d48a1961130c1538524e4,15
0xe0416611e9ef39033d59128b223fb62527e9167f,15
0xdc536fd47787a249114a8bcfe7bab208207fd60b,15
0x7b04f0bc08283002bc509ba98a87b83b294e6b89,15
0x54d7dbecbc80f3a076eafd9d649f19723b24690a,15.15
0x40e7c6dc50261a28e1acea9bb52fae0bcc84d9ec,16.04
0x146790fefb67db4188be2dff23abe5e81c14578f,16.5
0x369000584dc6507df1377a0651732daa7c398417,16.97
0xb5338e7cd96adafa509ab30f8932592276800dc5,17
0x6a224d74c8f6343dd665da857a2178b8f1a13ce2,17
0xb285861521381ee86414887fd2d1bed42598f052,17
0x75cb7a4528416713b6dc8cae7720d9dc72ac3188,17.98365954
0x65fe0afd03da490b47d5e425a24e35caeefef1ea,18.5
0xdb8d68ad426ea56335fe44c0001749e9373ebb09,18.57
0x531307851df31abd1eee5c5d6d1f5aaf2e01a922,18.816
0x3699cf48cc8a78ed412962989c32dbc98b9089ef,19.5
0xbd0bbdf6e2c645e6ffbdbc2798dd849487e03e4c,19.7
0xac7dd86bd1041f09b07d731746680a92aa18d622,19.9
0x3f452fdb85014adfa2958009e29a7cd8c0d435bf,19.9
0xcfd9e230d4c562b6540e4efe1bfee314ac09cb7b,19.95
0xb9934712e97c0dac7596a4e4c28d966d5c42d452,19.995
0x64ec92289ce699c10928de43bf4e47cfb111ee7d,20
0xe297acd341c2cc4e0bdb1c678e4f306d07e50ebb,20
0x1a2678e393563355171f2a0da167b5521efa0dba,20
0x5747ef8a1a1c0d5c4a07e0108f6a4669fe38642e,20
0x581e7f9be1c7c6f219a5bad4fde6d83365d581e4,20
0x25030dd87808304a66cae182b506942fb57a5890,20
0xc3230126f3b67e13ce9e3107a0ca6433eb5ac000,20
0xcfbc8dda3831ba680db7dcb7e7f73cda01c3737f,20.8
0xde7a974bb792193dc751cdfed6459b262974f363,21
0xddf2c3a5bb6580f76676aa83cf9b2df1e7484b91,21.95
0xa9e2fd7183b6b6de440ba2256adf999e21b0a886,22.2
0x7cd4a31838750355a717e5f07b3c0efa61a2bc2e,23
0x902428c12380ec0fb019e46caf04be6dea2b919a,25
0xe6d5b68f4c928d709182f06b4279c09240d2ad89,25
0xf9c3e43158f512625919441a1e65d3329037c2e6,25
0x90e309730e2a329959b3d122ff434855efad8126,25
0xe57bed0bb140a72a53e309956f1d46edae086321,25.24
0xedd55c426173a0458036a4f257bec73609f0a59d,26
0x2d6b6e8a3d4675048edccf017a4d689da021f19d,26.7
0x6a613b06cc38b13652ec33f6c623b02ed4481c9b,27.12482527
0x3136b42c13b1e4ae903702e688d622c84924ef03,28
0x4736d3ab4034ef395de97f4fc6fe4df10212446b,28.39811132
0xd1507ee4c1dacaebfaece931d87cd7ac25c757bc,31.8
0x483dcf3e889145f642edba82d58fea1374f4907c,33.86
0xbc801255e6b789ab523028f4d3229c6bcb6b4c91,34.5
0xa9d4457b208ff64b20a0d71fdb1fb5d160f80eeb,35.2
0xcbffb51901c385dd719bb47042cd9604d278fb4f,36.5
0xdf2bbaac455e63506e949293ccafaec4dd3ac80a,39.8
0xdc6895d5c10e33da2397a4f5df0a80c7bf9de602,40
0xba55bdbf959df826da6c35487eb15fad2164662d,40.1
0x07d71cbd8c9ed5fbb5abf0cfa77776761e0d8730,40.43723698
0x7ce64ffa5f6c1105f67c2f76ec1ce480e430066a,41
0xcc5468a80e21bc5800e23e801d031e8d7135bd65,42
0xe743820001469e2b732827768f1ba408ec47ce22,42.18452188
0x8911781e62d0907bab9f23a6a3d72c4e7c4cc1d8,46
0x46cef06aaf268e1a72926f26ce0a86346d0486a6,46
0xca56db9decd8fa2bd7ae1056cd00845b06cf54b2,47.5
0x1be2655c587c39610751176ce3c6f3c7018d61c1,49.5
0xc241c9412e165360e2600b44b6e4554b2698b91d,49.9
0x26036c57ca69e0461ea3bb280b05ab9f90dd9891,49.95
0x0dadf83da768ff3139084dc7f2ffa17e10405800,49.95
0x494c056e2eeb52c1669c003fee4105f6683a6b44,49.95
0xdede0e625ce55674ee9da048e89b81882ae78510,49.95
0xc4a01de2a55b05b6d19cb7ef294ca37aea9f9d7e,49.95
0x3c8775d6c662d7e6a011cb17184d5837dd986eab,49.95
0xefef596ff05da0e4d4066543926adc184dae38b8,49.95
0x94b468eff680d2b76a2172bf55ba20215f57c94e,49.95
0x2ad438575cac9eaed17769ac843b58e4600997f1,49.96199862
0x50441ec4e1f05f253bd9d3c4165363e14b3c2e11,50
0x30e50283397cc53a62a0bcb16d78bbafafb2e523,50
0x84dbfeae7ffc6d6783e9e6367d0002f20599654d,50
0x93435cd1483782ed28ac0db8c37cca4d5f167b18,50
0x0276b2b0043e7a9db80558db409ae772c4927cff,50
0xc1b111ffd6c3a1bee0e58ed771739db091c95977,50
0x67729237e63994d32a8825cf94cb5ba78880f1b8,50
0x4baa3d58bdb97f33d4e347a10230f44fda86ae12,50
0x37974aca0cbde379eb018fab8e33861ff856503d,50
0xedc9137ba6ae85aa6c2f1eb4fb4867d9f62caa07,50.05
0x578ad0528adf46dd9cf4b5d28e8d59cc27563122,50.38
0xf33182640f95e5230410f13ea304924fb7a035bd,51
0xfdf352495efe7aecf37a6a7f1a912491bf72dd8c,54
0x214f2adcf0ff1f8cbe9390aeeed2058c260a73f0,56.0238239
0x9cde28724e2d56271cbcab4f213e8d04080294b7,60
0xe6ca192e15e6c656a557d56c6e7b726765848ff8,68
0xb1604602542456fe0ca6122157ef54ee53e85882,71.45
0x33ebb7a8967766d6e0d4422ee2e5f43754055ae5,79
0xd0bc02d64d91a3364a3c7e54e2859d659588a244,80
0x429add791213f7849a7a9576c5c9e4b182cf69da,81.76
0x22dead04df06a1b11d7f50f4990e97d5d580d824,88.853
0x7966d1995241b908ce63ebeaef249d1357e671d2,90
0xc82ced242a7c064ec0ef3742bdea830aeb46d614,93
0x43288cb67506a61d7a635292d8f508799ddca964,94
0x0341082420ad09d160af25fb61e26e36279dab17,98
0xa607e700cb46ebf08d659a27faa3c56a726264e3,99
0x1330b459d4b94ae5ce78324d98cbd2aadcdbcf2e,99.9
0x6d2af85ed6c53871945c31ddeae89279287dc260,99.97
0x3a98e95976cf6dd236807fef489e3afc78c9de7e,100
0xc499596760ef8b90149179a69f607e3e2ecb326e,100
0xd980625c0b25feb7b04172e5b4f2ee2d227fe6a5,100.02
0x95f686583e6b7694f73408e674492cc80b0e6ea6,100.15
0x130ae76f1ea164939c2fa7abab68f81b36411d2a,107
0x07baee6a0e18d1d47c35ffce940b4f0218a0a478,119
0x7a1ad361a12d6d004d6096d85c6a19d11bc145e2,121
0x90740afc75d80210068a50eb29e0aa8790e23d09,128
0xd6d360b52defae9abb74185aac888721db6398a3,192
0xbdcb41c73274eceded3e9ade6e212d062fb4c24f,200
0xe7eb077d77f09b469b2ea8548aa860b137039977,300
0xb7e392648014e16d61d308bd6c55f5ef0d982568,430
0xf891495ca0199183228c65d2b39270b90ab7b449,500
0x656c54089502d4ab36a35166b514ec761c33f4b7,585
0x1928c9dd36cf75fc3e448cc3244092ce2f4c0369,600
0x3c876fa13238a351339f8110ccfe45a0eb43f362,600
0xc23de38b2be18ee0f2be4f9b827145e3b951c479,750
0x5dca817c0386f5095042d8f67565d554a6f4c719,969
0x98f654450c796a41b76cb2a3731bf22ab5d32da9,1013.02
0x418aa6bf98a2b2bc93779f810330d88cde488888,1305
0xb9779aec32f4cbf376f325d8c393b0d2711874ed,1452.3
0x69dd643dbee39fe3a8ba45c6df7c01f849aec4f8,3096.92
