Address,Total_Amount
0x3451c0a99b4c8fc70db73db5b30a109d57140804,1126.9558490350412
0x1732951b80c737dbb8f367e83e530623bb612e54,99.717318
0x355b5f013a1ede94607f7a4ce45c0132f053507c,34.556939651037155
0x49a8e5acb7b212edec595262b3bd730b8f483498,24.927022
0xc3c8e397e92c5f87ad2afdaec05149bc3d85442a,24
0xe4220311d6fe0691cb72ca63ffb493e8f42a0e36,20.034972
0xa969359ddd289709a75d858e0eb2e3e6e6f177a3,20
0xf833603a864d2d36ce8bf0b9451ffd468b8df376,17.977261
0x5605eccbccb06c1bfe049a3ae1b8d7899213e438,15.384247073381417
0x46e3afb8e79d35bc83ad41a84443dd8e26bb5d33,14.962431673713205
0x15fff7c1231d195fa7b0f589012169e0877f2ea7,13.28093
0x09fadbd76622b9e674166f06fad15e63b5aa76ef,12.745652403504833
0x07a318a09bf29c336b808a2477f8ef6382a942be,10
0xf4880cb7289730e1d538366c4edc46a0fa7e9c03,9.965705
0xb1231a4a2dd02f2276fa3c5e2a2f3436e6bfed23,9.65
0x9e46e399fec5ba7511d19dec9c992cb5776a6cc5,8.910117
0x11d67fa925877813b744abc0917900c2b1d6eb81,8.62979755188114
0xce225fb9eaa879ed1a555e7e6df103b963ed1a55,8.178862
0x58a72d69f2331498fee4ae68e16377f54a71395f,7.905802697913892
0x321f011917e384e43e5e85b8d6f4a56dcdfe31e8,7.576561
0xf9868b3960348194371b8ca4fe87ca7de95e40b6,7.205663762268428
0x99dd5e5287bb98500beaf656e935ba63e21cd04e,6.907165278502413
0x0347f0867b9b28a34fe6c044c4d48c2e5f71c528,5.985801
0xa849cda4c2c41b7b0db54b360bbdc6e00eb69a7a,5.922980859273597
0xc4b0ae284e085da227b81a62151bdec2bcd19c10,5.917424072086582
0xa5f68b64ad633b1f86e38157fdfebd54f24f5f1b,5.81929593242538
0x7278a0d4f726efb6d34aa0432e0a3d6ef8df6455,5.070793
0x74e89173290df985ec6472a4bd94ffd817d8d140,5
0x706c4f36ef8824cbf8278821d2c709a0f08a414f,4.931186726738817
0x902d9aa02acd63249c83c904b630383fa0d25bda,4.93
0x7541f55c87b6f572a3a9ec3a372f19101a2d7448,4.929012137676365
0x1712c6e69940c195c983d812d3a45b4e4e13fd37,4.7
0xadbe0e7f66e45a639206824424b57b02e3b88017,4.516852160195646
0xe9191dc0376a01b13751df0ff0cef710bcdf506e,4.487969221610796
0x6acf8ca3b0b07f511375a54c978f224f24f7d3bf,4.384608485738901
0xc176d2e4a41d582d67a588bfea2aa193bb09d253,4.237934318854092
0x3c58d9b53ea00db51f31a70f103f6f4f59acf3b9,3.760075
0x43eaaf64878f7f0632ca5a9e0595e96a108d1eac,3.6969652571286895
0xfdfc89fc7dee5532cfba75ae50fd62add5ae5e21,3.4500472104596156
0xd5f83f2d001ff45c472a6a44211697b3479101b9,3.2111334603006627
0x50fc9e395ad935aabf2fd9eacadb577682c787ef,3.178255458091833
0xc997700fee38cb6140ab1818acb69804b600990c,3.000365
0x219c0bbc60a30f870e17c09fa7f898619485c240,3.000075
0xa1c9d41719c4ffd99463f1cfa579d9b6a96b50c6,3
0x936215be33ad684abc6044d40ec09f6c6c6c28e8,2.999137
0x99e94444584e89a5a479f2c34f18300e2a5da18e,2.9616387160271653
0xcbb82d22b1624761b62bd807b01b7d491da8b4f5,2.9614905058150054
0x091a551d61cb40e7443e08b79628f34b95520687,2.9553102775839024
0x3adbab7cd849abad03e3d27feb514adcab6cd5e3,2.814656496381702
0xb417fbd5d02311392cb95af3a834ba9f7c920f1b,2.7653046745661234
0x63155bbb632e982fa3af997262467529373635c4,2.7215727780692793
0x9c01b839c6091e519fd4749efa8b81e190c6d892,2.7160420341069873
0x2c5472dffa8ae612b918c483537a36aa75ed0a03,2.6132745212616997
0x91d50e0a969176dc41e45db2072148c71514a89c,2.4655619712056818
0x3598838cf93b8176482b93178bd7e930f522f7ce,2.4649499697257315
0x9dc051ce8da00508838d152c35f1fb94de32b6ae,2.2848564590503715
0x9a78efcc6dee6792d9a6ab3c45be04e5dcaa7a15,2.2289422018955394
0xe6df892690536582c30c42384051f988c827768a,2.192823
0xecfcb7d817db88845c0fea76d8c67939765a53d2,2.14
0x2400589fb91bb742f6d604b1577632356adebb2c,2.000994686960904
0xa6f4fa9840aa6825446c820af6d5eccf9f78ba05,2
0x66d8866e128ba492ed52eb6bbfdbfe9f35e7561f,2
0x30cb942dd194e71f4e9fe556f4ab0df351846d69,2
0x0f02f120b06e99f14f3a84401a5889ce946870ab,2
0x5bef45489a03462d199612c5cd992f114f398ea8,1.994803
0x8a3a5c59c10f991b7bdc4143dab2e18980f907a7,1.994342
0x792981e386335b3193960b86bac72a1797492aa9,1.975902041303296
0x563e0f94d79ad27047beebdbfed8130236ddaae5,1.9756824251486
0x8872388897be90c52ab374dc27d9c4ad9caec9bc,1.9717691132907686
0x19142e3df9e34966c876024dfb9d805f4ea4a131,1.9716047971189525
0xd4b2d48abfaca45b4442b35c612e9e1c644de0f3,1.9713006649839924
0xeaa16d609fba32fb8666243df4a8694cb364c989,1.9265025794016717
0x69914e17344660132e467ef4a8c02fb290f9659e,1.9265025794016717
0xc7d612b929c6ae11fd864fcd6b3de15fd0110c2e,1.924459856748021
0xc5ade7b53572a820d992fbbccd82be3c4e19c689,1.8337718654526138
0x11d7347ef75e7393a0269da36ce368eff531fc77,1.7731342126729774
0x21e1ca3731d6ebb96e069b2ca97ec8bd39d76c0d,1.657158633964209
0xcffe08bdf20918007f8ab268c32f8756494fc8d8,1.495261
0x076bfc8347f76a88617e20faa1ead01b1d750acb,1.495155
0x8d19eed83250cdbee44b35d702eab8ccff5edee6,1.4811449175253975
0x98d3f2c51a80ccaca5c5862e242c5ed493f42be8,1.480745261981449
0x17b432b11798d786e999aa109c612efc18f21829,1.4643016209952775
0x02d3b0c2d2a41149be91ac89e2fed7b85cbd5c7e,1.4589895048241055
0xe620cf1f08935350d7f0eb09c270a7f3cfe68039,1.3905946467756756
0xa21a1a5da253f06208d06b87935e33e950636ffc,1.380733166870006
0xbeb30267664275aa479e0ba9d6d3245291830b3c,1.2879999999999998
0x9f27b30fe456342fbc4ab7288c0de7344c213321,1.24765
0x18a12cc23a952bcd9895fa4b18f59e10c088285d,1.240867
0x68f2ef6226f32831b9c8020d0217539ff3458f9f,1.2360556185613176
0xddde71ff210f6b29e4aa9361cfa886c73bbdec7c,1.2
0x171997a56e981b821f0b1d6928f5fea667dcc959,1.1915140949927294
0xaa67a665c7d343ca65ae86608714741d3825711d,1.1538229789789165
0xa2a48227c4b0780e746fa066614ee72b27fc9bb6,1.094964
0x68451f41820b5db0aa0112fda606cd9a41bc575a,1.0858798572868917
0xcb700331ec50b8dedb4a8c7e0a35ea09f90462e0,1.0837327341888088
0x98f9af6a4942cc356550dbcae616d2feccfc8cce,1.074081
0xb3e72b1f2599c3a3cb31f636d5cd19e18ab25889,1.0560449375377896
0xf6c280e2d549e4904e57df5ff1beb703ff7e90fe,1.0378513507279865
0x9ef966536d57c7281136ebfd7692a60f6055d724,1.0368014422677783
0x9c2ead57d679abc42a5bbc8a14137c89d511842a,1.0273124687698312
0x608c74159ad68dc0dc365748cc0008bb59793fc5,1.017497
0xb734b74ed4851267844827b18daffd74350a44e2,1.005962080922378
0xc29a31f3e3fff621188500e7ecee6509222a08c5,1.0033928151732254
0x0ad02bde60fa40fd64f288670ccc09579b69e7bd,1.002204
0x6398dbe8f4821932f41f8530533f5220af71c202,1.0014433042729616
0x2cf0fc890083fb51da23ba1bb161fdeee623048f,1.0009335834297943
0xa890cd9f82b615bc4c1dc7174d3c602fe7515bb0,1.0004568932404647
0x26d46788447b443639add40f1bc96d4dd8e8de8b,1.0002663822417746
0x54bb766e58b8d541c15b271e0d97783f39a52b3d,1.0002432844067395
0x2bbcbccc7971f59b58e0985a1ab0c8b3f1f2230c,1.0000733604080754
0xf7ce7dd235b974495cae189994bc37075a406bd8,1.000044655391795
0xfb057834e97b303af1d05f034ee749fc2b1580d1,1
0x29d6d6d84c9662486198667b5a9fbda3e698b23f,1
0x0c593dd4642da8e7500abfe868a064b7d220d69e,1
0xb7acd1159dbed96b955c4d856fc001de9be59844,1
0x98bee53140e3f45cd38aed787588dd95b8198d20,1
0xae818d4d8c1c22cfc663e14a1139741ff165b243,0.997474
0x77674b6fdda91c4c5fead20da52012520b117729,0.9966927101179262
0x6f9aab55f59e1f7f7d820d7f7034ea769b55e20d,0.9953280933576324
0x4a401ee7fef089cd20d183fe2510d7bd38294728,0.9883498551831086
0xb1c94d3579d36f8e80e8760213670f46b71836d3,0.9871638066674258
0xbbf829dc110773efd66b5fe0810197d52188e884,0.9871634770915128
0x82c792a4e9548ccaee16194023b4209a542813f2,0.9870784156623826
0x8ca04600c09400376cc97561265605d7ba2fc922,0.9863214683817622
0xf0e3954f4fb650715ec18fa0eb70e0a1124fdefe,0.9863213406476605
0x81e3c9ded64caf37ee5ffd643637e1a97cd64f5f,0.986237342686921
0xaefcc39670df5c5c393e372c3cbfd8e89d956d76,0.9859702396945222
0xb893ae8a1824604f6df4dfde52e2754921ba1a73,0.985970219871173
0x627282c1a5dc560646a328cbf92918511d286623,0.9858021859845167
0xfaf685e4a2d73274c0e1d8e9fb4df21369708093,0.9854735081280627
0x6d17fd5c1e7ee4035690b2202d07fb88845026ed,0.9850815863921735
0xd4912290616426ae5281580547d04212f655e1f9,0.9850815564170998
0xeb2a96c519f89119c08d331112058be698dfde6d,0.9850815497521005
0xe9f13cb9365a25f88a1eb040f4b95382fb3047da,0.98
0xda9cade6aaacc8d89da544b39bdd30221a25ee15,0.9782
0x30f8a91035da662722b72ab32efa454b2530b530,0.9764582551190922
0x3992c030d446ac1bd581b6754a743ac5ab2598ab,0.94791
0xbc5ce2dfc7a89d597c26f556a9670a99b73f2e0b,0.9471710430003187
0xe73da307516455d8b0cca2e2837ed4441362a72b,0.938228532107791
0xa67c1136bece8c761a84f1cc0aa7857fa5af17d6,0.9359507782698495
0x8482e81bbb802275247bf4cdab9bc67020231860,0.907142
0xd187570ff46109317f5f2ce3344e6397aca2e5e2,0.9006492303527162
0xd27f083c3cf444281561a8df0afe2d93a604c3e9,0.9
0x9b9a2069810ea300889250e54600d1f55d778831,0.8931360660753298
0xbfa895bcce0c5293b02b922cfd5e148b07882397,0.8876900828520302
0xa7183a3dcdce1f316066c94a7cbc05137744e219,0.8872233985746331
0xc3e29641217536c8cbcd3a37516c726a4f56d378,0.85
0x979f8a606ed7cec924375279b319946a0e6f9cc9,0.8087834793799511
0x175893de59faf86ff2feca7a268ae6814d889d92,0.7609153051655474
0x3fa96f50de9335e6a36dafb5d50164fbac181ea5,0.75
0x7b16c265b06901d466c94be827407d4c6795a144,0.7396784585438791
0xb68c93defe232a4244f690a60246754071869574,0.7396060972616525
0xea74d14a324d93caa3a9b353f6a05f3f75595bfb,0.7394139253270315
0xfe2e78981edda33ca9d2c464aacd0e8938de8690,0.7290834280102393
0x1de9d441ec3e7c03700d6959482036dd953cb9fa,0.7208444448014016
0x6f43c7973ac494b595b17845eefc10cbb40bd7b9,0.7
0x32542ded523cb0342ac019ddd39e35e8746f82ed,0.7
0x909085925b6321e64f00b5b89a7604fd1dc2754b,0.6912007865406578
0x979260c17a00b9231fc2368b691cdd1c3c6941d2,0.690366136697144
0x24f1c54c9ac59d1f07d29c644022bb5fb1751cdc,0.6901790577474678
0x4af721c55703a0dcbe5fe28c6e3139d11eb291d0,0.6900615301891617
0xd86502a2a416c0a93c92ae5ae0c7ca14475b248b,0.66
0x7aa557120a1a198c201c118bd88181394b2a1afe,0.649918
0x529bf60eb8cd3ee8bb3e42cc7c82db5fc948a66b,0.645428583728928
0x2a731a36b2ca70ec1d7c0ee28921e8fcdf701b9c,0.6334
0x737849d8466ad874a4b01326ae6a37d3bf105538,0.6206792779945555
0x3f4d001ca6dcd2927f9c81013d658ca678f5229f,0.6108272695794223
0xa13ffcb0c59cb62293363b18ac506bcec79c4022,0.5984409871899685
0x86859ea8ed7188c0f2bb40b845bf74f2d7546af1,0.5921985260365038
0x7841708ee45e96464bbd5ec53f2f0b5671e720c2,0.5921447734104506
0xac40055ef20f5e3a506589ab27925ad6e606a69f,0.5920425925298735
0x634af4d44b0267cb7d497c41b2e348bb4f352d59,0.58
0xbde56f20825433dd9f9c15a598e122a8177dfc23,0.57
0x3a2880f33eb6de8a9144638dda6a836e2a5b0e89,0.56
0x9ec232529e31afb997601b1c58f205a6b573400b,0.5581117138676575
0x734b1e174dc0052ad1c59fff43b6b412ea3f5ca8,0.5465929222973583
0x22041a2218dce9d1681cc158d4c6e1216e49daf9,0.5444030147639988
0xdc42acee7d79d4af14f5f42b26a012e6094b75ee,0.5427049912620208
0x57370d8350409085b33253f9d4525f1eea26e1e3,0.542281
0x211af786ec6cc8a3564a2b8a8575f1b5d3efbdae,0.5305956945146748
0xd60ea2d820bcbc33b8294e80522220169530d5d4,0.5232975355684379
0xb2efce80aa4974a33b884e094a143cb463d6f197,0.5226095219806759
0x6c5ecf9269dc1bb81980b5112b6d32d476cb4b9d,0.5126179636208991
0xddb5dec686a9dbc0be659b553a7097523232c777,0.508716
0x0a7554d5797b19c1bbf9cc8aefda170a3b910e4b,0.50842
0x1eca9b0e09c9e68e1f7d01c73c496788e4354fb2,0.506542
0xfe0fa7e1212a34752a5e53af17d98173b5dd0847,0.5049535218933778
0xbc3ba7c0743824800334a0abe84a7192772750c8,0.5037804778716712
0x66a75223a35f4e806af327265271c843db9d10d6,0.5029810767564475
0x95272c5e0f8bd14ed7f79656b3ace6b06c85e5fe,0.5029810461273594
0xc71b2c6b22b64c281555de040b6079e6322913d3,0.5029810364396055
0x59f74cc8fbe822f5a1c7a8365542c57c632404d8,0.5029810339870076
0x5ce6a7f1daac0c61fe2691284bf0bcfc4cedb321,0.5025481733575086
0x1c20b756f320f5d9b76cdfb35480858c0a9c2fc9,0.502
0xcca4090f3235eb6f8cbd3baa3c850f4c4feb475b,0.501457
0x47fa0c6b40b4dfb925ae81f199c3e7ccbfdf0497,0.5007
0x4e90e9470c7f82384bceb66b5c8d8b2b3182ee12,0.5000649851973533
0xeaf73d42aebe1a08c9e3d6d2f8cdbf23abe52cac,0.500022354472525
0x473103fd575cbccbce6cef3f69bce9cc250c5a0b,0.5
0x1230be1e811583396538ba6205f9f7a00320c47b,0.5
0x21dbf0ef37b8d27c8b5c0df41008df29409accec,0.5
0x08e6a1a94ac56e391a54327efa56816dd8129df6,0.5
0x6aaf73f42555f6c9a7b4086a676ffb26e6289ea1,0.499706
0x7de11e47a0aa90413938c2b593e4b35008a8c9b7,0.4993319680706749
0x24a2aaf4fd7d966e63e283aa6b6a47ab27c57413,0.499
0x521484f5a09e7339e2911b26a02846138d5e8ee8,0.4987
0x5134b2e0f304b77f38b64dc52cf84234fad72925,0.498303
0xb964f93dfa2ef37252b0390f2ef97679cc07015e,0.49830181841936727
0x6b913d006cc3f85565b16f85a0f2798355de1e16,0.49762106753800206
0xa056f6efce05087d39975aee348fae21799b154f,0.4968663769569374
0xa9e7326d8c90f6b6f869b9d852f76c41ff2e4751,0.496077384830238
0xfd7231566dedffa49d64caead03d2df2a06145ef,0.4937219454699452
0xd7454a20c6df478f057505d6f93b7e99a03175b7,0.49362699859986314
0x2b3f52cff90070443c2c7befa3ae7ac55a78a712,0.493412
0x57503fa42086300cda9fcee6fa95915f5bb04680,0.49316067032383026
0x1b99648930b8e7c0317d395b130ec024ca16051f,0.4931189883561404
0xa8ac77b17745c73640d4e3bc51b9efbc1ea2013d,0.4930278092801043
0x99913d6a2dab06c66418e5f3b0d8e482b2b05ca3,0.4929851198472611
0x740e4d1b0202e557c5f2ef46361a22508ff5c6de,0.49294272662364697
0x0bfd50af8da714cd1eba111fd7a12eee56593131,0.4929019869349623
0x39b8f1b61a1ebc1c15ba276bb9bcbca64b603369,0.4927
0xe292e4b18a9384301d31487dc3b2b61be4dd3831,0.49264685500923966
0xf1bece5b623699ca4be4da680c8261e10fd91731,0.49255122211372965
0x60e6a84b900700ec8e1848a03676b7721e8ac33d,0.49254077477974123
0x61a81ad68e097b0b5bfa9f56868c46aa75406b42,0.49089242012055667
0xa8c9ab26069623322bc79972b0e02dc77fa10f63,0.4832563015261995
0xf69f29a2af99eb5bd178b77283b6e5df974fa557,0.4731124665727229
0x3a65465d4463b3c8da17f0db62b0e08f0bb543e2,0.45685953334574597
0x8fe653787a38a11c5e65d7957925571e6926db32,0.45366916790984996
0x04e57f72319d531b87523306258adfbd353f0c3a,0.4441850247673054
0x9028e521300504aa7930bee91183bd0f0f31a72b,0.4387567879038511
0xcd3673734399e9d1f6bc7bf3a18b2a7d2f8aefd2,0.435
0xe8240c842e4365b182122c0ae460e094fbfe9d9d,0.42
0xa48c44b9516281e6012fe2c22816af4f58e47d12,0.40718024364736616
0xc0bda21e43de81ecdf525f04b20d6dcd09c1235a,0.4039366413910887
0x5535c48511faa34bc3666f385b9b3ab93a65f845,0.4014362632105096
0x9ea243af9be118d3543f7d03de5cfd0f6e13d848,0.40006775683039586
0xacf2d88b01da54603f20e44ce5d96c445b3ce259,0.3947630808603584
0x4b7c25e6d97d44f88afe170ca909454e2edda428,0.3947296798324272
0x00e3fda79dd9a8858eed392922c41f59ea947bfd,0.39452858829701465
0x8693003c7a415d2dc1561440446363dc2aafe11e,0.3944949544376153
0x16dc580a60e56fbb639f0d369ddf2307881a7ef1,0.3944949544376153
0x0c6f8e11428e7fc62d53d6d64ec988b8cf424ee0,0.3944949544376153
0x3ba245904a63bebfd6102dff59f48e78eb9fa3af,0.3944
0x61bfaba641d8742f7e4b89649032a7d1135ea783,0.3939901265487522
0x8762b567342b2cbf87ac6517bc75aaa84c54af26,0.3894153122988842
0x5ecdd676da89c833e0d8ba8f5f4210edf6ce4b19,0.384894815412688
0x33e6f0fd55bb4affb87e5a38a8df1d4ccfe7968b,0.36117780197868954
0x28e5d92148aa12b0fccd268ff643be86bbb5265e,0.36
0xf88eade6a90e32c869bd12bcc0071dc42ab77529,0.3552253628736202
0x229a01c697993c28782ff6647271cba21d5f396f,0.34518333785599986
0xe2a61bdb820f7db5c2453067fde0d93a86f033e9,0.345
0xa534eeea097d3cfabbc155badaa7e09aee07e343,0.341384
0x135af87eff1d773e3aef90a7c1c971872b75452b,0.34018925577588777
0xfbf6ff8896e9abbb58cc3af3c7e370cfb28309d4,0.33560668172407243
0xc4c11e606ea48045b85a68f91b92a22985fc8bce,0.3353
0xe970d0909e131ec199574eef63a65f8834b6cdb6,0.331
0x2afc2f15c72942e19022ca98d8e0d1a994d8789a,0.3292462495719083
0x89f0b62608fad0f4190ca85576dbe4bc928fdadf,0.326
0x23fcf8d02b1b515ca40ec908463626c1759c2756,0.32579375335395494
0xc9d1708bee78944f5c45e301405c1d34ca866fa6,0.3256232493008185
0xbdb3baf4a062528029fb068b09f6d7772c9bf9c1,0.32562297045225985
0x146f201b2b1a4f718ac443007fb1f8e8708e1820,0.325
0xd1799e78b899a4f5a5aa8c5d3935802d61fda657,0.323
0x8fab3b627303ea91a9a02ac7b99624e7790cbcdb,0.318414624353212
0xbca35347207aef8024dcf1e518dd75543523467e,0.3157558781098846
0x3708f474253db59b8e337a700b482eaa3de590bf,0.31538167156852537
0xfa8349a8529e4ad1dbfc2bd039c4262d3bd70643,0.3151920155595765
0x370c620d51d72f0db761b6fcd0a006fd85784565,0.315
0xb6e80081610f99757cc910fb31b0a3311f6c3a1c,0.3099976925852783
0xd2f2c20c926fec333287a46b56417d9835bfff4d,0.3082190824855108
0xc1b081b0608cdc001024bdb8be9af4da65474092,0.30703594081998525
0x01788e63e54d738f0dac036de1392284d467897f,0.3070359312775264
0x8a7cd852dfee6a5c05a8f049a17a14361f8e5ea7,0.3060486844816995
0xb393f3777f6c9715aa5746e540497704286c2873,0.3058885069189507
0x3e5bac58277ae1336126003de81031c13c3ac8c8,0.30573357623294545
0x79f91e61466426e50499b9bd56e46ac2f9df78e6,0.3055550505800464
0x620ccf72bf4a7d444030320adbbc6ccd9488e686,0.30535759973447957
0xe73ff3bb55e5b407eebd10930c80449101a9f488,0.3052588743546753
0xaa7ce71fd8ddffda746af77ba54ccd96b52dfe92,0.3050614310903121
0xd3819bd2023035a540a216a1863f14e7ab0274da,0.30358054289800346
0x111dd7ff6c6f8b984001dd37a4b1c77b09a62ef4,0.303227
0xe171822630c5e2c4cb3c0c6b9a3c09f7a54b1f3c,0.30194155844257714
0xbd8124b43fe530d006ec2c57332c62c636916b84,0.3008282032044894
0xa50f90c394f4160a3810fb504210422e905cf3e7,0.3008
0x6114a535eab974199cc5c750f1fd4bd05927b42c,0.30022795971902744
0x6456de7e29cf4740265c65629b573ca1d20dacb4,0.3
0x02ab1b7218187a8afd605e4cb2770cec95f498dd,0.299241
0x682c72e317cf93a36ace26d52f9eb9c41712e56c,0.29607293493283693
0xdab8b3163187669079e6234b95311629d509972f,0.29602135257466594
0xadcfed47357760f9aa028b21245834ad77c259c6,0.29602089705249807
0x70c307532eaaffd87d14ff8aa1a1c80665cad5b9,0.29599315687892663
0x45271f0b3fdd6c668437f72ea22c2c989d9e712b,0.29596765757386906
0x2f04db9d7a81832be0c05b816abf20f3ed51fe0d,0.29596765519609797
0xd78af21eba5ddba4bdaa00618f25057eb95e0949,0.2958712137640174
0x6a20b9a3e284657abc8da34465fe6f34aefd6b3d,0.295842438452156
0x873946b31bf2baa6b5af87bb2414c747a75949b4,0.2957410627289717
0x4b4d0191e6db749f73c404f8747edc8dcfbc2eba,0.2956949451783619
0xf817658de4cb6c5eb9806793f68e90b8326e692d,0.2956703170954925
0xa76135b212926eb6ed70908faa2ff7d7b9be724b,0.2956703125573118
0xc10d57f72af5560749aabcced00f3184770a382e,0.2913903797919279
0x8965b23095cabe10175d3bff168778a2825d4f7c,0.28975691075358273
0xc41bed66b77506263a13901d638fd52ce115f00b,0.2871402557624473
0xf6e191529e3d6a2870e43f2b3aa6b3a0fc640ca6,0.28615352650676956
0x72f6c4c654ed8f5983b10385dfc956b3c19128f0,0.28588302727677406
0x201bacc0168c2037629467a81dce765139a74f28,0.28581464011148006
0xcf5f1cb5dd780b2ba9f7c8db4ef294b11d809a87,0.28581463985897615
0x94dfbe8d0bc7f8f2ccad569cd1306f1ef938a221,0.28568021670508487
0x00640dec292529b58709a90a31c2016eb987c1cb,0.28136738131483585
0xa9f0300de6379f39d9d64aeee09381d15e280bea,0.2810258750599523
0xf07b7e9985b534c376c6b7246c57f79f24591de0,0.2763
0x5a3a80008366a118bf85b71cdc7f9fd3553e0616,0.27614645669737375
0x6a837af0965301d8c00196cda8891ddca7d1a722,0.2759589628662566
0x5185e7ee6c5aeee26234b0f649c3661a7b162668,0.274173981266964
0x44ab5264a6e02ac9657d8e5ba0e0fe456297a2ea,0.27350764986619025
0x5cfeb65d589329304debc5c0017544aa4ed9cb5c,0.2717969643379732
0xabe8430e3f0beca32915da84e530f81a01379953,0.2716545245781419
0xf957068cd3e78ad60dfd7a8e06c8487cf2f2fa59,0.27123842435155543
0xa0e07d77bd1aef57f66ee6d5de74a932cb686795,0.27121526997063494
0xfa2982ba84f578e15aec495a03556c8e8a638fba,0.26805330297675006
0x2ebb03ef4a0b0ff6128704bd4d5e1f767fa9ac4c,0.267915
0xeeb92cd8d52a62f2a2fd0947a37c45acce8dcd05,0.262974
0xdd32231c664f6e3456e81ec6c27c6f429c7dc3b3,0.26030510030757764
0x24b4db131c61a7d48193572ef788fdca8bff2076,0.260202
0xd847b231fe5762594bac215fa0cf74b54d1b2b43,0.26
0x3a69de5e55cd6343620cb042bdf5b6b33e4ad13b,0.259233
0x577e8f4997990e3966b33f9ef1ade0f9a100101c,0.259178
0xbbf738b9fce96f384b75bcfe32c016f4fed958b8,0.257668891356649
0x284bfc4c1f8c5927ac2bdafff190241cdb0eedc8,0.25673178570440225
0x96cd69062ba6d741c0c5c4fe305ae3203016683d,0.25668599626190153
0x4f5f12f0890c9b19b6fe8d1f63a4097e5e9a9c0d,0.25666251160242903
0x98a9e5af9a69fb024d4226decb692b1f420777fc,0.25661936128248497
0x27681edf945f8cd3b72e97cf3b869bfa3da2eedd,0.25655165096428123
0x5b7e4d254eb68931b8bcf276e0dc79bc066e81d1,0.256421873945193
0x859ade3cb228d9e71188227cc2f8b2ed3981fc88,0.25639693952797765
0x356fbf298e69ec8a43bce120a6e81485df2bda39,0.2563969393141091
0xdb317a24f1e19cd6ed606566ce13d804ecf5782d,0.2563089109747623
0xbbf63b86212b33a55ce0c96dbebfbbfba3feb980,0.25630857109786337
0xa8ec567d5384070cf1b52a79690fe8407ad18698,0.25617
0xd121fdaa44eec0e218f4f2ddf98858612f55c948,0.2557443557593853
0xcb6934666ec9cd640ad2eebfabeeba92a81dc0c9,0.25563082381519325
0x42bf97c591dc8f94a207abfdfd0ec9e3068a862c,0.2547569258143684
0xc1e6bd9a9cc9ed70bb76e2ced3e191d0c61d9356,0.254334
0xcdccdbdfea1f2ca143c75649dfa2bab5650a5488,0.254037
0x55fc4ba7d15b0e6b7fa0133266948cb9b3065a1c,0.25376949586935144
0xac47c23722ace10f5ef58a82e1d356afb4c7e1bb,0.253194
0x09188896eeab0d71f6331d5ecca57ab5fbd265ff,0.2527820659243345
0xe361d5dca7a178e346ecc3425754d6ed78d8ac31,0.25271385757777626
0x46ca360f2b3ce1007adbbdc0fdfb43ad9e6a68d6,0.2522588385799564
0xdcff156699178ad2133bb6ca64cebc060d3b98a7,0.2520493328204212
0xbcb52aa646c759ca01dbca4a0c7d2602cbbacefd,0.25179463597931756
0xb61e9761521212c27ed90337bb74604afc0a4efe,0.25179463597931756
0xb3b5a3eb6305c8a8e9d9701d95fed01da86dd617,0.251748
0xfdbc47c224c364a27ca12f5b0b4bef13f526aa52,0.2517
0xe3de02c906ab0bd3856315ef2170ad9cf5081666,0.251684
0xe98d547b645fe6be6c5ab61d856d60fe35873357,0.251617749894928
0x0f88c296d692b59ab8fa7dac6e4382a9ce27df43,0.2514907175807999
0x2100fb666e69525d3a2365ed529b3ed36bc50a00,0.25137
0xaca9b4e5c90846006cf51aed521b36280c429fbe,0.251319769753198
0xd24e1e175992ef14a782c282e9320bc342ed7ee0,0.251183
0xa23951e7512928b33c9b57822b6834b4b4f35642,0.251
0x730dda29b26b948f87cf45f8a936d577e4edc18a,0.25098564308725047
0xc657c5690df048a63426cdf072d8b735fc1fb477,0.250891
0xa19d5b9ec013204d72a1270c6ab286ff18e132a3,0.25089
0x867a5ea65b04a27b120142e80776ad76a0298da8,0.250791
0xac73f6f48b24a4773e8840406d961fa343021aee,0.2505044378253619
0x0f35e78e59694be8991aa7f03975ca8c93f6822e,0.2504148665673783
0x362b9c16bbc93ab4bba66bdcd68aef760a3b325f,0.250406
0x2a4afcd4175cb99fe94305a9b1c6d3dbe61f7c32,0.250392
0xbe2580cf8d9b5cd1eed15ca60d3e07175f2e909c,0.25028845068311023
0x6124268d39c7fc2cb858fea885c8b76fa1f8c61d,0.25028841972750276
0xb1522391f5e4fdaf0296b402cc583f93f05532c0,0.250267
0xacca9aeb162f5d7d28b48f5141f1ee71243dcb71,0.2502503201
0xdc7f990ec4d2f2470bdeafcabb9ae2c17cc11312,0.250114
0x6618a02880a16ba532e4019f52f9d02345d87ff1,0.2500984681707999
0x2625f453370dcb10cf430ed76962800412df29d9,0.2500713955889987
0x33fcc2092a3bec4fa4f7fe145b28cb47fc40afce,0.250067
0x4b2c27ff18ac6d1717c07f8137a095cdda3d7422,0.25
0x47db2e4886ad9cf8fd767edccbc3de5ed6bd21e3,0.25
0x4c1521d5ff5b3386fe1cc2f8607025c3a5cc30c1,0.2498197760892837
0xc49b70d2eec26ca91578cb2efef33baf3803f9b3,0.2498197760892837
0xa867012fbbb4f632d8013ed5096c7eba90b83ac9,0.2494770099191611
0xef19452e39b3c382d30b41055d6682c1fcb396e3,0.249102
0x8eeaaf40f7fac8e9ca640cae8ee6577b2b82fc6c,0.249093
0x353aa7e64af4e1a14410b1a10588779ef8e28f12,0.249062
0xa02472782c0d25c9ea4280df46d5ec13e11af10b,0.249036
0x0eeac637b70644a1e722f12ee4511c5d3723d4e3,0.248912
0x793cfdc121f3252eebbe7ca43aa0ac89646bb8ce,0.24883234614426678
0xc53e30d8ca6bdaff0d31fbcfac7bcc1b6a0c0fb2,0.248782
0x130a6cd4f28ccfb52cfe110b7d47754519fbde39,0.24876529564388455
0x9f94abdc1d71e544124dd2febacbadb263dab88e,0.24829813309751386
0x00be6d3b91c3c0c5fda35a5bcc25e5739b9b9f03,0.2479499655798657
0x5c1d953a1d6ab72c47669f5becb837603d381e92,0.24784491619924987
0xd921fb1180a3a7018da74fd4eafb296d25617005,0.247806
0x5dcf8446e98985d3bf342f2b9be814705028ba6f,0.247806
0x1f08396f9baebb5f643a379103b1e735bfe228a1,0.247801
0x03874add570e555ee803f127add0651c1f38e4ba,0.247801
0x891857ec7cf46a3ab3142b95553db95ea1ccbf8b,0.24780071177591265
0x5652ec1bb6482d7606218d4714009a0236d30c25,0.2474367616572063
0xfe2559da61c7cf59eff4018041631973bf85ba1f,0.24728507010146278
0x3c1c01937e811d985bde821380503655a65b40f3,0.247162
0xc040b23ed718b51af130beb0ecc38d7303aac5ca,0.24713299298244018
0xfd4960f33670f3477ebe817b184dd59fc4961437,0.247
0x9ff5cfefe1650209a783b9cf6949dcd23fc47aa4,0.24695622924873462
0x343d232420201fe901e11fef638d74cd5b148913,0.2468896842878394
0x521ef553bda0903fe2d9d70e231fc6f6a394fd11,0.2468134579441361
0x1cae7329314108192425a6cf749d057d00091b52,0.246793
0xb5bbf44aaf591793462c4517a83f660bcfaf5023,0.24679087665611174
0xf2605dc05d3bd334f135b11e9518e7e938319423,0.24679087665611174
0x9eb4b213f671aea38bd0ced0695b270ede79a94f,0.24670835377276945
0x7f6339c057f05a289c00cd7e33362da24d665f6d,0.2467061488925475
0xa87b08d9110d1a2230d94ff711f03594c0b9b414,0.24655934415525982
0x239561d0f2458466e0d77184c2d22833010a6983,0.2465
0xc9f05c47f1c55ee550099c45af0740574ccd0869,0.2464998392423875
0x679f50a5bc35c8e39e628b514496fd5f851f9917,0.2464925596328604
0x25ae0835bbbde2c717aa677aa3931952702eea93,0.246471138712195
0x255ea8b4fd23c2c4b941b66f56fa7bc8b4eecd21,0.24643186154193142
0xcdf7ec3d89f0171fccb8a38d81aab236dcba62ce,0.24643186154193142
0x8da2df358b4bde3eee12f6cd8fddbb4dbf11fa8c,0.24643186087123245
0x9e12ffc001df4918bb4cedb15c2e88eb11fdbc48,0.24643186087123245
0x423f857c2dcc78c983ae8efba4fc5d47561ff4cd,0.2464318603546997
0x7124285a7b5cc7c7d7245c38d7b18ce0fc2766b7,0.24639193113058627
0x34085435019d4552241f0b035b153cf4608b2a06,0.24627005922544415
0x7288c4e2ab9dc53ead9dafbd1118ed886ffd7ca1,0.24626847704957786
0x12dfefdfbc2f4bd83d2861f84bcd8fa28f1d2ee4,0.242
0xc316ba3c8fb281de5801ad81686e66d4259cfdc0,0.2416487743244737
0xbc20ab24dac07f1ed476394252b11da07a9e21f1,0.2414203894237075
0xe16e9d2be96c56a40463fdd07f5b93f758ef328e,0.24109061910240612
0x8536fd4dc372ffad30017f41294aa694528ee47a,0.241
0x7310c47ce954f53b85ec45f3c88c1d3e08825b16,0.22860994036615817
0x652a3eafbafca3caab3cde0e85d79cd9b19adf8a,0.22758121870151715
0xe40aa8506a9e5b91828d5dfcd71f6ae1ee83dbf3,0.22482070369054943
0x71fc009ecd838150beceb86c71a1f488c4468453,0.21695116407182605
0x6dbe171766d2276c013d0958137270e7bbbc4eb1,0.21686002150106676
0xcb252e3584629b1723d62b7bf8ed33e1f89bc415,0.21680404762242658
0x745393f401af03e58d797a0d741afcebee2b795b,0.215187
0xcdc2ee4fc464fb76180a57406f91e7e19e97f424,0.208
0xe6da99568dbe90f0d34083a09ed684bad15e5f8d,0.207393
0x84f60984842fb7ff4bdca2681643bd29977f221d,0.2072864438056666
0x36f0269f541369cb2aa9e05a334e978a687103f6,0.20712750836017008
0x8850b16d2238008b4585f6633ef5a5602a6d1b37,0.207071695042025
0x251de9cedbb6a939cfa94152e5a38118cc6f6a1c,0.20707169447805296
0xa45e875e0de82282c2f379b0bba70a0174e2ef3f,0.20693177392985748
0xaff91a7cf5ac8bf13fa16fd14b4fba9f689d4b0e,0.204
0x20c63e20830ba0d707a13afb198bef4d542d6660,0.2032102575206827
0x41264e56daeb0ab9453a170e966c7da5cb33dc45,0.20315904244725927
0x8e468e0e15d36008770bd760ba872a62fef4bbd2,0.2029049178470018
0xbaf302f1fe4089ffaaedf1d5a71249a4dcec71ef,0.20274731362930867
0x4c0f71a412190f1d0f7dabf6776ab83223edd6f0,0.20258239185129964
0x7116eee96f2472e908bdf1ae846fd2d3ed9884ba,0.202576524402129
0x0a38086c0c99563b8b138ecae6ad96970e5d0dbb,0.20241242751442143
0xdae7ecb35a668ade4958b2f67a6c398f28e30cdc,0.2020420222149615
0x49df9dfed0c8f8e34031b4c294c69c370de0de2a,0.20191994347704403
0xeeba8c566adc97163dabb408c84112c42c9e1cc8,0.2015259445195327
0xf4e41c4c52ac4277409cdfe6d4f667c2f2a6033d,0.20137997664139792
0x9b3964daf4a1d72b362a0f18cf8a56e5ded21dc3,0.20117135861579288
0x28068efb36f69523470dfa2cff7f157c7daf6ffc,0.2011644664400326
0xcd0b67a61e5e8f4616c19e421e929813b6d947df,0.2
0x98812eaaeca2dd582548add095dfc97ba08aab99,0.2
0xa9df09013b4570e74454bf6253ac78dd93c9be6a,0.2
0x1fdbffd0d8e237e64e68a904c2a6f447a1ad5c90,0.1993397307336995
0x333fd718f4a14d0518e4be77af68919d6bbb88f9,0.199016
0xa5c903b7ecfe6d838b686750ccc869c7765f8de7,0.19743289465234573
0x7bd3d26a9830faafeb96f2155fbef158d244fbbd,0.19743289465234573
0xe3a48457a71148893b65d819c3e34805decf0833,0.19743289465234573
0x8196c1e80c18aebb70be048b24af1ad1db5ce7c9,0.19743289465234573
0x72eae1ee4ff1a0623107ae104e4ca1d0547e8cf5,0.19738914764413007
0x5eca7410d5b4e7d88da7622ebdde9bfff483362a,0.1972474741111713
0x3600482c24bc2493e1ab4b23db95af529d00d8a2,0.1972474700106937
0xcc65f4a50f7e30c6e399da61f1b0a5d25b1da997,0.1972441201237884
0x85bd59c45fe79d3bb40d50239f276a9d1623580d,0.19704004649994164
0x6fb02114ec0e4f1688978690cb8cbea44b0b80d4,0.19704004019352
0x119a777e0d8ce219cd4da1553fada9c9f5c71a82,0.19700691755489588
0x90901ff3b25d7a052c25585706db38896a15ed56,0.19699514452710845
0x51d19413af0389fea70067608b7981f5c53b68ea,0.19665273886775347
0xb830cb2852c810b4be7d695f440e4ae4eb0cf669,0.19299724167970866
0x024dcd278b57232c8c166045b7e97b8e942370b5,0.1903087541698479
0x04d2fd674403b936e4e5b22e91ff3173e84db23d,0.187366
0xa91c5bd6f58bc15d6cba1fd120f268192a0089f1,0.1873
0xbe1db746d994182099bac5d6d438b8b58215092f,0.18727362086709887
0xb09853d370d34900a509e899fc8089a9cfcd07a2,0.1872398576602478
0xc062035a010cfbc2608c55177e6b08c00addf62f,0.18718790317231018
0xd5caaec7b6778602095ac20068928afa5a1c4026,0.18716549571924895
0xc30e2f03382d84ba25f103722dd45e531d50106c,0.18641475838801244
0x002c44e23e693b8bcd5c0e7dcd20114e85a3d89d,0.18281472714426372
0xb489fbb8cd821552c8b2d26a4b77d8751056649c,0.176396
0x445bb36014ab4499af30c7394dbdb48686624a2e,0.175
0x275b47e023911109e1d71eeb0f42e2e0c90ccd8a,0.17267908927754977
0xf5601c9eb59e7b5c89adf062ebd5912ace702d84,0.1726062346133406
0xd274f51520cc2437d3d48c889b9b47f7cde2cc8e,0.17216532554306793
0xc018e50ed5643cc4c894ac570c08ab690d78a04e,0.172
0xfca920fa7d86651e32e98678909c03da862cb046,0.16811459539425677
0xf2f06e0941cc988b52e12cda5a7e5e53364d6af5,0.1678033116522063
0x0c1a4068ab1b797c5c63e950af928dabecbd92aa,0.1674839274788502
0xa02381541e0114b9cbdbda66354daaed164db6c0,0.16363077569981516
0x90e3066318a8dfce91434be360d9df510cb716e8,0.16240337676444125
0x0e77baa40d0d491a9923fd319cd35a095f898a49,0.1613214969644072
0x9aa085407ee0752c21940dee26dbe625e3e01e25,0.15863183061880032
0x6613fdc9dcee727738c2055f14bbfc7d12c765b4,0.15794630315565403
0x5108cb3f1cca3fbf92241d6064dab66662d3d840,0.15794629533695398
0xf19248e5a61c4fb0fe3a442a7cdf768020ef8090,0.1577980974373041
0x074161c04bb6bcc8c84ab6280c8e02b3a6e4e8cc,0.15779798067414258
0xd0831ceee63713afe045aa704aa41d6767e10a5b,0.1577186484937184
0xda1d04b909a0d509f2800dd53f4ace260b2289a4,0.15736225575026958
0x2ef045d122973e4ea96d02de3a453ea7897776d0,0.157
0x8ab7f3cdcb97ff1513e98e30a4a10054e8c6223b,0.1547520825546067
0x17140a88667b487d561a2543e563341bb7ad4455,0.15301047360767417
0x1ba0aa091b22a545c1f4cd86f325a8d5a8fca86b,0.15301043954941615
0x46e2d4f92b5a82b82a6f698a869d66e69b5fc9df,0.15277592913707533
0xaec57e1c8278b9aa5b2af297bd76ae3d540409ee,0.152
0xa72fdf794b3e2737976c36ec42362dcb9473b374,0.15080446680816265
0x49569c5ef026af64a1295ae0b4c808acb3544f78,0.15079233853116636
0x489d717727b0974003928fe0885e30425c9a86fe,0.15
0x3db584fc1c06b3ccde08fd60410379d9f0add368,0.15
0xf7badb48228f17b0d322f6cc05bbe466e8f0404b,0.14902283230150937
0x13e152b39e001c1fd53c125d2374c4d8e1482f5c,0.149
0x1edcb931ec735417c79d523af863877651e864af,0.14876521347954225
0x18657dad096f14103fc716063c2349b1731bb7db,0.148414269981089
0x00d672e53e8e9bcd4ee4bb2f05032b3c25e3c04c,0.14807457693789386
0x7f3bb70c47b5aa07b9876ac735296b4c56459995,0.1480745275765731
0x6539de2571e48eda7ee0c893881585bfae5bba32,0.14806171051583455
0x5ea8e097e220cd58f8cb58fc1afb15d3fd434c71,0.1480236521846731
0x29791544ed01dd75aa4be126c8ce7956d27599cc,0.1479356915136775
0x9635262a080a296b306851c2f0dbd25fa9743cd5,0.14793560211720055
0x81b0ed48fc524c8ef4ca28830d1cbba26e72f218,0.14793560140303813
0x252d4500b06793e6adffbf7d706009badc123a44,0.147921219226078
0x90875a5f685bffc38fd6d8630ef5ac745409641d,0.14789553490281573
0xc0571b2cc9b21fefc1460851ab78550d06402bb6,0.14788278494836393
0xf04d124c66e3daf726bfc8cd3dce1f970477d378,0.14785913371939294
0x3b3614e9bfa97b20aa676719abc7a15b11ce9e07,0.1477816377731236
0x0f86644920f56ff53fc6995ff7b9d60bdfcd75cf,0.1465
0x0faa4a4a30c027c8669900bc77f2c4f77bdb31e2,0.14610028957262183
0x9a7e167259a3b405ada364c9724e1f952f0b8de1,0.1461001993206375
0x8640531a053a2d75c311099112d2e2d9d4c1f1f8,0.14597555841585377
0x23e7d56a2aad60fe2cd35c23ad3cc2b2c80831d4,0.14594902758412925
0xda15ee6a1d5322101b38583c09ef486ea0e93eee,0.14589872352570848
0x54f0730475864e112930020e3ab34247e17b25ac,0.1456115700030516
0x9237f6639c87eba11d3a240c8b1dae523fa6218a,0.14544321848148284
0x1fec50c77f79017df8e18fd87fb8b50bed9597d0,0.14510047883633873
0xf171423f731e527742466ecd99dc802a4a2d4efc,0.14412596133515396
0x807c880dac7088e0e34d319d8c0bbc6f3b4a7d45,0.14313883718130857
0xb84e7a0d09724a25c22d81264c5f94c39b922453,0.14294131438097463
0xf10c1dc2ae1c7528ac453974c0f050db94aeb755,0.1428427312310803
0xedec80d0b3224eaafd8b97ab48c5973e7b15341d,0.1421526697275485
0x2729bad17316e5df2f065a6184bef9485f78afd8,0.14205408626903027
0xf6459dba248fc5a84d55a32dce9d6528ab9fd127,0.1419920232091862
0x6e6087c18609ccd1097b7df285f34743a9d2e278,0.14185692584395182
0x5d6318cc93d1ff06481e2d043dc9d8b143c43c78,0.1417386295188349
0x7b4cbeff4b5899038414a2948b375aeb3003e657,0.14114057041977496
0xa82fc3650b6b7f7a878c3c0a5113618713b1ec59,0.14096970715006543
0xe6a10e25852881ca0c8093dfc4a3107b6e90a711,0.14086566565104758
0x2b5d8c0b9fb17e3c3b56fee12212c8e40ce4f1f2,0.14005840466580796
0xae0b5c66e2beb2725faf544dabc993faf4116251,0.14
0x4165ac75516763dae3481a5143f31f7b11ed618b,0.14
0x3a54e2da81bf6cdf7b54f9030c585b0e6ffb093a,0.14
0x49619207422d47232cde2db3802c1676a4da87bb,0.1383130121672668
0x800c2bda6e021ec295de5c341293d7dd2b6557ac,0.13820300841983474
0x4bd136e95c2c31bdd9d7df8aff47269d8a4a5841,0.13804780035874056
0x1233cb2157b0be813ba408acf6fa01f1bd9becad,0.1380125065222303
0x7c43e2e84d218d1c41dbe0e731d0c91c21d7fd4f,0.1380123151129186
0x5a94dc3e2a0c8bd15f3836d84bbe52a8ded142da,0.13800184965609177
0x2269c513e37f736553d7ba6f5da01c007a480670,0.13799
0x2f402d0599ac7c3abac0775468e468af1b97a137,0.13794173409512667
0xe9aa7b489ba63945dd4522f03b5cd9369b8ccf7f,0.13502764063275033
0x4cbc1314e4fbfeda9b9a2bbc5cb27842f12cc736,0.13326707370463556
0x318375f87609600436a1121bb43e9748b89c756e,0.13308353589314265
0xb4d8063b3446cec0c536208807241767a0ea6d18,0.13277361104059313
0xf5526ef220e2cbbdb060a7260992250eac514cfd,0.12821085817226135
0x00ff21c847f4e6ea9d10422ab35e1a8614af6e77,0.12821085489520925
0x0321e89a7b9484f47e8ccd4daf97ee8066783c04,0.128187243553342
0x0178274ec3e22cb684a35d829f5e15f66441e71a,0.1281445830488223
0x4641abcf8600959986321fa3afd0cfbba38fc196,0.12703821231726115
0x4faa867dfa3bad150cc2c3511b43cead0ad7949a,0.12514444952883821
0xd09149391f829b2b37b2178886a6b40c54c1aed6,0.12305975346264872
0x62be88bc032f6a01e67575327cbefdc2d8a1ca70,0.12116650460512703
0xfd4a12923fa5b718a11240d94aeef093623cfb7d,0.11870911571707989
0xf85ddf481651267b98f92232210506a31ead0977,0.11845972736674053
0xe362f604713272a472e3692367a57884d3c1de14,0.11845972499957239
0xf83ffc8692d41356dc1de1599b357704e315ecc4,0.11839725273763264
0x221dd9b3da79f9366d77997be3da283f48b855e0,0.11838706622699421
0x7ae2a2296ca9182aca74d5b2b2589ad88f2a83cd,0.11834855268114537
0x0be9afef8ea586a12482b221119f9290dc084df2,0.11832668423576939
0xb2b2506d71a5910b42bbe1f9fd2059e49d282365,0.11829626277729727
0x0477b1f5ff9b5d8cf665b58f52395b4483383663,0.11828733018302731
0x02cd285c8915c64c67c6033593cbed183733a98f,0.118
0x48fadd861e73b797540737aee0af918c7f52e7ce,0.1175
0xff9e77a294953fe0875ae1e0394a55132ad39a80,0.1143443734027868
0x8018a016868dd79b8cb5f5d84d557163616fe759,0.11434436459207417
0x766011f37dfca079654ca5d6fb3cd01e6ab79c2c,0.11434436459207417
0x43fc1612f0f5c4712433d38e4d4427e1c730e22d,0.11395008246001857
0x95ea1907fae9ca74919255928f2dbed9f1759cae,0.11395007367968771
0xd341300795a30d126926e50f4dbfbdfbe48188c3,0.11365438425570415
0x80ba33a1fdd7a4198ba778da4f8e2ec15e58b902,0.11352380314539019
0x6d769a2095d28a6a51a28fc9a428f3302a43959f,0.11345427180086944
0x985d9a64d9b1b9670fa950ac33140723da7d4c9c,0.11335864767088022
0x4baf76c0bd961a90228974d27d0cb3abf59b0253,0.11326011865024865
0xd5483d6d0c8c5cee6a1fd4cf1800308ae84b6bcd,0.11257008397225857
0xa3d4ce68045db4ffecaa286cfba05b907fafe9c8,0.111
0x91dfd2b140143d1808b73ec17682e8e1e75068b7,0.11043823704239931
0xd844d0294bbef4f982d74007cdbbf3fb228a5397,0.11043602913254995
0xb23292371ca3ca6ec633ae81646a6a47cfef26a5,0.11041004507343155
0xb13b1c464c66a5b814d74fa0f439b8f2d9c69dbd,0.1104
0x17605815839c135228d14a0de2ab5a5b63d12d6c,0.10933226865118963
0xe9bf5f12254104dcd9edcc578b19ad1429d56174,0.10867450447906865
0x7020b5882692965567ee7aa09da086b31839ce84,0.10861726563007368
0x3c6788be1c8c23f6c8229de295dff3785e85b348,0.1086172607539644
0x361d6a0a6ce25c833081daa7c31c416d4295ec5a,0.10857839240833884
0x3d86a617de5eb0cf58203c4ede280ea214010afd,0.10855062276486616
0xecf26fdae662a3de66dfc0f05137f9cd5c4f088b,0.10852147737474468
0x2eee51cb623893abe0800eb218583874b17287fc,0.108508699047512
0xfa2ea98950997c2292175cc2e32c33aca4bee7e0,0.10849536152199384
0x77014cb568cf8c65b47eec77294b707093d584fb,0.10848617391976895
0x2deae20ad0c6f552185072fe9ac660eeafafbf25,0.10848611076994737
0xfef58a4bf33a2461b221a23acd3900d786cc5ff1,0.10848186389288271
0xf585874e44ecb5af5bc49877724d1356cb4dc80d,0.10847562860982578
0x2a1cfd9d23121080dc30fafa2ffb6ad6c754def1,0.10847561567318384
0xb23bfdd18fcc7a9b79e935bbbcd215cf60406803,0.10845671370939097
0x795b56f378c33329ed03db22b5ee8f07ce8eaeac,0.10843003269605112
0x75e31695e1fd1668c09dd62164afe7735ffbaf12,0.108
0x795d7f33219e13b8e6343116afa66774e32a7691,0.108
0x2884a263674039896063a97764d40fc829cb3e0b,0.108
0x37a64b5e05f6bcf1f85a48d70b65062941eae3b2,0.108
0xcdfa53cdae342ee9e4dd2fb2a1d2959393b98512,0.108
0x0fbd4b81f9299259b8ec94cc4d9a187c6ceec740,0.10753491848951972
0x8c17a41fbb2048d0a89f6e1ce419f63597fb016e,0.107
0x337057a6727b816aebed19127e75bd4e23b875c4,0.107
0x0af6f200f401f8bf63a5b68c5eb1715e11063dcb,0.10649401742610592
0x47f1dc89a6f8ff08dfdfc4980d18ba748714ea7a,0.10649401191044768
0x7c7a0abac82caa306cd02c453fd5d43b62b970e7,0.106
0x14c0442ae3a87cd5827f96839694b458ba87ec63,0.10548098583707091
0x628b98ce0fc26f46d6630f5251529b55e0846f63,0.10516465721999735
0x52e65f84a2447498d564e194cf8f664a067d1b6d,0.1043713037941074
0xdd37d4cb55dfe0bd5198e9198bce019b89942d92,0.10378334488506044
0x433f88fc59ecc439bed298eee4f989bf84bca097,0.1036
0x9a9400eab8080cc446a457d6a7dc7e47e3519019,0.10353584870819914
0xce37a9c2167c5c71e680e07923328a4b24bc929c,0.1035358475210125
0xc0ec71dccacad31b277b7d943db5662e23d392dd,0.10353584150424659
0xe4038c60a19f9ff5967055d21c586a4a0c45253b,0.10353584024525732
0x405d18d1daccfe00f286e7a978b93169f5e29566,0.1034933662998013
0xd6c9b302b0a790026b6b00bc1a7c95cd4e60f760,0.10348460931912908
0x94eff9368da7a12e00b6c2f2e30f5e917bb57f29,0.10346580374480709
0x848f5a674ed4785aa1eadca976b98c699c08babc,0.10345658843355104
0x6af4c65a62d06f145511d943bdf82793dfad46b6,0.10340950932662044
0x15d22a06003fef9e442b19c2c0eff6f7e1b22e4e,0.103
0x68b7267328d49dc24cc15687bd124c9f31d1ecc9,0.10261095112207916
0xffd99ba9a70cb001d5410279ab851ee0cab3bc7e,0.10261095110923987
0x069778c4007f889b2942eff573b285e76253e948,0.10261095110923987
0x0b2d869d3e38d63f15392cd2b6acce7071991f53,0.10254978598356716
0x652740a456b8a42e7268174a60bc5743ccf4e534,0.10185955266088191
0x0a3995d0e1e25e9c26fee0e9fca1c52986be555f,0.10162431501878641
0xf2136c2f5931b7073a4465c3ade2dcbc523fca3a,0.1016243098873266
0xf0fb9dbbc425deb464b84d16e2df0d9c754ec33c,0.10158244657081963
0x6a1401e5fa581f93ca84a375cffc8f611cc14c93,0.10147705570664203
0x30c03041c047e1d70098e4da84ffe1fb4a48f2bc,0.10145294049369277
0x9cecbc8b2e826cbf9602493532ad5e97219449f3,0.10145258516145622
0xb036f71c8590bd9aef4666274c4ac3d83e9a7bd2,0.10144394689172179
0x5b8b359e5094b119355f636f2bb95973e30ec744,0.1014353520277044
0x280a3e8d04cf047aa65da1ddad90533a50d509c0,0.10108933048197528
0x9d08ecc9ccce24943863a575e4cdb4bff5fcdf74,0.101
0xf27b21a7e86c00737dde63fc66ddb1ab83aab909,0.101
0x2a83d1ba827727f37771fc057c4ef3c9f7bd0bdc,0.10097210381478762
0x59a76d043d49207e78805dd8ce5fbd9aa5cd5521,0.10092497034267803
0x68df438a6b4044372111321627e81514b2663fa3,0.10084583956669332
0xee0c86cf8f3139b851faee05d3ea5806fbc9003c,0.10077489267384022
0xfd1a20ee4a9b7cd0362260379e412b786f9e5a3f,0.10076615502579146
0x00f7a3730abd5990f18b75a0168104b02ce7496c,0.10067628574385336
0xa2080e45e6987f876c056a5c308bb2fdc913bc3f,0.10064725029143473
0x7af1f423e4fc739904a79f712968fcccde26da6e,0.10063766610201273
0x440615e94d2fa9a3a90367b2738b07ba4e5ca96c,0.10063766610201273
0xc3d12f873b2f00a0711527cea100392c3698733e,0.1006376517918687
0x8ec382897d61c61bc3c209d4fce70b736eae7101,0.10063765177744283
0xb9d41091ce777a30abf3adfd44495910433cc38b,0.10063765169968641
0xe2773110c9cd4311fec7aea4894dafda187982f0,0.10063765165438907
0x7f514c42ccc4050fa023addf7c8f06d69a794d42,0.10062900629294508
0xbe1299e1637ae06b1964d25fd6a7932974d19138,0.10060477674606137
0xbea99a88978015eda97452b8d2ba9ce63954468d,0.1006
0xa86f3499c5f654b2d56b58632439b354bbb07da7,0.100597
0xeefb29492a7c78a58154682fb52393380f20670e,0.10059626066304352
0x60d24bc5f2e95b082fe62669e24c1dcf2513dc21,0.10058645288426432
0xabc1c3217dc3da73270034d2c8cf9d1cce5a01db,0.10058642993936666
0x7e10bdc06e6f0ac198d7662a45b6a2a0bc3a32ff,0.10055799073740411
0x413aef30ed28b7f7621ba36dc9e55e9f2c0a9b8b,0.10055198598706672
0xc769507a076298b355219f165ec0e61cff0af773,0.10055
0x938a69292605da4751d8a70097fd1966f5496c51,0.10051825768254984
0x3ae6511a7cfeea32d2c497d027dde71231faffc6,0.1005182385564744
0x612796672cb862b7e7ac75f5aa6829268e9ff7a9,0.10050026071593725
0x09cb14cbe51b517f7df4deea712ffdf8d83f693e,0.1005
0x5ff9faa9989cbf7feb75e052645299eedcea1282,0.10049966432329435
0xc61af6a77c42228a5acf0045fa4cd2e90c0a6db7,0.10049159359937239
0x4bf164ed4cc3ded4812abc55f3825917cc344480,0.10044966754736803
0x7ada7fd68a9b41d4360991075213dff93ccf0cfc,0.10044827690154369
0x7a5d1fa01863b0e709bd3c1999ce6abc93ba4106,0.1003856148675903
0x3ea61d4e21404c07bb2c5487a959a0fcf77032ed,0.10038046915509705
0x308d82d3ae213093681356b76d48d5a4516f1757,0.10024851392288299
0x7214e37ef397dd58b95888c6b7ebca5629bd83a5,0.10009
0xb155cd76ddb8f81cd95a2b180a6292c112035483,0.10005332355687477
0x62396068482d59a7f71237963d1507410db0de77,0.10005136836944567
0x2b6abff0516a8f92db5fe2158bc6047e6da29e5c,0.10005136774627443
0x504e1f8559ac88873c2c3550dae609621dde7e62,0.10005134211431578
0x07e83e8c2ee3ad6984cc2e6c74f0d87d809d62e6,0.10000902509132638
0xad4570c52f1ff2ecc3f23713768a298e1be1f6fe,0.1
0xe295ff130ec430e78c41d9626d2312045506131f,0.1
0x27799a86c9af490f77ba779da29346ac7bf40ef9,0.1
0x32fcefa1cde680cabaa7fc668b0dba72bf3cd877,0.1
0x81a4364c9f098f2fb765c93f9874c96b9b8690c4,0.1
0x2ad6e4d14185c181773ad9cd2270fa3de7c730ad,0.1
0xb49d29c950ae3d424f8ef923efae04832e11a3d8,0.1
0x9c5a8421320d30ba20731dae552b8808a60072dc,0.1
0x4ea57cba07288ca0753205ea2fb9679e80945af8,0.1
0x40191221bedc78fe207d1b98e682a28ca2bce015,0.1
0x9400bae295f08feb0a8c00cc3ebe3018c108f154,0.1
0x185f0160005ff52f88a26850e063d3133e08acea,0.1
0xaec59225885340242c75ecd806992f4025731aa0,0.1
0x793afd8bf8926f44d39893910c0ecae782faf0a8,0.1
0x6fda31111ed7637666a29f0965c8d0f0e25f2004,0.1
0x18a34a3a1bdf4c47731bfe07ee89c211dac7f9b0,0.1
0xb18c6c3cdd341ae3974160ff466c0831e7128ca3,0.1
0xcfcb6df14763f975f73a1eadc34ca4c0bda45af0,0.1
0x4bff38f86e914e1205e0c0708b5cee27193b256f,0.1
0x68339f226824ee9fe610cbc2bd478d82fdaf9891,0.1
0xca7f6dfa1f8c46fbf361e54055355beb2acd6c24,0.1
0x9e88c2878afd2fef06287e7a0518735503f74de6,0.1
0xe7aa827a2f3809179f726a1b7b6dd22af66be86d,0.1
0xd45fa79b2c9bed62bcc90e60ae2f1b97ad291542,0.1
0x90ef56b4d13597c37b280f73460a8132b2bb2dca,0.1
0xeeb75f47c0d04e4a969407a1d4308979b819d799,0.1
0x6e82d16b42ca9df40de0c0edde92b97d2cd32d55,0.1
0x7cd29471ba1add37b2b3cc03ace144da3ad14eef,0.1
0x6d330800687ee1b85d4af30bff6bc41638f21524,0.1
0x09aa57c8ca43f877420b384141aa2698945addee,0.1
0x35da6c6251ebe9f110119eb7cbc6bd57d3524093,0.1
0x82a5a6ffd633342a7bfc9e06407d4de096209872,0.1
0x568c61d615900366b3e579ddef5e086bdb8fc769,0.1
0x55c34043ec69e9847be0e8c8f9d47e48972ac514,0.1
0x6fefcb9cc51802a8a0b7cbd3a3e7cf51c2f31cb9,0.1
0x7c0d2032c60177b1ab3d3db4d17f1cae0648ddfe,0.099998757881511
0xa9bf69477f85520d0db380d930b28e405e899282,0.09999409892321229
0x8acc63b9a4f045a280f98821146c8d3809bcc006,0.099984
0x63fbb1d429dbc86e5cf7694b6564e4d8d952ce4c,0.09978883589644251
0x8346edcaa516e3e5d8917e0af5f653ac6dca22c3,0.09958299162682245
0x244d550dff28c1657ba6ce5b20a01a8238e587af,0.09955851941644751
0x4bce1ee2ecec4fca6f3afe579277007ab7d620fe,0.09954476378547827
0x739544f6d46bbb2356c2625bd2f8a1e8e8aab6e2,0.09953325507647964
0xd7a07f4c06ca81a322714bba1c2a872564d08178,0.09953279789609422
0x26772594a277b5d6d1a6a31988539e228f05831b,0.09951501197432569
0xd2807da9f203648f47f3d3bc702cdffea6d6ded9,0.09950624679272159
0x203075c69fa4f3e437e41c945a6816ed5b1bf047,0.09949388667838123
0x4fb413cec8f243df5ddafd6549e21315c5d32a01,0.09949071374083725
0xacde288dc602996e3ceb74c058d364351ae1eafa,0.0993944133946778
0xecbe1ae15f3ee0b2d084167a2703f9cdaef93dfa,0.09938490675108574
0x68ce0579ff53eab43119c9db0545bb5df990e23e,0.0991391262530692
0x97addd8b97bcbbef2d214b1183785ad7a2ae735d,0.09909972706011348
0x20724468021df1f955235787697adb2c1f7ffd53,0.0990985968037078
0xedc452956fcdd1621910577fa59772832797aa42,0.09905788683845836
0xdc2ac78a77a5b2bb61bc23de9f5f741616c42711,0.09905005353162219
0x9411587bff07f5eec31af079b748cf49145b2a98,0.0990400902389011
0x84292719e5ca8ff29f474f2d3676535605e31a23,0.09903154484502007
0x39c1884589cbc5390dffb781da878336cc41b289,0.09900258764541842
0xec26a40e0bbe6d40aaa6e943dac44ced8b3b8128,0.09899013051738921
0x5a6e2cb991503f1cebc6d1b908d7a23aaff45ebc,0.09895100409230113
0x97201fe699a98a329a945f29dbed85953aa8c79d,0.0989335157108227
0xd95678d4670d76b3ae4dfbf1c629013088729a46,0.09889156897939451
0xef69dad7aea8c312c83d1e8057852b6ae3c1ea7c,0.09880412817674336
0x61751bc401f4eabe10a238661b4a60ba84910059,0.09879500407188059
0xdcb39f613db3cc59c5705acb544f415060c8f695,0.09879307151610102
0x39b9f9b6c4c0ef70fc7e84ff0bb55dde59c23171,0.0987917881913852
0x3f5eb42847efd50c705c8855dc7890d5498a7ae4,0.09876520433969786
0x05e532705207f7c0765dd18d0fffe8798fc6a5db,0.09872539923446226
0xe29f6defd2b77daacf62698dbbb465f68a93536d,0.09869969765272149
0xb590b7f736b61b653f22d4fdd404604ea9da3c91,0.09869457382206503
0xfecfc675fd482a0b179df3fb45d08ca4204f191c,0.09868244608446507
0x36f52b6e7a7b1c45cbc943cf4aa7d6cc1d1e67f2,0.09866438387314742
0x795429b764f2fe6cad9639b0a101bfd628f51bef,0.09866438345497816
0xb28da16b48847dd3ce9ef91748f17cbe7a3a7d0e,0.0986631859877493
0x9cc18b29254e52e481a450e69cbc6cb5d379f0dd,0.09863587708341061
0x3b3b3604a0ee99e175b83c4ed3fb7e1d86762bcf,0.09863373868440853
0xdfb11065e94df4149128bc286eecdcb3d7e166a9,0.09862379434245166
0x857a3e1dec3dafb87f49134bc80ea94eae6a9561,0.09862379404599068
0xbb510e9c5abbe9d194d7c3959dfd0d245a532ff4,0.09862378496376815
0x132b30890453843c8d876a3e78f2dc39962c9d12,0.09862373455869543
0x76a4175333bb24d1470e49aff3eae76e71afe139,0.09861971577744864
0x2159827ae82ed838241bbc62d620a38fb7f8d4d1,0.09861419972012536
0xb1b2b6508e7f55dccf60762e35bd96f5c7325c09,0.09861416780796266
0xe472e1083bd428dc168413840a4949e372086167,0.09861414636553341
0x931743fb2a48c8472507eb654c3d36dca26c2d41,0.09861413597794876
0xef1f34bd2203f26cf131b5204414bf85b485348a,0.09861413287779998
0x4a9ac6a359e665357ea4461c91f43a173179ebb6,0.09861413287779998
0x212b54ceec1756933babb7365fe53a9602285699,0.09861413287779998
0x2c858eb213ccd726648a8c58d2c6ed5d5d790965,0.09860557169083882
0x1c465be87afd72a663c6f6c5b8121e70887e88cf,0.0986055716848147
0x04953ceb7f3510640c8a69c175202b1a256922fa,0.0986055692365903
0x4c02fb228d8dda2699a93e14086b13f9504f3493,0.09860556891463364
0xf52acba759bb4a3770447efe91a5436f90dda25f,0.09860556879907283
0x5436cbb6ba9d746f35c2b1fdac9ba64c7a1bde16,0.09860556878785653
0xf601d1f8e82fc71514e88bc2b0a26d8a305f9985,0.0986
0x7235234cd74573ce4ee36194ae67bb36027657ef,0.09859760702262396
0x993848282af117f458b60c3250b7e3fa9a5426c5,0.09859703098962944
0xb29006bb01f23fffc36b0dfc5c5b7d23e57ce729,0.09859702283945881
0x3f0f0e8de1875d03974e4613a84d2bfc42f0c4ae,0.0985961156263604
0xf0b880e6b7974377f94501d2b542f6764360a49d,0.0985960763585415
0xbebdfd8683f88ceb04c2d8be56ec244106c0d8e2,0.09858852437951914
0x00837b266fa42e7dcce10d7ab4c2e3f423938652,0.09858852143940795
0xf523014e0a4f8004913233cdef5a7b5c3835b6f1,0.09858038017392469
0xc0a548be89e3735b1f99a9920a9617883c2a59bc,0.09858037905672197
0xfe3c15e0adf666c6d5477416b3ef75f3b018491b,0.09858037761940366
0xb207a856b1ba5b3efaf1577e695eba3ee9c0be21,0.09857277722716783
0x9b9f4c943ae4382ff03b176cf4a56a140c2b7a8a,0.09857277714850625
0x4809ecb16d0643bf0d01e90396b7b3a56311f300,0.09857274648890982
0x468bcb0361afddbba94915c58c02655f5d351c80,0.09857274393019322
0xa77fdc789b3b8c8ea7a311c9db8f4936e4772d40,0.09857273687298065
0xa2d48ff5a0f3e6a95874f1de63afc0c35d267b48,0.09856819304426227
0x3149523e841e8b26b3340aca137e2bc0f3a7373c,0.0985650058580382
0xebd2daa73b5e866de27f713771605115ef28d0d8,0.09855708402381734
0xce221f94bf2b89e78402905c278426cfe098b337,0.09855661206637423
0x772307734ab778436ea23723a5d4b0445a59d4d3,0.09855660763118863
0xa085e611a93dca411a56e3afcf3fecb7929e20b7,0.09854735437095785
0xac46d16105d33bbd41674ed920dc4d499371d7e3,0.09854735437095785
0xf0c780b4f6bfa3d84977b568042114a327309c40,0.09854735437095785
0x34e3b2f9c7f557db72f8b25ec53af62ab3ddd54d,0.09854735437095785
0xa8ff4670c4e8f3909b3ce2666b90d1d95da77120,0.09854732491819762
0xc433ff8586a5b8ed552254e79500f257fd41cd08,0.09853874401197926
0xd64812e9547b87681e0fd3b364f77c304cd249ac,0.09853865940209743
0xa97ec5ef84c722d0375fb77d7b9bf3b73af2c09c,0.09852951464862386
0x1e8e55a247e64ecbfa3d1f507c03044655b2fab4,0.09852945465441765
0xb410d2a8b78fda835a3f7ad79c6cf6422dbb8406,0.09852909279702643
0xac2d9e7c8b6e45b829088396bc7c3fc5d8aa5636,0.09852712793833499
0x38ea84e917dc3434041bcaa517f88cb89264d8c2,0.09852100938013746
0x1d6f2c50aecba96965173c5fbe0823f23951fcfc,0.09851727806088045
0xc44c2578d961dd90378a4b4651a95a3f4f18d84c,0.09850841339838869
0x3c4ad2790b34b9f19b52463e411b6df797c0a3a1,0.09850745929695695
0x78f15f8189f2d831986eaba51e7dd47e4da07080,0.09849911775379705
0x85ff1bd2035a4f1211c190f43c41f0ea725dad61,0.0984976935285947
0x1b0c7fdddb8af2c6a5ab42e0714b0248257cfe69,0.09849761958080956
0x5b6e2ecbb881b3068accd0e8891968e94f3905e0,0.09849754892451248
0x6bb4736def500be6c082de4282716d507bd28bf8,0.09849754892451248
0xe9aba36078b0d99cfb7509ac7839d52c84504808,0.09849754892451248
0x3da16ae3942886c4f920d69f6f36466434b2c4f5,0.09849753237491199
0xf5ea223ebb0e88d5fcb02f2c578378af84bfaf4c,0.0984975290906807
0x0a7d3f0efe2568da3d61b991bdc562aeec6ec460,0.0984975290906807
0xb3198733e946a5e41fcd082ff4ea3efd32df5d89,0.0984975290906807
0xd3654b8846548714b0b1793e016dcdeba50ddec9,0.0984975290906807
0xa7a5d5cd8035809a989072aa20772293153b532e,0.09849752867001853
0xf819c76f1f3c14f26e8d4c5f8424485014b17b4a,0.09849752867001853
0x56c67599af3bad71a9713471c4baf68d9d474a81,0.09849752867001853
0xec6ad0d511c00be2d5e31c8b42b30761c65efa94,0.09849752867001853
0x48412abcf65b1307d26429b0e8063d94ea0f56db,0.09849752843281877
0x358fbdfa2e8a73503b91a7549473a6821e5e66d8,0.09849751580578689
0x777435988fde7585ffaff79b8bd9ce31d9afe9b7,0.09849751580578689
0x32c1d20f5b774fd8d3e17217039da0fad6adea0e,0.09849750498346256
0x0474a4cfbad2e2bf4a35b2fffa49931e97f505f2,0.09849750474429883
0xd9236ac3b4406fbd26c8787d3b72657c356f33a3,0.0978524286737667
0x34f191aa7fbf6f86b3430c939793d346cf74f934,0.0965978730357146
0x74d698a8f06c1e1f8077544dc0f9163aa5cd295f,0.09658552811747027
0xe2e2978f0f13007705b1d1a9bc8db29a27c1c9ba,0.09658547847508228
0x582009bf24a4ff9869a0a9c55f4e36dfdfe1c785,0.09062821060160313
0x59800e95ef87ce2e38c7fb147eb467ee9b684e0a,0.08879794635104736
0xf33875a37ec61b90262d8db4ed48f0af0f1c40f9,0.08876136417247953
0x06e9010eeb8fc2bb5ded9507ae280b835ad1aab1,0.08872961017638509
0xa17b65465afe614d43f2adf165b0a1ef2a515aa5,0.08867645558768869
0xd881b36c548aff08f1a7e50f9d9fc5b561a66729,0.0857516376994988
0x7ff87d2e15055e285c398608a33c221aff785843,0.085
0xf0cb03184a0802987eb7c1977dc283dbaa2bb19d,0.08378023446720255
0x9ddf92d429f5eefef03a317830f9095074f723a5,0.0798832232182272
0x48f8914ccf50eecd1b2744c8cae6f165284f8e2b,0.07984392166020711
0x9dfa09e37aa2ebab59484c711b5d04d217f688ed,0.07903600695272389
0x11cba7de405952331a8105646add7f0f50890fad,0.07885205074639055
0x94f139064fdd4b798f47d1f085d43a855f55d84f,0.0779
0xd4a01774393af3a14ecf78d465d8afd2cd106cf8,0.0758886345472883
0x8670a62e6ca0ca4aa347b3f839f971fb469fb98f,0.07453287254816347
0xc623c9935913f15ad579eabd911e358f2653d69a,0.07396062411539525
0x406ceeefa0261873013b4cdaaf2e8255b67b62a2,0.07385653672271345
0xc0ede2160b7ae82e7cecc46ef1d83d65e6dedf75,0.07291900249631898
0xd27cc247d26fbf8b5b73495de89695683a91ca26,0.072031848523792
0x4b7d852f97fa86c2308ee86b7db98a0cda0cb266,0.07094134893625852
0xdd6d32875b7ce1b3da2d273dccfdb30d4055fefa,0.06907766715345177
0x23f7013a09214fd6f73746d226d4ccfd015ff0e4,0.06900625335247351
0x7e2b669c38c9466d3f84e185f10b3b8f345ca458,0.06900616992746911
0x25ba3209a51906ef2231135101948a99602eeb73,0.06900096277712112
0x9fd65f3c864c7739df59422276b1aa33cd169e32,0.069
0x871e53097d0f3e92cb7e4cf3defb4d6220f4a43a,0.06897712723047691
0x50f149cd5bb451484f32847ffc47bc6ef64bfc26,0.06896484949340963
0x2ccb44b9572805f2740b70e1b5f7641706d66ed8,0.06797971221924264
0x3bfb3e74b0ccaa867ee0a0466cbf5c95a785c763,0.067563
0x12b0a248bfda4f99c503aea144b250c3946d64ef,0.066054265263682
0x1f5fd675a87c7d28209cbaa0d0fd3b3f8e2bc733,0.06506842542877878
0x66a90695bb1eac17ab2412ebd1b63e01b26c67a4,0.06506838131892924
0xde5d21c55fddc6d7ff486c0f0bb08044104309d3,0.06506838079601573
0xdc623498f0b7a50d3065aa34fc8675fa78e7a3da,0.06506838079601573
0xd6d79bf141e4abd18793df70545c32433bb92ca6,0.06506838073859536
0x9fa94163dd32140f30af9e26fe923363b16aa021,0.0650683805764142
0xb429828dd8f833a708068639628ecc95fbc2ae6f,0.06505801145265737
0x5037beb6469acb898b4ffb3a0b7ad50747eb8b6c,0.06412193162080096
0x71152993d95e397edbe3bf9d7e5e16ad467298c2,0.064099
0xcb0c48009f344244a440cbd1cd864e69b9e451c1,0.06408249623841716
0xcd2977846a2df9d7b8d3fbe29fc3d7a8eb2e59de,0.06407227326280018
0x542714c4a85b7c67f73a400cce7381b3082175f2,0.06404396776608753
0xc5c092adbb6f7873c706d5891a3dc861ba8d0394,0.06346445142858291
0x71d4d9e6e84fda49c82cf25c3e7766cac1765ec0,0.06308656396249712
0x41f8f45f7b45540f7e9b5aca8065d676c3004530,0.06299286129582583
0xdcc2b58399eb0f934b878224a2ea18c3b48f78c7,0.06279569710476056
0x4a0683651f8866176c2c33a94357b62d4f7bbb35,0.06111973608062125
0xd990c6773d8480df258c232f5f4b291d7fd84663,0.060108749044813496
0xceec765627f44d18b55196a15d7581d5989d4fa7,0.05960028508601111
0x7d4c600486cfa7be074b23af2dfe19ad24fdfa4c,0.05929861670525881
0xd324015c44868659fa8eae4a36c7806c85e6b0c0,0.059153121468825474
0x08233de47ffb52bd192460273b83f8dd543ad29a,0.059153073398723055
0x1d3b748a52ee3f0ab6bec58025c17d8bd3c1c7b7,0.05914363479524891
0xc451a2918861ac3bd77cef53a62f9ec43b5fd059,0.05913424883652693
0xf27d5eb47e135ea434d03676745f1f7ebfcf8019,0.059123313382749995
0xd7dcf2602b07383be4925905a3c275615fd1a5d5,0.05887082862510064
0x0e95787cd81ac81ff70c1b80d21340521ae260bb,0.05763423288963306
0x9c96e2c6586d823a3853f96892da3ea718dc8ced,0.05519198814094919
0xbe488bb2f7b83f0cc18fd904533bcaf41715025c,0.0551762919663348
0x809eb7f6f09bd330c301b4229a3b936dd7d391a9,0.055176290897150274
0xbcbfd78e161261d5501b83e183f07b6af61ac946,0.05224760165024971
0x3cc432cf9770efd8410b7ea2fd1e9190543f415f,0.05125783227281519
0xdfd82d73758a15354b1b0f9616a587481bd7d70a,0.05123514906803212
0xefa43cc98e0dfdac3cf7647e81f7f13b4df4c995,0.05123069256162235
0x999cedd1d96ef3515a71aa2366a2845f4a7cee99,0.051218702467035394
0x4431ca642c4c47cd18450d0968255393012bcfd5,0.051
0x02ab4620c0296dc91ccf64ff17f56a3b64fcb1a8,0.05032801600916521
0xc64a533b2141549522fd6df426bd2b2149a5ad4a,0.0502801123889146
0xad010b921364aacb271afbadeacca20a1a2fb831,0.050272129889731496
0x9bf4b1886077518932c723db92cfd9b7f3ddf102,0.05027210292907822
0x63d8e557ed910d81271e4b7c554178885530af8b,0.0502721027993198
0x1be330b275692969cd6c4335a47c37ee34e33344,0.05026815294911294
0xbcd6cad19305bf2b1e0a372107ebffa37e5414dd,0.050245820570089625
0x01fc3fac16307aabe0a04c411a722e81a67f2247,0.05024568130006956
0x7c21d1c51c1e17e1afc65ed36630e430a3c9cec7,0.05024545695129032
0x25eea5ed9698c7849ea5677a638bd0a9e42385a5,0.05
0xa0b09e86dc57f08c14b1dd72cb427d6fd163b067,0.04964569632814026
0x035cc2e3ea29d771eeb232fbb19dd97e7f0d3eff,0.04958003076611943
0x4f6da0bd7f7623f1467e2b85d159863755f0a4ae,0.049345377771974175
0x3fa93cbb1ec9cb14d0d6d51684e044d968180513,0.04932213593068727
0x3569b9b969462aabcf171c1da1c2627985083345,0.04928637718539922
0x807e50676e3f4689b41619d5b5b52a0a63f14647,0.049273646793839186
0xbbe1618cde66fc70ba56e4e1417fd591ad20572c,0.049273646748373666
0xa51935f18645a9fe6b96f2e56fbc8c7df393680a,0.04926936312740727
0x98e0becd1c45f3d32c94ec3a55fb2bee03167597,0.04926049519186504
0x5ca6ed74f40d1582e8b74d3d444caa08e80a3c8c,0.049
0x4431d779d007414d74dab6f40690d923a7b05069,0.04838672067234235
0x4da27da667158db7b309d52dfce81e63e2db2eb9,0.04830064977233577
0xec4d58c50865f7c461a72788fd8e653183186e8a,0.04827533409232744
0x866ab9542c0f5dc6ed884019d70bbb37c2d68b02,0.04785208919742898
0x740211c7a4de87ef6bfae2c183d5f02e1cf80d24,0.04729860295727305
0x2cfdf39d9fdd8f0bdfa4e231b9415d3a9d7e3197,0.04436115841118511
0x0c7375922fd6dc615dc738554df47c8b4d311ee3,0.0433570492484027
0xefd9470be61c80d764ef1af5c9a92daeff560592,0.04061505860960363
0xaf23e7c33d0374cd92295a802deaeaf52b29b86e,0.04051647837025993
0x4bf632f7627fccd1243c5f948ec267ec1320a8ec,0.04041789831820369
0x5e9759f1218d0fa98e6ebeb179321b4b911d755e,0.04031931789157253
0x11e60d83cdc5e0843162289e13af78eebdd176bf,0.04022073765222883
0x2fee86bf32a6c4e3b832554a1829384d0e2df938,0.039452881828692055
0xbc1299e8a028129be44c0ca123161e6bfa9512e2,0.039449493369505026
0x786694b02f1d331be540e727f1f2a697c45b57e4,0.039449493369505026
0xe234d12cf319d0a459cf1016d2ab825bfe4fbfcc,0.03943540826534825
0xf6772fe10c64fc60f5df3ebae5fbcb38485b4f03,0.039418940651609134
0x841763520f5737acc31ae38710de221742be3246,0.0390606492694916
0xe626306211c1ee4bdb01bbbfda6971ea77799e2b,0.03746361318553619
0x3b8b43376703f953f1f68c1c6411aae00ac25c36,0.03742927367706504
0x2526ce6014e8c17aedea915fa7470d4b780ade98,0.03642791582907099
0xb8bea843ff66c743fc3e382aede81085b8370d01,0.03583634178064064
0x0f5fcc062e9a98182196ae0b07b758b63cb5b2e2,0.035504544008147135
0xd7cea0a463e847da038ecd4757141174aa665713,0.03545920647216167
0x7c976c53d43d52fff0a8082c3a653b468742e586,0.035
0x8fb25fcdb7884231edcc2165df151b27fc529089,0.03450307687979783
0x58747a73339402903bb6eab61e88484fb7076072,0.03448856428334742
0x86b49b510ce89b16bfdd0dee5552d09c9a33468f,0.034488563063976886
0xbdd67484ff11939ef22428eadf7b170d6438df9c,0.03448855994865133
0x26d6e11cebffc8f20e9ed94c47e95a9803e4a5fc,0.034
0x225ced5a306aca88757d39fe3158cef4c70fad88,0.03399881631596597
0x11f3d6c88ad0001da784fc563270f1f2282c28ff,0.03352007494186476
0x15dc6e0b3601ddaf31ba65d18c9d99580c93e461,0.03351206055564067
0xec7f865ae84573cbf914895e63f4d193f437b51b,0.03349680798499377
0xd63e70d0236d35d139b29cde9b9942036e5aae0d,0.03290256949342521
0x0184c87a7e5c7f7f9cb757e3789f13fed6207cca,0.03282721208184446
0x73371e473fb129916f80bd982943dd1a8f38cf8c,0.03263844341731139
0x4e3f8f134ddfcb8300c1dd9273faeeb7acf0f5d1,0.03254267284917966
0x56e5d31dc21fbaeb4613ac1d50c2667cdef7d075,0.032526470488813373
0xc3ede09ec5197a84f30d53b53f349f68f091d641,0.03251779290827709
0x0ce4739087022081f744e013af2217908d0d207b,0.031804
0x5bd38cbdfb69bdd8cf601365c9ab03159a89c6c6,0.031545721069636296
0xd5bbb481dc0497276e26fd5c1469c4bff8a02fa9,0.031545714200893006
0x51022404bfd001dcb25c8b603a192b46c18c3164,0.031545668732881775
0x7ffb5709b57a21c2ecec087a48d7ff0f30d1b348,0.031543289420698326
0x05a5fde0bb75263678c2b41186dbebda4d001f7a,0.03154328148397438
0x89fc3d5448ee2cd424fd8cd7e042ce9d2a14b078,0.03154327887308356
0xda92686c73cd5e219120acfc476f4671226038f5,0.03153248952124992
0x6bcc4e505c995d9dd4e3ba67523728f17b4af164,0.031245123036460695
0x92496304b5ee283d9a8f906c401325b1b4b2fa8b,0.03104800675326681
0x22fefa53047c8fc4fd99c841f499ef8bf169052f,0.031
0xf1961040f06024b861e9bca22a7d009c30285b79,0.0301453414532
0xffc02aee7b4b21e17f378a6ae4283a665ca2bf42,0.030124564
0x69ea76292f8ac892f93d124650990b980326e8f0,0.03004675135
0x43e2ec837a789fb39f13098bef24c72c27c28806,0.0300454672
0xfb92512df0813011e60af826dab8aa5197054874,0.030034451
0x241d668ec46be49da61a12eacefc3ac3a73453cb,0.03002145612
0xde26ee89019929511c0c94650ca4b6ae059f2633,0.030015677
0x7cf26bb18400726298830ceb93c6ab00c7dd5dbc,0.03001224
0x4ea98dc8ac7f0e04a033cba55759e209a758f589,0.03000124
0xe966f783048c099affbfdf08b2d06971fe1e8719,0.02985169953586324
0x268bef9b2751f999d8d667ce9486c77607874b2b,0.02969182665955459
0xa191ba98aa470c596b6bf18825d635e254ed9477,0.029638502607271456
0x6d4f97bc946e75b3e7ecdd88dedacbe46cd41870,0.029638474279900264
0xdfcf8d633ad9fc851097cbbde6fce6582162b7bc,0.029617619613716735
0xdaac5fba0827b8fc218300cdbc40345e73a6bf1c,0.029612350415141195
0x48225b838aab4a3699b4659dd8b065eb55c69c82,0.02957910268837792
0x7453cd5c7cbd120bc48f108cb39fcd9ce7766e4b,0.029576536649685767
0x2c2902de9703128059579e51f84db150ea28c876,0.029574114153646764
0xc4caf8e40c896ffade5d539b8526b8b07af55a1d,0.029571820950691236
0x91858a26229c3b4d1df3aa7f0461ff6ac13e46a6,0.029564204926224257
0x7fe9786cf15fcb0fdfc38d42302531efa503602d,0.029555997056338417
0x4b53b79bc4ea932c7f9ca07cd7f013f512ca982e,0.0295
0x5799f1bd81e639f5029832e72628706144a6b175,0.029269377501695372
0xf857ae9b7a8708c160606588f85736b3c1de82c8,0.029083615800177584
0x1ce8b5a252e8aec6dc2a4748b891e536f8619b66,0.028588263393550983
0xa0916939bc6df396cfeab2dffb4c4f53c1a09002,0.028571151663292695
0x1936c8603fd019dac6f64e142953e946cdb5a0cc,0.028292562378512943
0x28a25db9d769d5deda7b5d28b573da4535d7bd17,0.028
0xcad4f4417ed241bfb0061c6e9d572a3e12159549,0.024922
0x4f6b673cf365e38f09fe7c507a61271bc2f65cce,0.024655948618129305
0xd80c66c7bceeec281027a97777e46958b84b41dc,0.02463233705593109
0x27e0482d3c8e7153e2bb1101ff635b0e8df6a6af,0.02371328755937529
0x5e117276a540dffe52f7406fa453359631b3a6c5,0.02366969602170301
0xde518ba2fd05f622c4035ff588c46e118dffb4a9,0.021952017001246608
0x9d82f55af0e9db1be7e9c72ffc68d72829bc4e8b,0.021674716085357124
0x982406ea4b0b13614546ff6f9a9c85d027a54db9,0.02
0xc2351d17950fbb617175279f5d1463735a824504,0.02
0x2dc61144073850735ecab50d19e5b52791106fae,0.02
0xd5d038cc82f38c24bb32a7abd9778d3d29318f6e,0.019724758809198138
0x841124d2b808c723c0611141aa2dc5b14bbbc217,0.019717691222884443
0xbb431742280d379978ab84fc1bb0b27fcbc4ac5d,0.019717691222623755
0xd5f5626afd0469c3f941272612e8f65fc75e47fa,0.019717691132907684
0x8d31c1f75cbba98b5240b83d543ed7f803ecbea3,0.01971607134391146
0x2b6336412636616e9158252999432e1d6938f89f,0.019709484705803953
0xad2b114c44523c713ee3d74672c4686447310be7,0.01675837629944966
0x12dbac3e9ff997d69821ceb979edda07e75f8b4c,0.01674458835267914
0x17f087c54b9ef50e94f48ead6ccdc015d1db7f74,0.01577286068225036
0x7cf666a3c3d7aec6e18de6b4ef0119808a7e8d5d,0.01575970589573649
0xe92a69fd30784457f5ddabfcfee1c8c86e291212,0.014975259455554136
0x6b8cd6a9a8d135c7172244037f951e4c66cd09c9,0.01484590705818085
0x74b0d3ca2709cb51738c179d66c4b70f3bb18778,0.014821319899692913
0x218eef39da831fa4d3ae16b5d44b5bcb920b8706,0.012815447009925167
0xb24a00f55830ba2afb121667026e299cb4d07b91,0.011823490404485123
0x1c03b66295516ac70d9cc203e30d26d72e6faa6d,0.011
0xecad7792c24ea927ec8a5fe9ee183639d2f067ae,0.010848615840326788
0x8b2075f4c50892a0104a6951d4eb1b14fb17893c,0.010285386669787084
0xa34a89e0abadc57858a3b693fd243267c72a1563,0.010055196131803779
0x5145a14aec3ee263c8b698b3eb74a4adf6a4d930,0.01
0xb351a0a1173d66966d72d65038ac9d34316a6415,0.01
0x00ad6edc5800a7b7b7097a342defc80cc7583027,0.009860557214024209
0x20fde3768a07c1cd2d89ad29b993515dcdb1cfdf,0.009858845504749409
0xb85114287196183be3be968b8b2f0affcff0deb7,0.009858023934369811
0xfa3ec90991f96dd624a40b6bc2079096a3e26203,0.009858021635161708
0x52d9ee719e1011210b3700a9a765cf0c4b1f271c,0.009856500496509234
0x2a2e869ad7f7b3573af66f343ad1af0670744cd9,0.009854742
0xfa5577ffd9763456dbb7db8cfa01266b04f182fd,0.009853875625287055
0x9cf9abb4765ff1c5affb35154c3d68d082ebe3a8,0.0098
0x3588bf90d2a465b3bd475c10ecb7c64caa3bf28d,0.008007681889187424
0x54c77d021240e2d8f9e46bd267da40046b4b7677,0.007881604829070748
0xe6287129278801d96c64742f50796855e8bd9106,0.004935379757386664
0xf62c598096a33dd590d086ca92155c1c704af9a8,0.003940800789452724
0xf64e0ddd7466c1ce58e3b78545fdfb1bcbf098be,0.002858146060981502
0x231c89129ddc3fba317777a795213ed3179aabce,0.001971940234941895
0x677c46f061fcc3c3ceb9eca197da9c6226d47c7c,0.00098664378531385
0x4e16b1c90ecf84ce7740f6eb26e4d22371fe8782,0.00098580397666339
0xbc52ebe50b28ca378f5c23803b5d8df8ffdca901,0.000493027844794566
