Address,mint_cSTONE
0x4292c7c69233cf3577fcbd9205a4a6096857a7a4,T
0x3b2ae6db08362c1c52a22c6e44902bee097c4e4a,T
0x21bd79af9d91a30980661887319652b1a253eec7,T
0x0863e6edc0a540021a7151c6aa9e500648a3411a,T
0xd8a7b4100ee7096581c61244d0ba31cdaff0b554,T
0x84af2793b6a520ef7152f0db7c45de68e27fc531,T
0x622a6140025822beef5c6e0a095001df97d966d1,T
0x4cb98a6bca123174f39cf3536735443175fae4f8,T
0x59d1be9b4788dbad86a12bba336171e690854430,T
0x430cb73d260573570ea22036e93e92bdbffb58a7,T
0x314841d7c4fcf324af480fc91f6b7da4477600e8,F
0xc3576388a4bec33933b3068b0a3004c563832546,T
0xc4d2cd25fa8f578e470c49d5fae14719f1348bb3,T
0x688cede8449fb980c8d6723563f273fd1a112f7f,T
0x77d30d7217ddbe420d10896941522108945f4948,T
0xd4a6cb749c663d9bf8920dd4397b28cb23b6344b,T
0x9a5cdc551713f81849367f65446a054c7c02079b,T
0xd6f6a387019961592c97670fc4c243f5fc6d2153,T
0x26c8784e4638de308b76b85e7be543a446808a3e,T
0x386230956f06b1e86741dcd7a7fa948f489ec33e,T
0x9dc4b6fb385743a8e610d74ee9d481af4c5daa52,T
0xdbd325f48ec50c224677e59b0f77a4a78831848f,T
0x61ed234f989fbd0185718fab37360b85faa4b5cf,T
0x4765356781f4144fb3e29f8be744c79f16c6a373,T
0x49e9f02f9a82783035cbea8a930511983c64f397,T
0x106f76ca9cdb45196b8f340425358a86447cb583,T
0xe0676bc6eaac862f121f6d5b47951b91d780e2a3,F
0xf2532c1bb1b6423a1c75478cbc9b399d8c0464c6,T
0x033bc0698bfd7b884e1f9b0e51f97ed3263f18ce,T
0x469ae9b2452855fcbff657f2fde7928ec301c923,T
0xe44db3e5a5a0cefb7d9005ef299d5a718b3bc841,F
0xb6f8b442b679e3aaa090c75320409f4504206d3c,F
0x48f461ef9798b9efe73dca429add751284d8488b,T
0xc6db6defe689e38aec989f6877115e6129d41e4c,T
0xb4c9b3cc1d965d35d9a0cf1b3fbec72164d77566,T
0x304fab728f47c37f036dc2623ecc631edccfe9c4,T
0x686319ae6e392e020b851eda938f3bc1ac52008e,T
0x82901e496b238487e3b3c1b24a2746b3947b3887,T
0xa582c011842e4aa4d3e3578128dd9851c5846a5c,F
0x566e9044bec8ee0db4e5b905660cfcc27a541b88,T
0x3c3e13d758ddb704513cecfc34049e92e1058d5a,T
0xc03109b0830748fbf9a0d83c495cbbcb2cca2965,T
0xfbfe90bd4a77fd93a4a6d211659202a885398265,T
0x6b69a26e05ba29dcf0c3e354bb0823cc56aeabfc,T
0xbc1e6d3f3c00124f506a0edcfb622f9b3baa640e,F
0xaf4f9aa4a83133ae981b5afeda7d764621c5fae6,T
0x4ba27573d123fb1286c9c7b94a7819636a4ee0b1,T
0x0ee007fdcd73ad1062a3e5d8863b8022448a2dab,F
0x9b0dec8f04501565357917a275ea829352a1fd01,T
0xf56e9140540108c2c071912c024a173a7d8e5ed7,T
0xee3b3fcc5dbddd955c265e9709093a2f8c4a3d90,T
0x045c9001f782af21b13fe713cc847b9c6a9f70e2,T
0x1724f96ef86a23e757745e4e09371b78c3cbf142,T
0x9edf273c6c73ed95d6d1cba07d94788113305eef,T
0x126239b844335bf270c59eee455aa2fee5cae81c,T
0x6f96aa8284954732481e7b3c6c352c3e50115afc,T
0xae436f9ce125abc292f6617fdf7b867d4ec3787c,T
0xe34660898a0fc68d9c54d4c74869e1e7c712a8f6,T
0x7fac38218b0cf6d5ef28fbfb43fe97889f8998e9,F
0x5088ea6c3f8345238fc0b901e0636f1c6ae3bbb1,T
0x68dbadc0b2f9c4d7e3bbbea3b2dc7d3ab98ebdf4,T
0xb45a76fe928436197972d0910756f168fd327766,T
0x8a4db30a284dadf6a6a318348513eb0cb9fb9b51,T
0x9873bb9187b601be303ca2545f6ae8618589aba3,T
0xe28f193dc953cfbbfd96eb9f72b352f83254ce42,F
0xd4c881c20b8002af7005696f0ad170dd356b8c2e,F
0x0c6db92f738e637d92b03c4e7d7dc549537785af,T
0x63457c1f783aafb965c36d25e39ba72aed07efaa,T
0xbe3a15a993e0dd9faa67190ea9f9657c93d38023,T
0xfb34f2f05a783d34f4d63cd6099ec0a1f1b4d0ba,T
0xfd6c9ba740d38ceb842a19694a307abfc36162d2,T
0x7eea30267158594582272075c2f29d156ffab764,T
0x468e0d559175a0978a1f24a1af834b391c8601d8,T
0xc14dfaccb6057b80b1f1a8381f63a358487ae898,T
0x3a0fea0ce1b984b7e4bd7f63cfa0d9d95d4e9659,T
0x955a279bf6772e388f8ac47692e607aa6b2755c6,T
0x17a07d039780f94134aed9d7066c5af01da00bad,T
0xab78b787d106ae889132972f7e3c6b7c15af4814,T
0x4596157e5a618064e9cbf9bfe44a97583877b67b,T
0xa87b532f13abad459d96ffaf9b845dcbbcc6ec22,T
0x166e9eea55c16a78d139940f48dd7bc09fc71473,F
0xd7b68969861ced7534a333c28d0fa62b9dfeee53,T
0xcf21c3bbcc34afa5d474cff53752f8ee8395bf9b,T
0xff8cf89583c1660caf9899f9362014ca2ef87ac8,F
0xb1f9b3d74a6140d640e01b0569868b86a9b3d8f1,T
0xb1b896583e2e82242c25165f24508989c88482ea,F
0xfd1804ef264220c26cc7d09162d7c2614f48bb23,T
0x5c216fb89b6f521bc10961f684875ea8075a9b9a,T
0xe5376388e05557a004c847b204eac1657f7c7520,T
0x633e57738f952b11c83e25a6a35578c99a597a97,T
0x00918def8a3916f15be59f2a963b9f6bb865c020,T
0x0eafad9437deca8d4021f23a0511e13d1112ecf1,T
0xbb3280809f49f6f15a73a35413e1d16a2ed8c25c,T
0x623f694d9cf6f854fd1e5f3aaf15f566ccc76b1c,T
0xeccf9cc58707f3a460c1d71be64d54b6f47477ba,F
0x2e8e9f34c8adb12f8adedac86b719f891ba8d7f6,F
0xa734b1133b846420567c98cbbdc86b6e3782f355,T
0x6a7800fe9132304a2a4c19a2d5b0b2aa7273b999,T
0xbb07175b6c0a4627b69ecb6d0b102e6235e676dc,T
0x3a2880f33eb6de8a9144638dda6a836e2a5b0e89,T
0x1850ee62fd02d88017b9a328d72a57d0c92fda28,T
0xc9a5098a1f39218c58b9ba33971b6d35aa59c881,T
0x9d99b84be113b8e7fac0fd3efcece418f302abb9,T
0xd0eacf9f9fcfdc7ad182267c6f99f9e9c8d93cea,T
0x6c2a5c1358ae82e8e44f3c64f6f891449fbd2661,T
0x1fd7ed6be3d74568f56d95773df81cfaa0e1fb29,T
0xe31cf9050cc11ade7474e9b98e6538696e2ca811,T
0xb7ecfdeb986d61838dea078a72f6c566534f049a,T
0x3d55d191094ad7bafb0c6569ce32758b77a6bfb5,T
0x4c82708243dd9790d8c2225f14e7d7a6587480cc,T
0x2b11a95a7ea2438168b57176e3a2e10e24fdd684,T
0x08aef381a921e3b058e4da1c0e5890a2f960d703,T
0x0ae11a8b20063d14fa9fbe4786b66c5b8b16112c,T
0xcf0d4dc44de72e96ccc650209215ac670d612b2c,F
0xe2a784aa40e55c0abc19ee4af5f591529e021a99,F
0x37a806aae27f1638a5d1f590980b5ce6eeb9def9,T
0xe5531eb8d46518fc7decba76f1c118af50da9486,T
0x314754bde943c2d7d17e6362d5fb597524d76d11,F
0x499cbeab7209a5e794d817d3166630768b4aba42,T
0xc625b0bb70405e957f3bcfd9f90120e440b45817,T
0xa857e8321f8b94c616a14592fd69cad7fdc9786d,T
0x99b161acc90d81bea3f50c554db727d76777d73e,T
0x39629a4cfcaab944848248d9b0024e37e6b398e4,T
0xd49d3e50039421c2a43d92ca81d9f673ed97725c,T
0x13fef0e7d5f88d28d61ab7f090f468ddafbc432c,T
0xbbab684c0fd459242f849232b3eac1a017cd28c0,T
0xec179822321f23008fe9d57d9a2bc1ac6da0500d,T
0x825c9fe99e4bf3bf945fec25232a2f666c915e99,T
0xa09357c11f3f1ae70614e1e217b36e51402201c0,T
0xda50e67e7a803ba91c17443f4e9321add06b00bf,T
0x0ad50c58d425a264105d826f65e9db156bd864bb,T
0xead0773163a74bac854e781f6007de0b3cfc36d5,T
0xb95b03f1604710579915a2cfd69ec230da9c0241,T
0xc3e0928fc64aad59c1d44748accbd94d791674e3,T
0x8743888098addfbfd380cb7ecde635717ac03add,T
0x3c43d7474eff56350e13a981411533655cd2ce44,T
0xe11f2e6b73ccedebb322db023abb1829278271f4,T
0xa10edcd8389c1b65150cb9eb9711e775857fb2c5,T
0xec33c4ae96ce7ea12d9df54263eaf838d2ab7097,T
0x17dca2dd727d820f59e50587dbe19cfa26d896dd,T
0x14d990f3ad27921c8b37f15b75aee1a90dcc4f60,T
0xfcd7b93a7b3f4f1276f1e89b63d22f1ef4b4bf37,T
0x91b7b887b352794b662ced1033a2f9ff1f336ca5,T
0x4b309e1f48fb14e2482a167f6799c5350b27685f,T
0x3cd3ece9912078250f2cb611c3e111f0dcd55748,F
0xffdff1c67375eff5007a304bce4ca9f0c8e9084d,T
0x235ce2330a76bdccd73a64685f05709b95487b73,T
0xf0edcb702fad4980b6ec168ec92a1ac08554af9f,T
0x9b8907154ba2f3ed3eced14d2cba91d5f15706eb,T
0x362b9ec6f65044b0c57cb84f4d720920d381e5c9,F
0xfdab3be33284ef68442f55535ffc0b1fcbad2b62,F
0x248fb14775605f45c22be0b7586caddb6978258b,T
0x75c16e1f4d62aae68fafb27484bcff4be9656bf6,T
0xbc376300c4b95c0b57db7784ff7a3a919aa6077f,T
0x720e028e118270887f87e8b43fb176a9d18b9bbf,T
0xd6fc561a9e9a80e799c4fdbb8fa31ac01d60e3fb,T
0x2d607f550aedeff20213e4ff93b62e1747761dac,T
0x6dfb0d90de382a7bb554c52e7e41c1b3771a9bd3,T
0xfbbc19cfe2616cca75e71fc1f0bd7cf2e402926f,T
0x0530b6f4088fbdfa43945a07f35075bb57c341e4,F
0x9eac878b0146c1d0cdf31dc738a173c5cfec9694,F
0x2c07b144d2a61a6a511cda28b5bb4c1c8a130d02,T
0xb93a851f49b680109f47174ed0bcb1f9e65295e4,T
0xb2ec19d7bc4a6f14cc296faefc14c6e1459acb7b,T
0xab990612f9e34c8d18e6b1b36e2568e9bcd34a94,T
0x2063007cd57cf248b4bf97e01c4de194a15bb065,T
0x4849bd8a18a94f7a081bae795ca22ef64feaec86,T
0x38a1868532af93d272e310cdaedc419bd046ad26,T
0x63bee620ebfd173d74a4be25eb330c52ea3cb6d4,T
0xbc138afc54e85664116fcfa83853713a1f6dbe85,T
0xcde3efd611c478d435d3fe513e05e0ed65e803cb,T
0xf7e2bd9cba282781932d5bbc74152e1664b3f515,T
0x9a2f1fdcf967197d6d93e428fedd0e5797dc723f,T
0xe4890f0f3fa56a4c63d6a889ac93cd97a6af0355,T
0xe16f9b1c0fe4ffa7ae616b4a07169b9529bcb642,T
0xce6564d03bb29974cd28c861490a581627aedf10,T
0xfab075f23a860b044f605fd1022760bfc5d531c9,T
0xbea51908f7c3c6cae03a3724ad43f8d03399b876,T
0x570d4f513d7d046886979297d7f4791d14777777,T
0x0e6ae90ded8034244d5fec13560d4c2e0f43a3d0,T
0x40b66c5814889dcef2d76038901e3c958a05bb82,T
0xeebe72fd34b4a1fa3de260d2908a3df4f566282e,T
0x47b25dfe7d9c3f36e152e4f46a718d964b4c3081,F
0x782bb1c3962cc5c2efde489eb56b1d359ac91be9,F
0xc09071af7d02ab078133af7594859761c2203a4d,T
0x5139b3cb353e6c5755ca092ec175b2cc0ee734c8,F
0x42bb183773d227edd09cf20718c55e3b2d52fd35,T
0xc2437af081d76c4770c3da471b7afab847259892,T
0xc1a61c7bdf03cc9080d4bf2a4cc352e7f52c4abe,T
0x79e4a161ae6dc6c233bb2a5eecb66f6706c8045d,F
0xd6721b2ae564d265863e9b26d234cc621e01e7db,T
0xce0edaf00e9701c6fec7bd61a2d95d0bec2259c6,T
0x76d2e099d49bf695ee6d1738e7f17cdf6a2a4344,T
0xe0be61bf9da13ac551f210c2fd729a27ccd81e46,T
0xa0063128c0169361dfd9b30296e206465a64681c,T
0x0790d382d4b219177af9637cccc459adc7c8180a,T
0xc9bb150ddce08aa6a16e0d3d40e716c3c2bd21fe,T
0x959593113f566086f1d66a88ce82e4479ebadede,T
0x0802adb201c64e934081e493892077abca42b598,T
0x8fda86c4721e956e45aec687e0402e83ee7ad2e7,T
0xd012102afd1f47935948838c2fa32e2e7aef99c3,T
0xf585b95b76cbbb9324d2e2d6a754b984b708b870,T
0x773a149b610da26e24d2ae82e56bf5bf6fed86f9,T
0xc9eaf0d22d9d266f5691e8aabfabc0c19f7bf6ae,T
0x161cf4824ff2157af188e414b6a29832fad2f67b,F
0xa3685017e267c0140abb65d052c9478b31d94545,T
0xadecf37e1b9187bea9594ac89acc4457aa6366c7,T
0x340f9b8fb2785e47a2b21f4fa39a6defbc8550ad,T
0x28c411fbedc7f2a4de9aae25fb408e4be6f7eb5c,T
0x268070d5eed5b24e34a5f4c17b5482178b18089d,T
0x4b88e01453eae4759a28373ffa7893aecc40a04c,T
0xdaacf485ea887101cef89a1dd18251c46f92bfb0,T
0x025ed2a52fda1b3e9666460f279596231ecde9e1,T
0x47e05bb20a14c9a27fa8706af83fff7a480de47f,T
0x96637d7a09bc987c8119c9070c64bb4146400000,T
0x9105766acd092d6c0bad7f06852cd1864b92c654,T
0x8a8023731513ff2aea939915a086f8b5a070c4b5,T
0x01b49d881894ae6e448586f83b2b73ca652caef1,T
0x5ce6a7f1daac0c61fe2691284bf0bcfc4cedb321,T
0xfce122755ac97d604067e1d6a042208570a09dfd,T
0xf26ce00bad28b56a8147b08fee16f4d4de948dae,T
0x4dca2f82dbe8d0dd46fd06f61c4d604f47add865,T
0x732acd5b1d1accab2e926fd9abd4910da9863719,T
0x9d9f05bb7174f1017567e8ce2e085afc137c6c49,T
0x48544a58b5c828fa1d14eaa5f25fe0084e2d2aa2,F
0x3e205ff26cd6285564807db0df3c0485306feab6,T
0xeeac2e4090bce2b2f4041b629cd1f78b7bed1280,T
0x45a06a561a891416d4b9e75ac7c5eb5fff302f50,T
0x52c2dc57f56df830443544d6c7f54bf8c4755b36,T
0x86d6c0f3b66234a742fd1079828d8149fb22343d,T
0xb008ca818c60f1c57da79fe0371fed2a8d2cc562,T
0x9f7f479bfd818a8f8fa5f06a781534646ace625f,T
0x489ec135ec1ce82c7c9d10c86b88477ab0754cc7,T
0xaed954da2a6a41c061522554f45613e8e4a170cb,T
0x5cf232c9fca678e0f4ed60cef1d2edd3a93d9718,T
0xc27483302b7ad9077ba28951f06365102cd1f968,T
0x00131b63381f2510390c6ddc99b603d1eb46049c,T
0x8639aff89021f3136c41fa5c4935993a93461286,F
0x4192b89255d30853b91271238b82d1cd6486aacf,T
0xf6fe9679254698bd5e32cd02f830b9725e703937,T
0x6b28941a05edafafd071084854b892dbb245f554,F
0xe4573eaeebbe18556cf5d6f29f092542e8711918,T
0xe47e1ac440a31a8c77c825cf30d9a91f6352bc84,T
0x5c8a00b9183012998ce7a0f0d6cb920b7340d290,T
0xe4a42b81a4127341214cacee95f5f754270e8bfa,T
0x971fa07919422612e932c74e3029508e0d811576,T
0xa23dee8862cf33b79f5f15a89c742d80639d16dc,T
0xab4e9a466081ef47a4b4a61167095d30f5af0f2f,T
0x4662acda85ac7c648e1d08e1534a7a431264bd7a,T
0xe07b0d194e0a9dd8aa0d05c79acdcc8ed87fc3f5,T
0x52f0cc6e16a5710f6d9d43eaf7e74792dc8ca158,T
0x322d33bc6e68c47d0a8099c5fd384e8c68413dc2,T
0xad953b5fa57ce52a38c6e7ff1e2dd0481205ef44,T
0xd4fc2e64936b9d6853e2eb380b1c2710aa1f90c1,T
0x6fe1fac8fc56cd099f74d11ba95cd550376e7c7c,T
0xce225fb9eaa879ed1a555e7e6df103b963ed1a55,T
0xb947e4e3c99b31b49570b08c81b048268d82a4bf,T
0xa8e17f37019decc51dfc7b79d36e7803291b133a,T
0xdc7da0e674eea0d14a050227dee9f5ee702c41bd,F
0x8bf0742f96ddc1f6d06b0152d426042c47e6951f,T
0xe9bf5f12254104dcd9edcc578b19ad1429d56174,T
0x1f3b64b6a744a51b19773b0e249176a4f6a7e6cc,T
0x0693c4d2e25a8b2dfb99d9ee569a365beb347f73,T
0xea0fd9d873c2a5cb6efd7cf226c45476dd329bbe,T
0x21bdb91661a4472ff0d3871c300d4120a886ad9b,T
0x4145d28df598967bd0eb227251f0d06805126004,T
0x2e3f084ab381bc588f7fe874ab4b47e6de40b4f3,T
0x6fb5bb4aedd3f7e9c6be2fc93f1b27b74993f194,T
0xc03f6a53dfc434dbd78ffed528fcdd3f406576a0,T
0xd7a7c1cfc1d66ea62b9c06b0a1b05f8e835c76c8,T
0x87126bb15aec29e4f07284b0187ee4eae71ac3dc,T
0x8e464db631dfaf6cddb08c13bb4979e4108bac64,T
0x52c7e2bf54942cd1b82c8acf83687dbb7f98fb70,T
0x293a38bd1d2f226fa58c42cd1b8d101aa198b5da,T
0x954ac6368742dde39e3e62cad3b3df39877747b3,T
0xc06d834fb0cad4c7a3ad1754e42f938a6ddbc2a1,T
0x5cd3df20faa60901edf553fff4552b5cad0f4570,T
0x9243a35679914b03584092a7652396b4e3308165,T
0xe221199497ecf48efa70f1303dfa96c6a7076b40,T
0x680f089982d3bc0f2612f8534927b1a17b248e3e,T
0x3c1eecaefc662d1a1a081683c8a2414f334c0d2c,T
0x23c71305b63359a5fb2fe3712e4441df1919fa6d,T
0x43c768e0ee06b7c8a58d1badf5a9de5aef1efecc,T
0x04a0f64225066999175906bfb7954b07391c7255,T
0x6bf1641d3dad3bdd0f5e41b224a5fc2e979756d3,F
0x69b4e4fb753f90cb7a715e7db714ac3641c5fd36,T
0x098144add2e93c3707f33940d2fb59c4ee749df2,T
0x16e2fa631673914f7ad5b12bfc62f2768de9cad7,T
0xfc6f32663d1851aa1dfa4dd4835ccd90e810114c,T
0x0a6f15744161e05a1ff97b891ba4c850e53ad4f2,T
0xfaf585c845d270f6172d8aefaba3d8873ccca956,T
0x62c85ef8030acf91815e668182bfbbb83ef2fe84,T
0x9f6086e0ce7c4d464c513e8ecfc2c798423cb7e1,T
0x4bfb2c232f70c83136a3f206cd26df2a0b605cec,T
0xf3e3b29157338c0bca61024c83affa2cc3521435,T
0x5cc8f13128532555f77ac61b931e954f855e815f,T
0xdef9f69a82002eeddd8e510db18cefd9b21d52a0,F
0xa865a002014221ac34cbdf38d5cd65c72631cbdf,T
0xf7b28b5f9bd6d8b666b1c0d24897fa20ec1dc25f,T
0x5c797bbeefc7aa6124ec07ea6a0c581d9cb48fa7,T
0x476863fc6046371b976b9106359e2a2efa70a899,T
0x766a5b4e5ef099fc411ffe37dde0e0e303cb5908,T
0xb6e05eb64ca8c4a2b577d6dfecdc4395a47fe078,T
0x3ca55e5888e001702f49908b58bd7eeef207d238,T
0xeab6f7bafcd9726f5f7a31388ba851b045a0774c,F
0x42f2bc61b637e2b7734da53951635ae19a57922f,T
0xf696ee71fdff79b8c6c64ec65c0867cee49aafba,T
0xa2131084292c84e3bfb6b91cb060501ae6cebb8a,F
0xc20417d027f97a4a3fb489ff98fa3acfe8a5650b,T
0xe3cb81d69c251a7586b946792986b7d7dcd42673,T
0x8dd601873da297b3292896a8b7ae0046c23b2d51,T
0x0a256324b1d9fb59d4c490d93c8d5555f2fe4c7a,T
0x10054bcc83952a1838e5dc6573611316533f32a2,T
0x863200854aa6f18c7e8f2d554b20c709199a7b9d,T
0x4818a36fcd0b9254e14258c70d6cb793cf5e50d7,F
0x4f1dcfb5d1634c1dcdb0f338e7a5a97f2be91e4c,T
0x69d7b56e48f4a6e60fe51d4cb16e4d44ac2d3fc0,T
0x92c410bfda02026be5afda432a4cdd997e625136,T
0x9fbab9163f86108acfdf1da8589f9d43e43c75eb,T
0xa52e5f79e76e5b0eb1568e7992bd90b7144c8f04,T
0x34af1b0a082e464bae9f3d6f6938752f9850858f,F
0x93cb1193f316f218eb2daf0c7b958913da39b699,T
0xc33a371beea05e4976e7259b9b442c022e55de84,T
0xe20bc5278de09d0640210ddc02a443fc5c2d952c,T
0x4d2d37fad59c4cf0a4cc9b936d7a4e4cd8f233d4,T
0x1757ab4aa0ee3386e8c2580a8463e1856f78f063,T
0xebb181fc9bfc9f8c3c81af7dc477d7694f277da0,T
0xc950139dfc6df9fd10797b7b0cebc3a2d60ef178,T
0x3ed8cb53a993d3efcccdb91a777c43ca84d5ff9b,T
0x5ec307af21cee32eb6a51d19d251d2aa7b192802,T
0xdf1943dfb5d1b7853a136848b32522d0ed9db5a9,F
0x8d32fd9a50b12c8e372e8828220fd406678fb2be,T
0xb81dbb2d7f4226e634588270cfd1279debd1f6ad,F
0xa5d48d2bbcfdede63ab6da5f5b326c9a27cb212e,F
0x82dcb90d55b15b82d65ace372cfd3eec7d3ddd07,T
0x5d60423bf72a44ca67bfbd32a67be541c0bc75f2,F
0x7682aef518cbeb24ab618643b834fec5a8fa9965,T
0x10c72f66b9b1fb7331f81e35867f245727e6a638,T
0xbde56f20825433dd9f9c15a598e122a8177dfc23,T
0xd323cabb88995a8f986ee758487b68876855ab37,T
0x56c710a5ecacc05dae1c0c04c2457d6b246619b2,T
0xb70f570c2845e9d392ca62dfd1ef496d7763b858,T
0x2f26c1d10456b6256460517ae912b5785e395794,T
0x4e54c6ddb5c8889495ff8d9acb1585f476fbc20c,T
0xcd99565e49176c1c7ab802044bd8fc2a2890887a,T
0x01d5e387ccf1b838f93b9e5bbfc10fcfd15ba723,T
0x4fe54fe4c4e70649ddd22768f2ee449d9c0b6be3,T
0x20d4efb06c796316552b55cb3b1967a66c1922f8,T
0xac21096764aa81a3e4c7a5290d271238f0a79cd9,T
0x21eb4f868665a84babab022022d2cd3920a41dfa,F
0x241265aea27980ff55a3ccdb1c9e3171d450a4c5,T
0x0d35971e1c650291b0327148fdfd60c6f65c1376,T
0x51bd821bb01ddf5db5cb3707ffa544826898f109,T
0xf2dcca337b825a76fd404cd99b0329670eb810f3,F
0x9e31d2e1603bfb0b884185456bc8e06568bc5490,F
0xbf2f9e7ddf225ce939feb72b492b1f017a6ced6f,T
0xe5a82a53f0d2d46eceb2accd66b3c4d368296517,T
0x29217632b0d8582c2aa3e960a061c59b325cead5,F
0xd38cc34bcbcea8b169c18044af8100a411e2dea5,T
0xcac131c219a51abccd597c45a766b1928b17a301,F
0x9319c0c272ed1f03a30ae9aa6e3f68ed01dc234c,F
0x85a86e9a0ffe87370f17c012b73e5306547f3b78,T
0x938a452d293c23c2cdeae0bf01760d8ecc4f826b,T
0xbcfd654f1b58f8c6afa321e2c078b76816e88fe6,T
0xde01ccacb0cc4447d2a3c825f7553a85a219b8ea,T
0x559186c3015203239e8d6ddecbff906e30d28b66,T
0x2f1c0cc783a85e46c73b4d2a296d2bd4c1e32b94,T
0xa3a67d9f1fece613e473aad69e1669822532e5ee,T
0x5bc5dade90b24f679f5ecb275b81a1132b27b973,F
0x4be9ae1335565e08c1f6d9a883cab68128dc37fb,T
0x835e2a0daa11ae7cec5d777d4bd9b782bb0dd764,T
0x28a444150fdcea3cbba76abcc2378413d76f7073,T
0xdaf1695c41327b61b9b9965ac6a5843a3198cf07,F
0x5dbf7b64316a95907bdfc4bd1fcc62ab99d375b7,T
0x627bf4dc66dfd180479e01b9e9ba844732d7f2a4,T
0x117888d2d21db2e85f505fd6f4e93e94b9b1341e,T
0xe5f234475e8e3a2bd74562bc2668932bc8a92f72,T
0xc66dbd847e13c2b13eaf690c51047e082fdd2755,T
0x23bba0d28518cc44558059ea797ca7989a835973,T
0x31b3ff02cd56cfb3b0f63f8ad2e01be49b159028,T
0x6c19180a32b4e13b1aa55ca963bd6fb195ad2e90,T
0x3feaedd8a513eb155522cdbc79d0749cf4519186,T
0x1d8c2ca5b9a9a2017fa9cf2bc2acf2735b1a67ae,T
0xcf5a3096503763b45564a61585af5ea2cf7e6116,T
0x478ce2c9db0ddbf522b89ad394726a5c8471d50d,T
0xd3a49b7d951c46c392991eb69aadd7afd473a73b,T
0x3e099686dc59028362208d1289a333c25e9cb091,T
0x7e3cc4e02a782932ba5bdfbf117448bdd6343f15,F
0xd9cee738e9825e11425349cc0807441f35dceef5,T
0xbf76b63f1fa10f196a8090c5e6f1650f988cbd3a,T
0xe5d2a80323cca84006f1d81b3ef1aadd64fe915c,F
0x462d256afd214d108c42f7ada6ee0b92c21c0926,T
0xbe447625a3235f2fc9d527d12f92f2ed704bb689,T
0xb79aed477a39195592c181f595ab0e761ad1ef13,T
0xea0f832e432c47a65c7a8f84ae7f2cd38ec2a2a1,T
0x1928c9dd36cf75fc3e448cc3244092ce2f4c0369,T
0x89d01452ea101f55b2e830e1fb49ea7adf18d7e9,T
0x4da22ef44403f17528c053f02ac9b655cdae6acf,T
0x38c39cd95c5054ff85e52e5925be29143f583f99,T
0x9b1a5f6e8f5ce31c7c38e41262676f906cc16165,T
0x29006b4d7c7c85d60abbe687a4976508430e2dee,T
0x97f726cc9aa4597c6a2a97c2a46985de347ec730,T
0x6a012cb7388ddb18f8aa06f1ee5707ff27eba4c1,T
0x0cb3fead6eb67e27442efb6ff5c01baa823e54a5,T
0x35edbfa848244361002604b1a9fd6daae1727835,T
0x275661b71394962d87506f9ea64067d6ab55dd7a,T
0xbcddca079b8b5d7600c73c3a92f5ca2305c7f09a,T
0x28f6b2b8a3f589e22bacd70d712e6507ce0e87cb,T
0xe3651234f56279ea9e29166e8f8ee74774a63565,T
0x896027a6de1dbe0cfb42da96b8cab1b9554bbdd2,T
0xc2ca6bd493436ab7b0e57c85b0445e85643c717c,T
0xec911fa3ba7026bc6b642164fab6aa6300da0170,T
0xe7cdf89640b413444d625774d0e579c754a7835b,T
0xafeb473a1be6f28425531a0c2e1a7bc77f59f4cd,T
0xcc9bca3877f6f9adac4136fb14c349b0e7780ca2,T
0x848c0ff752af5c446db24383c9b4bb30f2eec7df,T
0xd008eefe0595ab908783d26d43579454a6045a07,T
0x8527497cc5e023dd4db52368e4a739f2af499856,T
0x0929cd0679cb4b7dd3b19c42644f4715f17fbe2b,T
0xb27a7c47e7092b39554cdd448f81f051c2e6b253,T
0x92707f2b91dcb7dd21c9b3cf8b6ce60b4f32a5c6,T
0xca5c1d1942c7eaf0e708c6aa4d7557ba351144ce,F
0x90fc6b0dbf85b126fdab136c2517f4437ff31839,T
0x169c9d6cf976e0c7c36ef758c25a1ff47bbbf85a,T
0x464d19bb970ff3a27d2f5404656c4915564dfa41,T
0x7a221846614aa2a8a6e7c09cb67cf0330f26b5ec,T
0xe9a20e2a6e4b3bfbbb108f0c105623a3ee665883,F
0x0c01307e646673caf0abdb9ce7d4978043298c12,T
0x5483387240c9d94e66341f09526edf954c974754,T
0xacb87ed83f1333759a7944b30cf43154a0d7968a,T
0xb45da2c8aa93cccc481032fa00b28f0fdf45bedd,T
0xdff4e623cca25e674edb0a1f263fcf5aa458acf8,T
0xe9110a9479db4b9569954bf8cf862a13edf8ea9e,T
0x77adcae7d3df1dc372aa932e4684b25d97dd90ae,T
0xfd6231a29661100e9f7e68d37730b040e24cad28,T
0xfec2e3dc24ef7ab876fa7104a6f2f4e772a4e5be,T
0x77f167cdc43b967658eb8ae473f94402c1672986,T
0x7b9ed4e38a90d3324fdede2d700cc9e94e126cfc,F
0x52549de94ef9021f5eba89a97d798c4ef982dfb2,T
0x39e10a928c07246816534891d3cc46087787adf4,T
0x1ffba2d698e3e7c14b5f50895dd5536813bbcc71,T
0x07ec5263e3da1467939ded7910c7c5dd33163a14,T
0xfc7ddcb69edbf6f88668e377e359ede407b80699,T
0x21d26b45675c8a196745fb4a894e9789efee46a8,T
0xb25186c22df5dc8b6341d9d101f12472aa9fecdd,T
0x2e7b647efb20fcbc94f10049100a789170434deb,F
0x451a63c803787464740e60e8559e42dec2f8010f,T
0xf9e8cf2198ee2b0a56a5c9c9ecbfc2402abdeee4,T
0x4a8226b093fd44304b49f274d60cced12b69047f,T
0xebf2adb3df7b75fe724b206a6609bf9fb63c8437,F
0x57c92cd6afebccfeece6e235ab8e116812a61cfc,T
0x61751bc401f4eabe10a238661b4a60ba84910059,F
0x9bbb3f96dac7cb6d9bef013d8dff4ea33890de62,F
0xbce0265664974a11e99e7ceb1496f3ea8e1c0071,T
0xa683edd48f204b1f7d09090ef6fc3e29683190a1,F
0xe0695950af2b7426c9f1924de85319a83c46d08d,T
0x4a82610dbf82e8c182d04d3f92fac4cb56b7fb21,T
0x19dea9c1a9b623e6b33b0e305c36406b47946679,T
0x2b763fbce593fcec52a3698506ef0c6c584f49f7,T
0xdc9b53fc07b39253ec25c42b35e5bd6c6c306b07,T
0xa1357c6b0367a013f2770ff281a0d1b7612ca4ea,T
0x340fd1b38e3344a8924dd54347cfddab0acb76a8,T
0xeb411f3257be96536bbd17fbaa1b16f6b7d063e4,T
0x532db30f69c6818fec504f6c81c4f3ee0fa4c382,T
0xf58820fcef47f76588b203bdeb8d7a8e65de5885,T
0x6117a8d22074b0873c0a7ffdd494a7784694d0d0,T
0xeeeb23b3ae80e2d3dffbe18ebf16ea643357b9f7,T
0xba9a83a494b6f6d842b55fe41426d5f46b5ee4a3,T
0x577ab43afa0d6917ca53eb833c19f0216b70c830,T
0x7c42a03b7918706e7cdcf5948c0954ef86315671,T
0x17b26c045fa17f30254b6e0e26a5b3278fb7222c,T
0x2bb9ce2f0326c61fdb8c263716dfd8e6e7c79af8,T
0xeb6e73d31c786c7434c738e6ce83b61918527e2b,T
0xdf5d4ce14b38d75deb7208f2517b10e9e41ec8d8,T
0xbd3dca1041e8a449f982e650586434e6aa675236,T
0xff11d4b93cd990fd93233f61a32509ce70ba11cf,F
0x29c1c5fd4fef093180e410261774716cd007c755,T
0x3b5f90537fd5e4c2c2492430cdc178b9ae99144b,F
0x48c4c61ac9cc78fb1350605bab4f814324f6e435,T
0xbc98940b639bfb8a19477cc73d1e9792743dcc58,T
0x503adfca87b3415bab080289fb88122710b65534,T
0xeec32807ba1c655538039ae94277c8820c20a229,T
0x55bd2b5127118b2fee6ab990af9bd240c17a9078,T
0xe9ad199e89223308a453073378fca48e779f2ce9,T
0xbf82f5bb5d238f3fc02d55df743f0a594ab67332,T
0x9fce8610ff5092e6dda74c0a97bf0fc722de64a8,F
0x696a406571715af21094c1ee4d999dc78af6d881,T
0x07949213b75d4f046e5ce139717ca76f2dc51283,T
0x93cb82e3463a302d3eeb7d0d35ae361630e84d59,T
0xbbea1a8f8a69230cc4637cdf801b11381ec13a98,T
0x229619449ce5ef1b353b8ec49af3a84f3e84f56c,T
0xa165655e2dbdd2028629b95df883cf49612b8cd7,T
0x4b8dd494dc4282925c2712ba0918f1bd8308eac3,T
0xbe705fa605c9ff440772871ebd0d947db85e9815,T
0x4d76a99711771355dfba69713b11dca783936e38,T
0x590cdbbc894ccd532706b28e3922715a21d0fca1,T
0x6ec69461f686ec0ad31d666bbb31bde562f364a7,T
0x390da5a1049949a80fad3108e56d5c672f828d77,T
0xc6eed2e0d7b4af0570c923a1bcfaa5279825569a,T
0x5c27bf790c170151e4631d25176b26750b0c5909,T
0x06a8a6c6331d411aca96f7bee80675854f94f931,T
0xdf02029807cc9334c306304a04225794adebefec,T
0x398348c7ee2c45b0b2dbb231123417547cf83be0,T
0xe04ce2247a91b289f0094b9adfb614959a716304,T
0xf7bbe7ae95c188112387fc6c839bfcbd7b01c9a1,T
0x4e19b7194359b16a7f72f3abe92e27e13e5564a7,F
0x06bf45d5f770ef44968777c735be9dc821405cbf,T
0x582548f94372ca54894012e41f34972370368b84,T
0x2fc26bcd2840fd6f294bf6621143a5a7a72b8109,T
0x48fcac8baa06b0e7a8991781df812583161b1eda,T
0xeef2e4a5f6a01d5fb89f38211fb4e6a8702d33b6,T
0xd77db750b317d2ed02d8dcb6280fc2833a71e462,F
0xed672d289f38c122e417e22ba42fdfb718b8dff3,T
0x6c95224f2e177bd244dcafb19236373cd5e29265,F
0xe7b538967bf4417ad284bbca172f51524ddce063,T
0xdefae4cf802630763bd0de7bb49555ad063a9fad,T
0x5c34ef092da015a3f9d1fbb5c6c3e9603e052f44,T
0x9de41a9d0a371fe2abf9df92147c3f1d8b3baaa7,T
0x7d34a6e4c70bdb770030092462cfece61b8ea04a,F
0xae5f90eac1a112109f62b033b855c5c23ec3ce89,T
0x48438a50f6a6f53da5bfa368d4a0a086b838239a,T
0x24b905ece6aa9c3a347a1230e1bff82a786dd267,T
0xcc24e43817fadcbb053fae408bed64cbdaf24df4,T
0x229dd005d584a4c0da7fa345be2649012cfceb0a,T
0xc645aa326b10429661e2110d3cccca2d45ce93c2,T
0xba402106756245679c9e49647d229e9e4cb667d9,T
0xb11dcbacc82200721ecceeefb4d80233355f6fe0,T
0xd9a41aef86ac8492f8d18706ca8008f89608d5e4,T
0x8fed471ee2ab5590fa6f07664bace632d1ffce84,T
0xc4bfc5b8266ade7507352ed04a65e027d3596ff8,T
0x642e6a6f11ffec903dfc69e46606e43cbf0c389b,T
0xae8b9c674f8b0123cd1897edaa1bb737a7365baf,T
0x3bc91676c826ee7dda9b7c913d5880ef92ca35a6,F
0x5676f54429c49782ac741064857fcfbfd6035bd7,T
0x09f113e3fc12e0bb6107d34d0bae233aaa641a56,T
0x16ba0ae9c47425c6db6cddba1921e32d5b19531f,T
0x21b7a858d64abd33b3f2dae4545b589b937c60b1,T
0x81cb7aaca5e28a8f143ba5eb54f2310bf4464554,T
0xa4ec768ab8f7b4bb28169dac9d14252be853b8d4,T
0x83f3ed3129d163a8533656a555fcba8e7b9976fc,T
0x0a638575ea8374302f5aa54631a588ee10d60a0d,T
0x6be74fbe852bcf43810f69a33efcc0483ba5605f,T
0x2d83e313db2ec3a017d8869f90232a24c23554bc,F
0xc90c33868557d9b2ced37ac0809fec70b946b74b,T
0xf8f53518bd95e801396d744c751fc52dfd85b774,T
0x03f1472e5ada1997cbf55f764590838856b77556,F
0x01a825a4505cd8b862b26e345b718c39edd98ede,T
0xd5ad627a83c374119ba0d4cda6ccf5fb023b6fb3,F
0x753b567fdb065a407db18c4978b7326e9b619593,T
0xb64065d6e6d4436f5f7063d109d2b4302d86a2be,T
0x2a5d4a48e6bd7d3f8c4aca5a243f426dcfac9f2c,T
0x88787535e82b869d37f33190f823040b4e8e0675,T
0xf8be7bf8c63ca8e268756d34ebb4b7e2ce6f3c70,T
0xd8a0e408632189e12359e8905ea06f8fb26c5dfd,T
0x3c8bb490ddd04c1e1b258bf11cdc27a64e55d500,F
0x802359215cc2827583e8135f1be073af85da628a,T
0x5d5a267897794bc1276b91e97ace4f7ef5c60f68,T
0xf4ad0f57ae214423f718429eeb5363744bb7c2f8,T
0xabb2404ba1d49917ea873aa75c1f8017ecfea3ea,T
0x83c1666a6297886a7b20bb580389645da935b431,T
0xeb3458206308a38d775a732c6b0cd19f65b31e67,T
0x7c6d156b721cdd4aee6ef169ffeec4f9c3a51350,T
0xe58564b8ce8344afdfe3a111bc0b541ee7f5f7fa,T
0x696a64e79114ddf1aefdd7f445fbb2b3dcac4b2c,T
0x6b5037344bfd9306c2a03df8bae13a00257d152b,T
0x80d90dadde67bf14fda0c5c73cff65e93bca8a66,T
0xa9ae592c0a092d3fc02b8af5ead8d508f88c5962,T
0x0ff5fb5062efc8bebe1b11cd06f2c608370cb31d,T
0x4e1894cb5c7f530a7eb1579a297a39276ba233dd,T
0xbef7f458f7b6875f314177c25e370c3b64ed5b08,T
0x97843e39b6d0db171568bf472c59f75bdd32180f,T
0xf1a62aa9a35f40b1c1e04e597247d3ab9a53d1bf,T
0x8647139f26fd8ff9c4b67cb425332d24e2234692,T
0x081443212e1566e53007ae5b0ca32c2b8fc62eb3,T
0xabb0a1000d4492761c3012c409726f31adbb003f,F
0x4bee1ae8193d45d9fabe90fb0556b9365019c53b,T
0xd4857488f2417af9f607401f35433b22ebac3634,T
0xc5c2a657bd2361870af39ed1a587a25114629fa3,T
0x27d5f3e240cb6d7c439a2044e27de90164ba8997,T
0xd9ea65b3abf8527344da145cdd65e2bac7df7853,T
0x0ecddcf41754360ab129d7ca4c8abf220f9c32bd,F
0x674d197892fab4c3c909d81e0bbc4863e209ec21,T
0x9debadcaae4820092c8ff7dc741c9ec7d9e95027,T
0x516d20b8b752839127cadad8ac2536e4e3cd83d4,T
0xb49f1b1a89e62fa3f314a42baec68b4026b06304,T
0x56f1879653662fe8cacdbb759bb8f42507d75d49,T
0x53ba088a720d7b1691ad63ac4c3855324d5322c6,T
0xe3103923a459637556143c98ba2370c2ad99e749,T
0xeb9208af6380bc536901d7a7851d6f5e312d3bdc,T
0x0bbc21c238b07f10c95f9f8c61f450a7754e0fe3,T
0xb8f0b38e5ece58931ef48ed9021131ffdf40436d,F
0x325ebb4c83eef53563406a6fef20f760e2e85f8c,T
0xa23f69a3442eb430fd5917de726dfdcccef9af5c,T
0x36ef63784e89134a9b18812322139ddffeae5a24,T
0x99bfb299723977247f34ff07672e3abb7860521a,T
0x4eb8f786162e206fcbfb7baece4d47fcb6b068e2,T
0xf8f6f1924706b8775a4a92326477081551a82363,T
0x41daebf2b43817895429244024caeb7fa0bcac9f,T
0x9237bd75b6d58c9cab428f131ec2f21b036d3aa4,T
0xf01d8b5931d6a89cb5b4fdb08d7f4fffaaae568e,F
0x3b47e73f086ae152b36b84041e04de9e4cd3935a,T
0x0200af73b9b87af51f144d640781dd412774a818,T
0x4ba1c1aa5902b160fab430c540f9ccc5ad447971,T
0x936234a3b047c03f54b067d15dea102aa3767e12,T
0x18d2a9524e77f1f3ebe458bc4d39443f8ed856c2,T
0x9f679d8ded653f26b43ac3548758e88e9c856ebe,T
0x9ff0f662411a99cd8aad69f3183a0896fbf2497f,T
0x96b31bb3edb9f8c3a6d40f8caf8c3a7bc334d4c0,T
0xf5d0495bfaf012940711f8ecc42e83c42a14f658,F
0xa899250f29276c9136d0d6d26b034d2070558fce,T
0x9a1296b95d99640131a193bcd3e264ed49d17686,T
0x941b13448fedf8a00e9de08647d0be73fa9cd4a1,T
0x77981ddf15997ee90a299a35bf53c0db284fc715,T
0x2a64eff11baad80130c0716893d295fb55cb815c,T
0x730f4d4c2a22e4d29422ec35f9ccb854d98361fe,T
0x6c05f59d235d97ee68c0958c9abe05887cfffc26,T
0x0f0b23865c871df546a78bdeb19dd518041dd499,T
0xef532911656c39c6bc23fbabd05f816055949cf7,T
0xef21bd3acd8f312df5a49a605dffca3366b2eea0,T
0x834c673130c085057531f227dcbd375d803d9a98,T
0xa5449d6e76e5a1f39d7e877c8594a597e4df676f,T
0xc4c432dda413ac8ec421844703e831985a6833e5,T
0xa99a210716c13e62aefe0df255799c9fc1bc2a9c,T
0x594b6e28caa955be0dac64c4d211bdbd6640d8a9,T
0x988f0a7b1cf427ab08e7aa661844b109dff74ea1,T
0xb5443bda5ac69b735a7d1f7f66271474df815621,T
0x96a2f38e16071ceb3c8a02b6449005a0e9d18b35,T
0x78a4d0d04a784ea7c47ecae28f43d9bdea1712a0,T
0x657098a972c64e7e14e7eeb22bcfbc92b2c2392d,T
0x5815e1412f48d1f8546d47fe078def8c426e0ee1,F
0x1a4d76fa257461bfabc2f28640aba9d947be0f8b,T
0xdc6159942c92d1fc5fd1367454a4551b21563611,T
0x956befd0d3c8dc001f9a61c741d0ef1d4e62343f,T
0x5366b9678e37f018898f749a3dde4ee078272e81,T
0x5720ed1ec4182e6fa41d69da5e8bd3a7efa9b991,T
0x87e4ad994b82ace50da5d5d182a8f2d1941ff030,T
0x609fe9592effdf73231e595808f25a6e9b172465,T
0xb734b74ed4851267844827b18daffd74350a44e2,T
0xaf6cf6a57976f66b2bb7ffb00b45a491d1657093,T
0x7e6de71c9b6689c04cc25d39db35dcb2004c7585,T
0x213644d386870aca6b917198270dcf1a1c4b87a7,T
0x0bec5489d4cf4de1bf4a8a07a2b3fad3bf63f049,T
0xb96bf27eb603e2215072277ac0990cb191e31ea5,T
0xf96f2fa7060cea6c44a9e2b8fff4464ab7b9079b,T
0x1fe66ce3f26b4039b737dd1e3ce6566c153339ea,T
0xff19c6706e643c077de8574cc33f7fb81dd161df,T
0xd1d56e4ec7b6fbba2aa00e62df188b971bf0152b,T
0x4354025ced9a46ac185b8be0d648501d325ff7f6,T
0x8cc0a0c64e75e8082ebce935ea8f51c9547dce30,T
0x76efce5ed37a6ca0ec6217668dffaf2d4cbda293,T
0x427a077f3179dab009961b5990805794d492b3f5,T
0xd044d93513a1c61ae09560b9e252ce4910c3c92f,T
0xb9b7e41ee79f2b741c000a3cfaf2f5fbd13cc029,T
0x3d66a146b1b6ee9cc1e09eb7d5e9e2402c7315f2,T
0x1fc46dbf6d3d3acf2abc242acce6d810a7ceea8c,T
0xdfdaaed52c1727a3e1548c7a6a2d9ff2291742e7,T
0x8eafdd38ac1d463bdc8ab4471e7ce4fdac3c0bdd,T
0x4252b93af45f48424e8c0fdc68de1296f8b95874,T
0x3a3f755bd53663b4237a3dd0a40298afb34efddb,T
0xcb33adf49ec838a5d3e160547b7e8d0777dbfaf9,T
0x4debf51f2f44d750131d1180b6d8b06c0e45d263,T
0x579d3f50b9e6455f9cc0f76a85e141bf6e14c9e4,T
0x765a16ca391a6b9249cfa65bf2d14c38722198e3,T
0x2a31344c2667241f696d43d26c7e56b5ba8aee6d,T
0x11b0c4093e5770f7e584ef763b6ea7d304889a29,T
0x9687761d9b2154517f6164f9250b335040ed3598,T
0x4dc99eef45eecf71d43c3bd31cd8c796339f4a19,T
0xfb68ee8a76876f86af8eb8292d7b66a5e4e50c79,T
0x259685a944ed816c4b89e73b8c63e1215681ecbd,T
0xd4397c01cd65d54020085a7b03cee49c51ea4949,T
0x7440e1407f95f33206fb72464a63cd54b2ee6282,T
0x1bbd33a95889c76931ddcd072c2f74b12cf4af17,T
0xb467646f6cbbd41e9cad139e626dec1cdd7dc043,T
0x742fd35c5a8b351e79d5ec9d8ce729b3ecbcad6f,T
0x428706b0b465de5fbe4184e4302c55b0268cd346,T
0x96c176d0b2f7685ad07c64c13927b5f80106a35d,T
0xb75db0808d706729a3c07dfe3a55d9f01caeb173,F
0x6d50deab21a297268f246db2cd7f2320161cb103,T
0xd3b5977685ffd8a43bf37154b00af95bf39b5092,F
0xa50a5db266af9f83f8a3e47d9e4c9108be3792dc,T
0x7f8cceeb122b4528807736d4da687832c4622084,T
0xf65b2cbfa9f256a0872f2940aef3c53f4bc045d7,T
0xdb5dc95a58a604cb86240515df17247de4491201,T
0xfac07e5ef4c22baab55fbca80bf59cc1eed550b4,T
0x114c5a7b49673fd09f35858f8dd3c345ffda6cdd,T
0x3451c0a99b4c8fc70db73db5b30a109d57140804,F
0xc85fcc44005a1d24142c6b347a0256b5e9306c10,F
0x4b269fe465ae7d33a6e6edfa5dde27370a9658e7,F
0x0e6872f039e1813f3b1da1d2e25b2dea664478b7,T
0xbe067bbbd6835d0e6ffef189d6b6ddd44a584c97,T
0x2cad9f1bcfe2aa318f1702a3ededbaa8e7a8b113,T
0x2febdd0be431ffd2c61802be86ecaef922351958,T
0xfffcbafd962feb657b5fd1f54bc2f58c18977752,T
0xaac1d36c2879091b481603024b8992346bbe77f1,F
0x2f9e349a4039cf477c453ea397bd1621e55e7e8b,T
0xeb3f9088fdddf0e30b557d9c8f3f2f6e06d171f0,F
0xa243717210e7585df72ab230a14b6055ee520e03,T
0xe778865d4043c0e65bf49bcc334936c53a5f29e7,T
0xe5664b93ad268393d1f695c4180993e60c59fc3e,T
0x0e277d0669f0ec67e4bfe3fdb8f497b35f8470f8,T
0x3669d756f35f4fe56563ffe0eeb65384e61e2425,T
0x7373734f4c65912a21af8268177c7369c2e69df3,T
0x8cb67aad87caf85e8743a3c4cc265850812aa0ed,F
0x27137b08a687920c25f9f9b2b5850451cab8d8bf,T
0x2741e1d3f813f4dd073b71dd0088c2c8ec33df1d,T
0x6ad6ce71f459a9c66195d68ee783b3ffa5ee4f2d,T
0xe205a1b3abf6aa669d43f63428839017d6fc8bce,T
0xb6899a6dcef90789d858b24937fbe0b24917e44e,T
0x517ce30a9416e647b4cec04cbdb840b1ecfd70cc,T
0xa2f965ff11a6360e5ea004dcb4f164dcd0e3d66b,T
0x62d28742b09b1a597255951257cac6621f0d2b1b,T
0xe635f8a0b167c6d9cb2ef057fa7b42c63de5fa1c,T
0x2e29e5a0035a31bd236caa2f99005e0175ae1e14,T
0x47be9de5883a1d4f936cf6cc9142cf2f6b3c7352,T
0x4074baa99dc007c4234a654f0f21214756f72296,T
0xed2392c68feebe8ec7db43b3fe84117222044b83,F
0x66646717343cd7bce59af0dd2200b8365b991062,T
0xc5ed8bc55129b31e4a801fda5489b27bb96ded3f,T
0x4176d3855e6c9da8be65bbea5d603b30acd6ee70,T
0x985ccb862cfe09bb0f5e322556eb457e4c9fcc7e,T
0x0a5e494dfbe04de56d2c72d967c4ac3a7e923ae4,T
0xf985853c5b13c852985fc23201e6773fdd573c0b,T
0x9d9774d2415061747b3b3c33b0b0147671869c21,T
0x22865fbd658be6152517ff178b4c2d51ef34db1d,T
0x1ac73b10e8df7e000b0f754773bf94420ce1a463,T
0xcc49a5fb899854b928ab17fb6d483e05ef8d0fe1,T
0xafb44189fc42afe4558b43b4868c90501affd10f,T
0xd47f4af50c007cf5d0743963a5b3cca63e8c8fdc,T
0xcea1ff53d1d1fe7b68de007cbd193e4d4ae58ac3,F
0xc31acec5d1bfc889985709a6aa4da6bf2f7fcebf,T
0xf54bea730b17782992cc2ef9867138b7e1f2ffca,T
0x9b4fe28d8d4e146ac201ed37bd7bc178a55b0d1f,T
0x76a7055455256f2df7d1b221966310287187a8a0,T
0xc0670aa54ee845f4031e3fa1ad7656d70d4976bc,T
0xc347c753abe03dabfe6b6befdfc30a5721e15843,F
0x039d2c849e6f2d52c08191da10a42e61c704b8a4,F
0x440868c2dcbc06741d5a6dd7a37336534e66f67a,F
0xbadf30cd78c85e15a9c98560c4fe32b842f985be,T
0x243e23c83135ca0fed2f9f5df9068de644929433,T
0xe73da307516455d8b0cca2e2837ed4441362a72b,F
0xfbd6121ff0fe8b21436de4ca4e86aa623f6e7cd9,T
0x65296a6b332225146368e596697a0059c175fc12,T
0x4c0799c5043dc2c61dbfd40ad8c20096737c050b,T
0x2edc588ca92c3f4104a3a2ccc1f42ff8d89b6489,F
0x82683f46c69e068f244d86103317b37ebbf93779,T
0x88ff5a8a5f1fe61dc7aceb1a4fa260f2facfadd5,T
0x69a7716584fd35a922e88ed46d8068eebbcac6a6,T
0x9c5d54793f7ad0f15c76998bd0d06b94a7f2c9ab,T
0xb3162c85916028fadff932556c3255556a08c157,T
0xe2fdaf26e29f7f892cbfd7e2cb678b73a2493f2e,F
0x544e5713e5b3c3249bbf8a865697fc363cbd4e53,T
0x503ece84aac5b25e053f4a593253ccd4e6ba2c2b,T
0x54e0f6b227b10d9e202d881e91a8679765148e58,T
0xdfd37c7de9dbec40b93d539b5fd59531a83d8844,T
0x6f918efb09431522f2d04f573e644299bdc3f8b6,T
0x843d16ca2249b644198623a2f832f7c92b7e4335,T
0xdb79b170133f6928678f9df0b9b571b23d7e0fbe,F
0x705bbd24fa45a34c4df02ecaa57fdc7fefda90df,F
0x2aca790b45382ba81ff20a9e94451998eef135f7,F
0x1505b70834c778326f92d8f1c7bfe9cd7333db10,T
0xe55a6d9735d2e9bded7974fa9b5a9be8ac409446,T
0x88509ccd66a55850cf0189e5e9d713c097ad1f6a,T
0x00b89268aba8eef7be5a78e773ca73a218aa2f3a,F
0x9aa6338d7bbe40a810fda546e05d1b9103d1b5e5,T
0x4d4c96e1f3591997af0a132cf66eda521bccdd12,T
0x3c579bac3df4c1da36ea67307a4d72127d2ac218,T
0xb45f564ecd47b347120085679c3e6f56d122de16,T
0x89249f352edd0b4e45e7e90f1cad69460f27bd55,T
0x1ba00ece4aabce800c8a55eddbc88f4b21d1737e,T
0xe71adc7fc42abc268ea8f882bfbe6f62fb453cb1,T
0xab7ec413ffe073209d97c903245eb8a6004d025c,T
0xaca8338be62e8971e96d1bd5a6fb511c2ab58fa8,T
0xc5ce00ab3b67eb621c3f10202c820a26304ddc0d,T
0x97c3aeb16f36decbcd248aec2c9d38d7da095a7e,T
0xff3179b4f7d36f5be8c3e375e2ab6254cb8a2093,T
0x140c21b3f5b0bc529d6b2f12160acbdcca129aae,T
0x84b6d978bbaef849160baf519ca37326f4859e2d,T
0x58350051676b96ec7f4377fbc8da3b42674a3ce1,T
0xc03a9081ba8b9213d72fb436f9db2e7ab447afd9,T
0x48eef83e73d4eaf09962b34c296c13adf97718b8,T
0x7d800cdd439c87da44ab1d91c6a878a8051a238a,T
0x98b5cb3c0dfe7c6c10a68a7fed67de639237b291,F
0xaec5d3a5cdbef9e1c7b0f93d26cdca02d0f51288,T
0x8e30d8e09f6f56a3afeb539145b8c146d2812e5c,T
0x39f7771242cc5e7db3601df274cfb4868df30d51,T
0xe9fdfb31ba64ba8915a6ba0cfee651f538af4ad5,T
0x0bdd4d69ec9b16839eb1461cb5c1b946a3db6769,F
0x82c62be7908c9dfe3ec18595b1370b9db81ef1f5,T
0x81ba93b26bce8ca5d649b6607df15e6d45462d8f,T
0xfb08c332e186b1ea10229310d4f68b274a8a89f6,T
0x6c7135821d60ad9f9f133f955ae8be149d3f82e3,T
0x84ff4746e71e1c563b4d191368f6a91ea1648a47,T
0xfaa5cdf502eb33d45a45d3ca09343c6506959a1b,T
0xb1ea2d007703b26bc2e0a73735a48e8cd6fcd375,T
0xe1839ff0983942f01532e3835a246ae170c6b4df,F
0x0316ef7db9c49e6f35b2a4a531734c839e2e2925,T
0x51a8aeaa243497ae091ae0191fc9c3f2e2c52152,T
0xdff03d88d3f4fd7339e67db63ecdde7b251fc39e,T
0x7306df4735be0330761a9894fa26ddec7954450c,F
0x896e0a8b9b9c0370aa928c7b547a1cf4c6a4e99e,T
0x9c01b839c6091e519fd4749efa8b81e190c6d892,T
0xcb2d5a824afe32b3e287a3104c23a110d5c2e212,T
0xdcb0ab22bd70c310884e44efef64feaca92dbd62,T
0x701609fbb481fb8bf7c7ce5696f6b3bcded735b2,T
0x927e5beb2d365d3d14f7ca178fb393ae73c2147d,T
0x6dcd97d03656abdb43d71696a96398861ffcff95,T
0x2a0f28f2a24c793f945a0bc2209ccdee51137cee,T
0x86a966a9198c22b75d303fc32f86eedac17314df,T
0xa1ff5a555c80d9e9a12887723a60f0982704ade1,T
0x17cd6469cc9aa7cacd2480a6d3109e7d404af129,T
0x0cb0d3899c9978e8b7bbe134cd8106bace964177,T
0x3ad7efef28e7013fa38dc2eb873d2e8eb10cb99a,T
0xc73fd8a867c95e62dd75be1e9d68226fb6797a48,F
0x3b395d497afcd180eb1abf902518429e1948ef1b,T
0xba0264d9e8453a539930f2a7de900b52ec35945b,T
0x358703dd721c7f62675649c214ff7d984125e224,T
0xcdacf33310cfd4942f9c948cd3df04a19c1b15a9,T
0x6112680dce90919b97f31c3594a9141ce1c0df61,T
0x79f64e7c9fa5b54735f565d101d0ac2dd6031918,F
0x391a0ed70d054cabf754b1a59fba25ea9ce9666d,T
0x662675fbf242a9a57407c8c8afdceb5afa506f4f,T
0x5776f7cf6a8639e72c020ad9cfec4656ae4a2990,T
0x4457cdd60c97eefd1da57d68da70ea80f695cdb1,T
0xb3fc739972795e0f2a8da00173ee9cf834b54541,F
0xdd96016d361c27539eca32340e9888e7ce4647fb,T
0xf4f58e19b733ec80046dbac38eea44bc3ee70b75,T
0xd146d133a3cc3400e46dc730dc37296c556f890b,T
0xfdef197cf071f3fe3ac1107674289ab2bfafa4d2,T
0x9c99a54313a2b7d83b85d48811d75cdcc9d05d8e,T
0xcf6b873fc863da5755cf6b8588d02d5340bd9875,T
0x5a23dab8c1068830a4400a30d1ea633af65c4989,T
0xfcbc113eb264900b1c685c3f076512f072a55eca,T
0x6e72430badd625af9075a8a574169739b7ac1869,F
0x147feb9c36d5301e934a6a985365fb67969d526b,F
0xc02588fb84975f79e85a93a5cae6782de916abb5,T
0xe5954a9aab9f8ea04205af42a1b90962640c7f76,T
0x8484bf9f7f85b451a465c97951ff18311bc84752,T
0x1ad789220860b3242b4429be201d06a0569fbb5b,T
0x9790b3b0444f1ec3ca566e41ad66eebe22966d05,F
0x50683ac3c3db595f1626b87bdcb9cbddb804577c,T
0x01086dd6c88c507c0b106c88a7b8155b5364edf1,T
0x9156aac844a03b1465a4fa8aa799394dc130d884,F
0xd76d25f4ef6fba45c834d2371f15cd4330767d20,T
0xc480abab3b49b5905ba6325412cb752fbec8b06d,T
0xb212854dc7c61a557cd0e4c0b54515222c33bc1c,T
0xe83ea9fcc3922a396ffe8d1a875b2af3c92d1072,T
0x4497c8c1df1857e40c2cc96308599cec46cded8a,T
0xbf3b18da599f61a0d19ec74ca7e9c961aa50de09,T
0x45c2188ec89cce1f0d08b41ffe6c7efb7e72479f,T
0x014c6b9e5ee1bfd155c129df6cf228f396be41c1,T
0xe7ef6e427c2b8ea0402dcefcd947572b840af25d,T
0x1574adb8bcfded2419d82756cf82739e0c10b775,F
0x28382dd28aac2d2feeb2416e200b3a22a8151345,T
0xfd877d348b0b64b5aaf6336436920b456957534c,T
0xc69f7de4d8e8211f272466e4d047675dc9bafca3,T
0xadd113c4c871e16202c474cf109ccf3a8b599a77,T
0x55ec0220975ff00a30484a76e125f76c248338c1,T
0xd18d630d8b701cd93641d72e6289418f8298c3cf,T
0x185c40a10f1c1abad319892f9df77623a8d65ee0,T
0x742fc6432915ac91183000f92286b371f3443c2d,T
0x1e74778a98aa41a01cc10b1529f5b3d9f5ebd563,T
0xe82722012196b4d4c3139e478ccde9ffffcc797a,T
0x749ae9af0de4248a70eb83acc389bf714d1280c6,T
0xf7c539d7ce2b18688263e20db9e949f72b1eb34d,T
0xdc4c44943bfbc9f87d0f1fe11d69a4b814d3608c,T
0x376e224cbdc43d802b23de6b86f03b82b57ab1ef,T
0x6a133f7107fa7108ddfdc755b6f993b71a334055,T
0xf3a87a922a9799cb79b339dcfd1ba90f11816e19,T
0x73880f9aaa653ba13f743f0728a44bda20656632,T
0x1c3e95d089a81ea7d35fec9aaaf9e9bbc0e8f2dd,T
0x7ed5d1d98aa6a03008f955042a348596db3ddb2d,F
0x79f21563e5acc626b4a15744a59f0c1e6e976e8d,T
0xaf362a533cf8c09e1913037d081d5e4427883a15,T
0x03b43300636b49fe3345eb44838c3c0adda97681,T
0x72fc32a97d2433e69abef6e000e5fae3038530ab,T
0x26c8c53cab80f5beb8241b182ead6886306b6bcc,T
0xd9699e48fa60970b58a177e6e275b78d9fa2270b,T
0xa546e975bfd7fc907a65f14efd6a4b38b76f6660,T
0xdae70b3e66425f974c504d2fe757d71f87f94c60,T
0x2ff6c3a26294710d87ec8cc2ca4dad3cf596e5c7,T
0x73053fe1ee78ccef5e49dc8194038f9dea421c12,T
0x050607c2fa510b7b68682430f39f51c9d859ebf9,T
0x8f32a01e25e73e7b17f43ba733cf221b8ede682a,T
0x29faeb62f4e9e1456c2feed5c6f27b13fae91dae,T
0x3cff58bb441b505e5fcc83a45c9e6bb58a841a6d,T
0xb59d67bf7a0efafcc0c6857dce89d2e6410f8c60,T
0xdeea5b37603f88936f9ab2a932a4521b1e331c8a,F
0xe889e34751c92b0c15abf61597e8682611f94f6d,T
0x6f4858174a245b6ca26643db699bd58c716ba152,T
0x803a5e1a3fedb5cea83a987de9820f5fa92b79f7,T
0xc8485f90e8a8638450ee9b3d551594e9fcbd6af4,T
0xd0ef22e0e5ecbef1ea60aae676313455b39c7f89,T
0x9ffbbf29c8af68b0faa50fd573eb697d693de90b,T
0x2bc113b2c236ec36b3aa4688a232994755b1923b,T
0x97230c08525accf5134af044753d1486dd08d3ca,T
0x31c8b377a2bba4955468ed39fa2be11808078fdb,T
0xe585347ef8ff0914f9d64fd8bd920d9a0e7e7a89,F
0xe13512977bd7c33991c8f6bd50870a02cea80e82,T
0xd58c9ce0fbf7c15ac9e3f43afcf666697711239c,T
0x1545befe05dbae1e89716a88ad2b07871b2425ea,T
0xd0a14cc78ce6b97d4d8a9907a1030b8d3b444965,T
0xf7f262b062b2fc055f6db1a2636fce506d6558b4,T
0xd9051c9566a7ad2902874553b0de9e115bc916a1,T
0xc26646dfd31b4ab5343fb5ec0ce3b084a041ddd6,T
0xb053b109b5842762acde3a948642ecd67c1a8b85,T
0xb7f621e1bd2009c9fe883752b1f52c49be3d39cf,F
0x6cb366afb4625ef590098a8bc96b04145df7ba9c,F
0x9e2f27a1b0bf93bae8b156405f5b2de5fdcb8c04,F
0x0320fb0cd10c99cdd0245c6ad98e62c71f4d4685,T
0x1a4f084179c8d9cd3b87ac308650d99887bb494f,T
0x4ef1351d93812744f7cfc0c79c80c754e89f71d4,T
0x7b6bd7530901c8bcab5245ae5441a71c87ffe714,T
0xfb8ab51820e883a93e366d6b7e43ff34b6232cab,T
0xec7a721ed6c00903cb61ac8db03515782160bdc7,T
0x2e4e39c331a62d24ae38db4ab4da3fbbde027b08,T
0x2ee25ac9a2f58e9ca3a0ebe5159585aeadf0c999,T
0x0505e02a042b1c45e2ba6fc154b846831707ab3b,T
0x47bfcf80ce16ef4f56a066dec223e3c36e29229d,F
0x73ab49592f66080f305b92571ccde55108ca82da,T
0x4120254c27d5da69207fa2c2ff828a9bc44c39c4,T
0x7cf72e72abf9057fce5f293e3767c80835414c13,F
0xd7063056422484f1b4f8911e914e9f77c4f3d2cb,T
0x4a905dd3be79648862403ddf71aa9d90981dc6d3,T
0x995968ee28e342db27de14ccb1f3b288db452cb8,T
0xea15cf80c577db1cb9b6842e0d9e70ea586984e3,T
0xea989aaa165ec46f84aaf18086453f5761e5c0f2,T
0xf633e9e9bec60cac3ee26f12035187db4ef86851,T
0xf3cbcf0c1cb53d72c642226e243a6d19f3c64f9d,T
0x70c12f6c006550c1be79ae1e793efe9744d85469,T
0x51373ca1aad5f7b8fa1b96025fb73c8741733e00,F
0x0d5384aa8f367b73725093523fa8ebdad242da54,T
0xcf960f63da0d05aa236875fc11d57c25400ecfa0,T
0x588c1a695a2fedf02a237072ae1fdbad389466e6,T
0x1bc37bf61ed1e20968cb3099b34621bcb5318d42,T
0x4320d922a88efadec12c69e6266028615139fb22,T
0x4b0a7cd97f1b7c0ad4aac80eccd065b8a94fbac1,T
0xeaeee52fff5f3710325041b673be1ee90f20bfa7,T
0xdb5776f4cd9f4849754c27481118d8cc72f6bc2e,T
0x45224cca4e83e80693d5187b3f81b0afd70c0ea7,T
0xcb53a818042db647cb01672751b0e4efca29cf55,T
0x3c82295fe2d6907fc20115f9053bc95117b649c8,T
0x96eaf0d245faeeffd041934d3ec043cbfaa877d4,T
0x8bfae28463c7029c57f0baefb98b29e564dc2e02,T
0xec069a83aace1a8ef362cc3841760d8c8978b1d9,T
0x1f9ded9a3a187603b0d0e1000faca98267e6838a,T
0x61ad2a57acc25e704735789ef121e3e65629ddcd,F
0x0b3e6c77712d3c2112c8936c1669e49e1f0f6b39,F
0x47d0daf4b47f3556c873425655f0a86d0f3fc522,T
0x0f8cd3c2a8b832954615630a3dcce1981597451b,T
0x4ceb593989cb86aa572e9ca192b683ce422b79f2,T
0x1a9b3f6a0a3e6a715e047635a9b0f3775e82aa8f,T
0x06dc3c2691d12a992026be140110ab43dc377279,T
0xbda6bc399379ad30b511fecbcf441d96c2bcd2e9,T
0xaf2512149ea57b73f6a689f2528f477ffa3342a6,T
0xd134bb0c9bd3e7be3ca2ce6aa8762869fe780bd9,T
0x99b3f537ae1db02f2421927e3339068abb79b347,F
0x9b9b515b29c78e6263fd82e586c48463dd0c6782,T
0xbfc63b41b299609cfee025e924217c6fa32fb785,T
0xd2b7bece9e61a3fce7ac7647d2bd13492a1a293c,T
0xadde975d649fb9a4998b282b7cb607a20c4ef177,T
0x7a1a391b8fb8212699f9ece37a245df859eaa21f,T
0x67d232233bc5fcf05a5885ebc3d08d1d26c6a14b,T
0x3f2b1653fef7b60c38d0b80ddb9800a92567572c,T
0x7d4427866b2eb30b5c83b19f145af3575a439f09,T
0x3be82177e292a892bb2ffb43d79b87dd0ebd3d7a,T
0x3b249eebd65211bfad36893f754389d313ed0331,T
0xe2de118ad7c31a5defa28c0f411222f543b166c5,T
0xb2a11f839e3438391341555ed6982627d32805ca,T
0xfca02c348a1fb755db4fff7db4d76fc32ba4f2b3,T
0x05d1bb4934f2acc50e7340dbf94a991de1657edd,T
0x3badfd820b22e3928fea87edacda57a6d2526f24,T
0x176db8cbfec492c57a283e9c4e58e23526e4f436,T
0x0d8a7910e97f14ba861146664963bea9481c4ee6,T
0x25a70e9a4c4c20340a8ff550cfa8163cf6e264c0,T
0xb3d6dc7ac095cdb5c6698687fd820196e93363db,T
0xbe4477e78c5b8fc4bc9463027b18f943cf946b41,T
0xe1514cdc28f1e1fbdb1fd5bd8a5822c61ccda372,T
0x1a050eff78174b53d558481dab3743071f1453b1,T
0xfd3742a510733a379d067a3aaa38f321387d6cc9,F
0x21ee76565b834fe06fb23e17ff37802d673ed687,T
0xb01a48e145aac18ccdee0efb3bbbbc1c5a25be6b,T
0x8e8d213793cf0c8ccd89ecb4759d37d30c29abd6,T
0x17b64570484aae779d718e727e21a1b05b975da3,T
0x6303d47fb7c5be8d146a75781bc98b7717d5ca80,T
0x137774a7a6798ad41ac8f1baa82eb165090d9938,F
0xdc5196373931eeed0a29a0ab76c7e37e752abfaa,T
0x5a7a0731743a343c45244a417ff3a568e59fd4da,T
0x19e362f8344c8542aa3feafe3a12a97ca4c0f268,T
0x002cfce7088b9711d1df63e48ebc99c3c1b03c3d,T
0xa70dd9234655d5949a45c209e6026ef369c13ca9,T
0xc52de0f76e7278d4e167de5bfab27fde2cc31a10,T
0x7537197397b1167af3289764dcaffaaa0593a211,T
0xadb0687de1fc5da7a71c69fb28e3d3f029cde55e,T
0x4462294e2169492296e5f1dc326d6883c9cbfacf,T
0xfe8b88b9964cbca46379753f31384c78df5b9e15,T
0x12bb7806c8e29f0c9fef9c7e23e50a7b12321013,T
0x645220def5c45b894e656ffb6ffc37d88870e8fd,T
0xb066a42214d665fa28d75f8b7763c6e04f14c922,T
0xfd750571678e22ab6eca7bf6dd59f6ab5f0e8920,T
0xd130d73b6b3270110cf753683373a8a92493aceb,T
0x4daa472c681bc42cd28952b63817605eb376d440,T
0x104104a98154f11be0634893cc1edd243b17246d,T
0x2f69e903d4e3333c96a1cba331c38f3ec8b5b86b,T
0x5078dffd995df3323d4436033f08412e2447251f,T
0xf26fe671e80a99f52a4a999e3ebb339a995f6bd5,T
0xd7a0cde95f7d5b2c3597b9d09267e4a225201014,T
0x1218756fd3719427b3309bb411fb27be68bffc88,T
0x5d00c970f582f824f01d44deea470dcfb354626d,T
0x631b29afb0ceb6a517fefd538320a3a0c2585ac0,F
0x77e3375a86131b3fedef6f71baaf78a914f850d8,T
0xca87b2bf8dc4caf79b5e68febc74564b34f064e7,T
0x1bd0adfbb9504ee97e7d331abdf5efc9ce2551c3,T
0xd87c6e57a1de385978c0e7b2af13807c5f8d9dab,T
0x483dcf3e889145f642edba82d58fea1374f4907c,T
0x8701732d6fd70a5ffffb7a267a351707e1abb93a,T
0x010cc33e36597d2b270d1c65e808d7a553854994,T
0x65ab2af69d1d7c96b12e527584e5d457b57206b5,T
0x1e55d5c09beb9f97e55809e5a9a00f209fdf3671,T
0xf8cd687a11c2c10ab31c81239816734e85268d4a,T
0xe9475a697ecfc895c29da333a20aef880464c60a,T
0xa25ca0cb5262217490b0aaac5951a234d389d570,T
0x780f759960ce50f59188d2fb953f3eefb3075852,T
0xa589908606e5065172db3b64e44b9ea78f917abc,F
0x3fd59ac4799e61e2a58580aadd0db24af5db499b,F
0x595c56a3d3ce3eb434efecad31de81d904b46aa5,T
0xdd7c0d6cf3d5e000c4c452d976a0ea2cfe0338b2,T
0xccd48c4c656eb0cc4b702ec86db4177ba0d5dd9c,T
0x7a3c2c7c8198006f210449d862f13a096ec5f939,T
0x270bb7d3a36cd61eedd2626acc960db335563333,T
0xbd4f7f088da20fdb4222c84edc5959675bd4cbda,T
0x1e25af449af3a8a37b66367869ca7002036e98ba,T
0x597676102c95dd67cddb7cbc9ed5732eae5f6bcd,T
0x644131db40a16957a39af69e7022b1581dc1fbc9,T
0x6cae31c30a9141dea1d9d2acaf9aa305bb6d78f8,T
0x2fccc7399f74a69487a487c9e5110b009318b4c5,T
0xccf133bdd25ed2b9cd6c2d4e62346178b10dfdd4,T
0x5d3b1d1d2c4a4fce81e6218e58a6a4f1b10b4feb,T
0x9adbba6526eba480adc28d93a2d1b2cf63795990,T
0xad6452a9b8f10b0fe084c83c396abae96411c761,T
0x8a13e42c58b63f31fc26f51a978249fa2fa6a6dd,T
0x188ef6778f0a285777e006561ed227fe082cbb25,T
0x8d9a4c49ec41c753a843b0310deedb9630e34d28,T
0xd076fc31c91933537ae6fc28012fd8c96c7f6270,T
0x34de75226b6c71ea2e6790356fc70dc2042a23a4,T
0xac50debe83f7dbf2144239bcb946a2506b2782da,T
0xdf20196828d68c2e6a429e9cc7382bc470ce09df,T
0xb9b92c9a94fa338d2152844a5cdd37ebee7a13f6,T
0xc734f9ef82440b58b8a58624c0cdb6b2a914800e,T
0xcef8455125e2fc8b1c3444b7e5759306d8605a01,T
0x2def5ce83d3c0176355672806988b91450b31170,F
0xc1992c5caa3ddbcbeff32e8bbf0c7f204978e199,T
0x3784b666253817db3f2c3019bcb253220389470d,T
0x835ca37010f7fa6feba77c037c6f198ad0a0b3c9,T
0x8b2c7eb84e752e7cd4e58b2e8c14088c03d678f0,T
0x22e810b9f0d6e6117ab3a3b9080f9d9f9f57e1b0,T
0xe340a124c692d4bef6ed0c6de4df0c927eeefffb,T
0x9dc051ce8da00508838d152c35f1fb94de32b6ae,T
0x773d99cd93e0b14e38110765d5d6588304842fa2,F
0x7aacfdea5d7ac5fc9a7e8aa25f67b76927bf9945,T
0x350c2df07b1dfbd7d104fac01c8e591a6dabf678,T
0x06bfd864d29b328e8bd7627a8e37a41fe0fb62ec,T
0xc2de23a4c57b60b523b703daae1b87df3328e656,T
0x99724019c3bdf7f55742f63320790a4dec2a5442,T
0x27d3fd33bcb23a0ef521dc7ad86ef59193729e91,T
0x0fa9bceec32a912eefc2f876760ae73f1a1eada5,T
0x07f305e75d2188122e0dce131f3635c06b9952b0,T
0xa35f9cb5028fecf946106feb198e8123d2f122a4,T
0x7cf88babf5955dd9ab07a1348b346ac3cb83c17a,T
0x81db171cb95d2041264ce70b9e1d75ab92032501,T
0x56e2fe536981e1035aeb8b73889c62a534033deb,T
0x6ef7c6dc082c683f842a3891404886a109f44130,F
0x3378599174d0b4f4b19190e7b124758086f96e10,T
0xbc8744370bcb6d5abf5de8b4086ecfbb4c5629c3,T
0x682ddc74318e83bbc586b5f8621e029691e190a8,T
0xf27bf36c35904c0d75ae2b45e363ff631d10f369,T
0x7ab3868b7ff7f1fd2bea2ea2acb278ec3115d239,T
0x99119dae0fe94d97adbadfaa7ccdc9e157d763e3,F
0x6c1326ba710dceb2c9e87bd25efd0f5a7b9fc033,T
0x660430665a9d19d8dee901f9e07f2a24c07125f5,T
0x849911e3ca8a8778018867e4a41f53b32c3b8140,T
0x3dedbc18b1a9e8c8e521657b8a2be05c9609713f,T
0xef629261993a1ee4f6f64f651820cb3f44a58ba9,T
0x7e6154f3506526126969caeb27e4109780c21fe3,T
0x04ef97b671cf4b0e3e754b8d7d7d0fcba3d1aa71,F
0x6b0fc107c0514729b6d5dd7b2a261cf0a8af8152,T
0x4a1579ac4337bb2b22808eb757314fa34bc1dc60,F
0xe89d15415b5a4449cd38ac24df4e11bf3dd0421b,T
0x06268f59fb196062e210dadbff246e644945ee20,T
0xc92bebe76b5daa496853d1a3ba4f935da63a3002,T
0x33c0814654fa367ce67d8531026eb4481290e63c,F
0x5aaf69634f3775df73e461d37a66fce036ebba0e,T
0xb56e0ad3bd0d006f49f212311c61e00141d860cb,T
0x46e5357da82f81fb1a95581d16f89e3c1e5a49da,T
0x92ed8207b1ad69c609952e54ccb995c3fe4a1b44,T
0x46a116ead56d0feb0e7e97b7af83c6185aa259bc,T
0xed4ba84bf99dd54cfe14001b0072da9a7ec88c78,T
0x116f3daf69939c9c16aadab590fbdb4029bafb36,T
0xa2f14323511452a291bfad28118b5260b27281c4,T
0x80e95ed10c6bc63acae5667112a916810db3c7e9,T
0xd8bec0e538063bf34b84f2f0f860a677baa68a6e,T
0x59c534217226fd947a14b87c8db5f5857c862671,T
0x4c0f3094ea784d30e3d17f0de20b7dd6fc70a1e2,T
0x93f0e17f6230e69623054873e6a0af7cf513afbc,T
0xc91a81c2fe860895ba95c082e371929d3da2f04f,T
0xeafad8c4ffd38f0dae96d9247fa532259b2e2335,T
0x414fda192dc94e8087d19c609dcba84ec6c99ad3,T
0x6250f89971855d7f4572b77e0c9a16f78bfb9494,T
0x4752d30cc4c426bec60ec20e7cb3c6e6c7265712,T
0xc6c1c93926482d78eea1ab3f47a1483962c8b97f,T
0x2930354594ad58066049eb033baaec1878dc215b,T
0x9e31e113d138f8b295dc0f93d3986f425a187df7,T
0xfe883696ec58bc69734de644506afa4cb3580030,F
0x6fec42030f26299b32e810fc0a778b5c35557f50,T
0xe7cc14b0dc7cf45c4ff04991597b6b186c68fec6,T
0x8d08e81a68e4afdd9da619640b4563f682806ef9,T
0x7b191fea09780ee8ad60b9b6f99276b17e05ff5e,T
0x8454f57d3d20617430c689f399e402241d286f96,T
0x0a80193788725010583693de82005b43bf795b36,T
0x20f73d7a7fa9bccc0f607fc8b681f74fa2309f41,T
0x295b4ed261943b1b0b7f3a88e9c4975f6b489f70,T
0xeda5b2b02c0f1af7d6328913a00bfcc5ff3d8c6c,T
0x85e09fbe56101bd3c4773cf34af50db05c31b3fd,T
0xef231e46fae1eaf6f7589840bb0f8f3dac07d381,T
0xc4676e5e99b823e54b3e6c32c8143bb441633eea,F
0xd983315ca4ee838432b9e7ea74434cb5af832c5b,F
0x6e8f0eb23d087113d521276ebd86ace2f9211143,F
0xcf6f6f818feabed6de0e7de4dafed0b53b984216,T
0x3103e7dd59f46a4c59c84e185bdbaa904e701758,T
0xb6610272250ba7ba74d8874394e9dab8a6fc4696,T
0x32ec95ff39425bd7f2c98d078a0b4afb03641521,T
0x097116627fe9d707b1c571a7a1313ceaa99f11a4,T
0x259374d121bfd31c84c080a01a6afdbdd4393e89,F
0xeaa16d609fba32fb8666243df4a8694cb364c989,F
0x33ce3d684b271089fba886f5ec87e4d5eec1ff1c,T
0x285fe863809ad1cf0a3c160fe9e6a886837cc094,T
0x2c286684b11c6c9a215ced69f43a6b7041a57b81,T
0x7f3856c016b9f6968b1767a4d72d8365d5c4b55e,T
0x78445206870c52f7e648e57772ebde7ac31e5a62,T
0x8e3ff189928a2d301f53fabc4e9b05a5a267ce1e,T
0x4ac7e6054e1f17ae345a66da327d938f03eea412,T
0x6d86ce8e3fa7471603d548dd0bb9998a0b2e5738,T
0x7e388940fdf50a5ef090c3e9c9b5ec5219d72fa2,T
0x6b25a08115f591a7ef4d8b6c2011bb4130f61d64,T
0x00b8ed834d3b2cb769477d6071bda2318fd9362d,T
0xeda7b76e82daa3117e597cd19538d28c5dcc959b,T
0x8ff5783a53f9c5ed7d4a639c43cf3008aa8648f6,T
0x9258bf432db17ed615bdf2dd185c278497875089,T
0x2a2b56148b61bc2ddc923cfc4dc3122e2731fe00,T
0x430c7bc95b99aeaaeb5a63e84a2ea0586ee252b7,T
0x6825a75d0198f305092521045d4f8f0b0c9a8fc9,T
0x0b6e71a90e3e6e3df56bc1220d57b817f738f083,T
0xe46089f28699cd61698c7f3695a76331930a0d66,F
0x554c15a5d52b9a5319333d8d71d00c18cc3e50ed,T
0x1ab2c553733d17d432f5daa2064cedba0519d224,F
0xb6273e0b437e863a235fd2a91af7a954b431e7ee,T
0xd941804965ddffa2fcc751eacd3ada76f5ca4f22,T
0x98fcf2ecd0ca94846e578107183b46706c9c8c89,T
0x2a030ff3a0a001834eac35b2fe4bef3478ed04bb,T
0x05096597ebc29bde93ade9853ec985cc6fc65109,F
0x659f869142184d1c8a7d9429a73a8b9f730583ed,T
0x6430bccbf025f3a6041d204268ba002873cfee04,F
0xbaa18e4a40d0fbe1f3b2af011b9392f7bd29256c,T
0xa4d536b23c920e0cf16d8898d99057dadc7c9b92,T
0x98e73ecb5b4ac48b0cbfd6cfecc0f556534a8fcf,T
0x7f3e0e3e9efe0ab0d75fd09dd98c411dba6b31c4,T
0x1f307c5f37f003848a6e6ca857bc900c09581d0d,T
0xd49e79a2f10cba5e801d79d29081c87cffd8608a,T
0xf09a58a856f3c1877bc9c97647d7ae44b524d4a1,T
0x755032f24bf7cbb3f25e67df9f918beff418ae03,T
0x855b3fbcd4a4fce22d311e935856a9cd4715e634,T
0xeb4f65504d367e60d4ae562810a1552fc1304e04,T
0x9b602330199aa0002e970304f51b537ec2375fb1,T
0x9d8030a4ba943df789722efbfcb0c4f3a202761a,T
0xcb867c879f4f655ebca9895bb9204b2d60489e4f,F
0xeffd2ed004ae36443a930e27c8ae7798d9ed3a38,T
0x78bb0e9091f9e3a15654152c5a8694f14e840d2b,T
0xf7d5a095e8a99e46740c78900448ff76f115686d,T
0xf3537ad0bcec48aac29f5252f73c31146ebe0d7f,T
0xa08f0168be88ef70ddc450ac8bbeb44f096b2a1f,T
0x2ab5d77b0e83cf8ec6c2e4a2de1436f1f86c24d4,T
0x9cbbd81e0c1a83a7adad5ae392410c458288f37e,T
0xe1c844c75691082b2509348663f504db0c4bce15,T
0xaf7ad12ef3eac91d6a50680e11b31ed3a8a167c3,T
0x7ca5aa44fe01a2f62d16c0c825d78112b6b66a18,T
0xc58e22a551b522d7bb013fd7b746c6d58ffca835,T
0x410440a2818bc624b8aee39b93060f194790d515,F
0xfc5ad91f9226ae735d001421d24bd3afd6fbd69c,T
0xb45468e7701cc31b8a4332010c02a235d1b03b29,T
0xa0230423ac8ff3f6da3691466054cd9be9e31292,T
0x0a27caaead54cc6976175f6f4888beb1f871706b,T
0x6d8b85928181f302a651df3e2765f41f3f688dc8,T
0x9ff6133ce5e2ff3e82a4835a177cd34bf7bc626c,T
0x3ef038751afadae67f4b0a8b5418d44d79b1e9c7,F
0xd74d04fc3420110e752939cb4b2e1689fe6ccfb2,T
0x7811b3116c76055fc815c854e1662092bfe0acfd,T
0x6504267690c6c6f48dcf69f21e1c9e7014235541,T
0x0f75cb435f3d7db8e9ca29d5830f1bd9b0923da2,T
0x61c75abf51ae835936b3e7c19bbb3db584e9b444,T
0xb9635e08bb5d4d99e5bb8ff2e295b37458bb2139,F
0x691d51279060920f621ef59ee979c93b6f234c9a,F
0xc9644cdf587d7170d707a44ce19f2bef063bc39e,T
0x52ce6a2a855825a427a47eb99fd2ee7865aa0a1d,T
0xbf8512423ae281335f13bcf69f8854d866bdda85,T
0xcd92890603af492a4d2f8b07c5b1fca8606d2459,T
0x7bfaf31f4bf5a314f97227278b6262480ddf99ec,T
0xf02084d233ed092dea08160b5fbec105beb28618,T
0xdd30b0def53ce3104a9e761cda005a8759c13d08,T
0x363836006dc7534579bcbd8de72b1d7f241b1bbb,T
0xe6da940b94d158690b06f717be19ac7626ee050c,T
0x7eb47df79287da825cc89a3691dc73ef9b959b57,T
0xd8f2d20ec356402f7ddda59b6e85dfd08733c43a,T
0x4fb8c61833c5117774093437f8106aa412c6aa88,T
0xb81d897847a27d6db03b783e10d83a1e68f5c021,F
0x3406a82ff70acbf444234d1ef5d50e1161d7b160,T
0x1931b44917035182a6d39b810ee5c22a91f3239a,T
0xb2c30fafc724bcfa1c1855ceb3817dd2b28b796f,T
0x95bf95d6c4762959b89feea844953740dd5db48c,T
0x81b0ed48fc524c8ef4ca28830d1cbba26e72f218,T
0xf44193629e3d1d175e6403e1f3b14d8ad05a189c,F
0x9d876d7aaddeb681eb8def64661e5da58cbf4500,T
0xebf1c7755541d9db5e8429fc45fddb647befca0b,T
0xf34c0de61f94d9ec75e137e1741eff91892523d2,T
0x2aba1602ce930e5df1228fec40f58a297dacdb44,T
0x6553071442e7bf72a1a730bf360818d809c473a4,T
0xa8c6e1b35f8e16c6105a1d8602af2d4b80547d9d,T
0xb5a54f6c9a7f1fb30290a13c7ca01f75bf4f511c,T
0x0f8305bd74170a75235c4f09e72e997ef2187054,T
0x413cef7d2f4cce6a6ebc77b51e8ba77362e50f13,T
0x6f63162a02b7e7fa1c47f1771fb1195eaff1a36d,T
0x22ad4b160bd4fc4808b3c485b915639445e33906,T
0xe0a29ee103cd51acf6295f1bbd4c5f1e19cb4258,F
0xc1a17f2fd7db9adf67de8a8f331d682923090feb,T
0x91972ddc7eb3f7b732c253ee40090c52bd9ea688,T
0xa86e471f76d961529243b6a0a1f6474597bf9c81,T
0x8fc08e1fbcc161686fd3a144a744649b4c600302,T
0x42821e328104682fabb693a83522cadb08fdf2c8,T
0xff2cd9b0db72afc29f7cd5fe5bbd44cf27464a11,T
0x30c10613b2dfc470c1fc02092cb756a3522abc60,T
0x6c70e3b49f07568ac8917da8dc3bafd2a723f5b0,F
0x9fc3235653141d1c8e58065f813a0266843b4f5a,T
0xa9b91968a83f135e9c5eb7b4ffa87a9d3a1b7a49,T
0x4633b256b932db2923d800465348524477e5e541,T
0x635b34786f0c1ce68513adaded0122e1a595886a,T
0xb26d9424f0f435c8b10ed478af36da8ca7d5b095,T
0x699af9be56fe39d763a5d6b7cd2bb72dd2d32d67,F
0x64e6d480acc5944c90e4c7d04f56f8099f6d3173,T
0x862f8cb15f30e8e0c46232247dd74e2b3e87b267,T
0x65863c7b291e8c9008e8a12f7391b5908b944dbb,T
0x4c17ffc0a93b1c84226e5c4144bf668f4c15ef43,F
0xfdb50be7c306f26d5cc6aa1215232c68e54b08a4,T
0xa667b213f02bd86841599096ee9284363199c386,T
0x24dbd171290118b5b7d70e4c32da323c07dd2712,T
0xf479eaf5fbce27cf25616c11d616c6af88084aef,T
0xec02add2e53ac17cb9e8af1cf68f6dc319e23304,T
0xf8edceb7c4738db86a82561d4bf8d35eef7cac03,F
0xb28eb63533d908431d2dbabd346c844ad220b3b4,T
0xa637e0b62769a18501612bed02e16214bca223e9,T
0x222f5ece0467e4214172d5491b28dfde14a3e173,T
0x02e2e82bf6f79d92e0d776e85a56739d223a4914,T
0x5d28cc07eb8c132ecf2212a8316c6fc0b8e43b79,T
0xdd43eca6acfcbc0ea138dc7c1ceefe5cb9e3f261,T
0xaa6ada1f63a5e00ec78d7c7a9466cb5dc8c3ec7d,T
0x01bb76c3390009b43e8eaa3d565cd4aafb6f1586,T
0x0011fea4e7fc71cfc2ab162ca16ee69331d7fb86,T
0x6c5b7aa893c789b088d1d147bc0a5e11a6fc4439,T
0x53d95dad66444b9b833f5cdcc14c92c4bbf014d3,T
0xf490ac676014733ffd2e17aee4fe32e631e63535,T
0xd6e35e3c6715ffe094e3736190b62382da3e99b6,F
0x0114359f5bec059afbf4533ed0d1c336ec28c463,T
0x608d36784aed31da9f63909aa333e167cdb36112,T
0x6b50d3b96c7a1e15e05cb133faa1b10a961cbb6a,T
0xf1aa4609b44a887b30193fbaa518bca0aef1e03b,T
0x15484d9565730f8fe4d38f19f5e47310814c2689,T
0x4787ea64292c4f0c3c94a0a0ef601bef69bc453b,T
0xce8df602275f0deeaf8c012a919a3d4f81994452,T
0x98f654450c796a41b76cb2a3731bf22ab5d32da9,T
0xecacf5fef2e6c1f662101fc784d6fec26dca5ac9,T
0x32e953cdc583e18c20afcba9180bf5541e3ecc3a,T
0x0907c0e16b316e582207c4fdde47db2294577f77,T
0xe4db6ef8255a3b85d8eb4e37a88dea7ab53342ba,T
0xe2e046db4b1e2f0f5d1f72201cefe832862e63a3,T
0x82d52abba4a6ac8740057c73bff0f7a61e8c126b,T
0xaa4055d97f459a65da527270e47b06d50a3deaf6,T
0xae2c47038ca0754c52074ebd1c8ce6f924edc929,T
0xc39cb2b6ff8b9db244af26e36947b7285a916ccf,T
0xebed4e8186006bd4ac331cb542bcce004c0c2530,T
0x10fec29505ad68374f59be39a1a6288022a7ef0b,T
0xfc05ec7990bfd5ae8716002b21f636ca34d608c4,T
0xe55183c55d5b53e04d391dc1be612bfb39d05504,F
0xdf00a94c9c7f68b555a902f5d34a820979028111,T
0xa956a9b49d445e0eec561435a602ed739321478e,T
0x2490a9104396f936f8df2cf3b65b81f0e958fbef,T
0x168310a1111953d9e259f7c03f0e20f2bc27ed7a,T
0x8c924a5fba05393b3b02b0966df578462faad1ff,T
0x7baa278089532085ca1b4873d1ca51e3458f8354,T
0x0a4704b11358bee3169a886ee669741f676f8ee1,T
0x94dca3196bbeeceedb63d05c68f8807a7b1b59c7,T
0x8bc0fc5b31fa30266a3dd81753be66ee4b62a7f9,T
0x210cf8552043610c935d5612fc2759063cbff971,T
0x557f542ffd019f1ac619a5825898390b6b5cdc57,T
0x395f23d33e981d6e1b5930571955c7358b3a14e8,T
0xb8ee65ef9d58bc5ff2fe30b6406fbdf87072ec33,T
0xe31e6f0e06e8c94d1f5d8ecddad6fe99dc0d5003,T
0x027e3692f3deed964b2b416038afa4359455ea27,T
0x1ac4210db1f18ef6f6a898c3edc5a06ff34106d9,T
0x71930e185b1c6a3c179b5bdb46929f52b5810833,T
0xb835053caee38eba33181cd00dc24b5cd8355d2d,T
0x30d73e0b653029b957cd466295d480ed8d7c1ed1,F
0xfdeefab99f4d656f9e01b409e1ab5917b1612fd7,T
0x14c681a2995a195e5f8004fdcd9750abd868cd59,T
0x5866426aa377737b9561de76723b1093e7371c6b,T
0x6456dfce99330c7607ccaafe675d0f245fd407ec,T
0xf6e89fe2854c1b855726dcedd04842eb34eaead5,T
0xc241d31dff0c9556fed0402132294e8c69c0f021,T
0xd5214d433cf0a9032970c393de78612f2b42024c,T
0x31b882d838adbcfad8ab3fb01d719ee44f8369f2,T
0xc6c4db1e0a724eab11ebb553b1d08d2216399585,T
0x103a9b88341fbfbab50898d9098b28a41473a9f5,F
0x9b8cd40b711055d4deb86d2a73aa3f6048289704,T
0xbd19b91933342e8b8f8edc8799029d8d8f4f3c1f,T
0x73ea14c0439a6ece889736a13cb200da9f793002,T
0xd605fa04629a7aeafa1c7db287f7c7ee1a6e0572,T
0x2a7e7522dd318707e7dd18f99a10cf4b339c2e52,T
0x0df2a254a942dc81937b471cd9ef540465e38332,T
0x42083b4f58356d71ccbb9a3b703e45be02f2bac6,T
0x0ebefbf87e562d10cc87bbbe39283d86918ad9a5,F
0x0fc9a38de382961c0221bb9a49a30d59b5d40720,T
0xf6af7b8079e68369b030d007b7148cb9eaf6db24,T
0xee6190fdb4fbd8deb28ddafbb9591016bec34d54,T
0x99c3926fb8446dcf9efd180a48636d460b97788d,T
0x2e92f5ec463b739b287d2744b6d2add8120d462a,T
0xef0e8330a0eaec8cff8ce705f0d71176c8ac8830,T
0x362204e76a68a1f4a3fcb781859bc703a60d9085,T
0x4a7b6032aacabaa953e0ce9c4753321a635a1193,T
0xaa0da4505ec50e5c560fb12511d22178ab133ba8,T
0xa100efbc46349e9fda434a79418d927cd6071c8a,T
0x8898545fa9b433133d2b4069aefc8a8c4eb8c1db,T
0xe1045aa3bc4d637a371486b50bba5d9283a24e90,T
0x5f0f1960f8881408f04a17fc56d5380905736540,T
0x1bcbda0b7b72f08346ec81e9f1d105cc3f2eb54a,T
0xf757cf4e41d5e51f71ef3527e8ae15d464364246,T
0xccce31adb5185e3d43d522b8fcf2529a34eb2cf8,T
0xd830080d1f2b43ab7592c6fd318e6cd40278c119,T
0x684c195b6904bf9ea45f671f912ff0db24fc7a88,T
0x800d93f21ab718952a8be59ca9915b67c5abad8b,T
0x3273d2f597452c8617b2632ad8fbd2871366e5fc,T
0xde7320a1ba4104339a70fcfd51c248be51f1e7c3,T
0xb530f2416c160c3db933ce483c83bd998742737f,T
0x09274e4ab0e1808eeebd64b8dc8984138b834099,T
0x34ef6f033c50d7a84379b685e5060b1d64d84941,T
0x6bf55dc42e31a5f0ea1b161a419f2c1da12bfecd,F
0xac8016b35e51da4419f2d078df5d38e0cfcdd986,F
0xe3f9db547a3e44a001d4b2c1910f6d0743827028,T
0x2e1ef270d90cc548d9e0d5bb70dfe1958e3ad8c0,T
0x9f144c3e5134bec03f55644103fb3a067850c62e,T
0x298e8ce58fde66495bd833bd975d10f9983b77f1,T
0xbd11d6df5dcd7327850b82c73b46b6c369e14db8,T
0x37fe1439650260ce2c6c4cacfa8fe1adba11bb37,T
0xdb5bcae432688422fdc1b439fa3c928cd10d574c,T
0xb0586b2bff6ba4b17fbb649cffad506abd797248,T
0x9c541610d861713b4d7e5c84f70afabb5dd02ca0,T
0xeb9019a1c3cbb849af8f1ba882ef6c18dd671a60,T
0x878e0a169e72af15e721767500693e4e55d9b77e,F
0x8eb119061ba055ab18a2cfeb7c080acd6cb64892,F
0x0559867ccd26ebe4f3db2e6946b4ac2655455320,T
0xdfa8c3a5396a30b80c52c572d6f4cd10b8030623,T
0x8ee97eb1f570046c77bf1d175c759235786be14e,T
0x3d4e9f8d0bba3f31595bddbd1c445dd3fedf8f6c,T
0xf93aaaec5e4ced8605a57b3dff011ec408a8ebdb,T
0x4950a5b91e35e33d8f156874f9d777605f466907,T
0x86d4048ae194a390c1e612081a4afccb45efb7bc,T
0x9c66907d5725487dbbfde95be87a8fb6529af3b6,F
0x686f4d632b11c8d600a30b14b1d44499157af7cd,T
0xb781c698127f919c69b6ab6852918ec85dd25911,T
0xd5bcf94964134354a4bd7e7d132e9d58f36d911d,T
0x1c2690a4226ed65fbca67e74cb84be45fbef94fb,T
0xf737cf1a705c8ff6ac2592db084b8fe3c338daf5,T
0x52c9d28ca630f71a609a7beda62aea1735e83a54,T
0x424536ebce818655a4c436b93cffb1c6d88c5b13,F
0x1368e05dfeb73757af0bc642dc7b6a75a6db396a,T
0xdbe2f3dfe38d70d8e2e7ecdd421e17201a03a39b,T
0x0276b2b0043e7a9db80558db409ae772c4927cff,T
0xd84f3955303abbbbcd6ac1b00c6b6432b72a4db3,T
0x0f32724e608d58071d54de8f34c7c8192c0660db,T
0x60fe9bf6a5bac05acac9dc01c33db0df9ec84559,T
0x5d08226ac0508a75cd6f7c2f23f5ad18c1b138f2,T
0x7539a227a3c79ee120ed9a39a2d4170c84e0d1b9,F
0x0134c8c1fce0c72434bdfb640491b90baa8b7062,T
0x3a92e9760bc6caf8e67aab162ff045d2cb927f1e,T
0xa10076741003933edab1c3d375d3b891b474de3c,T
0xb3ac37c42c7ff8ee0df37f5415a6cb63f223eaae,T
0x3e91187ac094b61342b4b36de0745c46b5c8d377,T
0x0098407be0049c179cae9b17fb673412da386c88,T
0x5145a14aec3ee263c8b698b3eb74a4adf6a4d930,F
0x1a72e63942ed58db2dbd0a3fbb2fc539bf04b75a,T
0x852f9527850447d5ca473657d7d8df8ad998be09,T
0xae0b5c66e2beb2725faf544dabc993faf4116251,F
0xdcdb58f2cfe55debd907aa334cf6418de328a274,F
0x108b0827fe1cf7d91b583288a03a393ecc3e6483,T
0xcf1573b8a2fcac8345ff4ad61dc0a65106353737,T
0xeb1ba8583bfbe3c3f589caad6cf6203493365591,T
0x3c0b30f657a1a2f80852fb3fecb7ec3709ba7abb,T
0x2d3cb50048dea5e947bc95fe3874b3b727ad518f,T
0x7b28dc84115e232c1b9a78466431065ed40d912d,T
0x08141791deaf37e744aed12757e1e7559ddc4425,T
0x2bf08f2e7bf56a5aa496ccc0d71a1d86e4b2910a,F
0xbad066a5e6104c95da6828175308e08015197319,T
0x61402845fe91f46f230d0b843e40f9d3718b28d7,T
0x31e3d97fd7fee97b6806cf253ce47b005928844d,T
0x626df84469f71ca70bd9f1c859b53aa783881d50,T
0xce3045a6fcf5afa52dbc483dc59129199a6e6a05,T
0x25b99f078903f7702d3f44b1f8a4fe88bc5d1036,F
0x9a812ac87e75b9fa084d95a0f36ac062dc92f8ed,T
0x7feb6cf7d7a9d65778b019bd2e60289d1cd23d11,T
0x356bf9b84ebb4ecae7517f517c9a91734b26e953,T
0xdd908f884704409ed2bc35dccd6c417ea2adb13a,T
0xd10472c9b837c3a9edec4fda17c6cd11c2e36c28,T
0x54ff88c40ed749dee311747d8d822a0d8c1d39c4,T
0x024cb9751d793876d17e808d9fe473061d9dd69a,T
0xedeacfa5f263df3ef8c150bf2894aec1ee87a8ff,T
0xbcc7da6d9fa596a28c1d1b188f1ea26f901dfcd6,F
0xeec1634194c1a059b120bef7711d97ac270134fe,T
0xd637d2cc5c0bd880ee748eae61894d02fbe7a78c,T
0xa3c41ee01b0c95bdd8415ad9dbbfeaebe5a8d02d,T
0x452f7f937482e2d0446b06cf0992e20416a56a41,T
0xf2c7ed28dce68efca74640fb2539146238eb5814,T
0xae605a4e79d7df7f8215ad703847b85a42f42bbe,T
0x94363e2084566ee76f73dc2ca217bcb6d961272b,F
0x2f2b71bdf28c47b570130da5868061262cbb9597,T
0x6c11f927b148d4cf91ecdc55476d72652f3971a6,T
0x965e5eaf0cf855d563de55308d14ea153514a0c4,T
0xd81f91c473e16f4991d55c6189fcb0daeef5f4c1,T
0x6b862ad6ec5504d2183c3ac71372c7777213d642,T
0xb2bec7d3eec4535e6cc96b77db5cc49c02c87d7e,T
0xff0364bbfb35ac00fedd33e6282769f7502520fa,T
0xd493ced3e29b8e6c8ed0d8b85e6f4fc18ccd9edd,T
0xb7fe39b5b0680291d165690142b2fc2416aeb602,T
0x8c03da295a941466ad19365807883c55cc4c6034,T
0x091ded86a777a02dbb9b4f3e7eacfb6b18c0a870,T
0xcee9a22c8d729c34a0894c6eb3c23c56f9d53261,T
0x1fe4399dbc75327955dd5f788f7f811fbea05113,T
0x6ff540a5defea57122fdc6a864982d96c08cbd0b,T
0x170444fbf3dd42d41c19e89132075e65b60356ac,T
0xe47e5f39e76171199fe351ab15266796851b39df,T
0x2159140a58f826fc578f51cd2b36b4970930dd3c,T
0xe7c60e30c135f132c18bef795c044e93922a6dea,T
0xb2ffa393f0b4072081eb2738eb8340bf877bae38,T
0xf67a43e4ac30f4d66209fece39befb2eef9b303c,T
0x8df089caf0f233c90373d94751e1110072befc11,T
0x2ea5a71d9ece58f6d1a36f18114b29b410df0997,T
0x2a84a2240e49a864c6d0f3c31f437924a98396ba,T
0x762e977c31cf47de295ce1d8d79b906917547178,T
0x542394d2a33c304dc44b6a02c6f1cec4c8235d7b,T
0xca4115cd1a357a89ff15ff2edf9c40bbc58da4c3,T
0x30de7412606377551263e7bd3474f022847ea048,T
0x04bb7ac48048d8721461d938b4009278c1490d71,T
0x172e427c0617ba0d38155029d94da1c10fc59c06,T
0x1e845515baa1524c35169558dc5244ce219989ad,T
0x097e278a74098623fb96674dee9dd136f75f6914,F
0x6560fc6f59462967fef76fca5f3c4026cec473ff,T
0x37706e40b5e531c4391fafb1b718a8bedbc1fefe,T
0x2abff257cdaca4adbc75ee01279f7b384dcf68e1,T
0xea6bd01b3787cfdf4acb3e8f66095b2e01ba3ee4,T
0xa24c205d4c42ee40ea4bd4018aaea9902992b22d,T
0xd6a00be5077b0300427ed75751d301cff29bf3f3,T
0x06bc3721c98a065a15932944132efc2a8cc82e10,T
0x525527def5bec7b6151cf62acb3b35cdb2e8d76a,T
0x5cf8885d20d31306a88e23b4689a2125c4759a82,T
0xc25b0b7e3bef9597b8e85032028d521c39f86e1b,T
0x5c301f1afa909c528c8619cde8d2ea78e8657c60,T
0xfe945bfcab32175df15c090fea448ed5d49c5a63,T
0x5073fea64aa5f47e7059b69ab877b298e5e6ea86,T
0x0e90af3e784db753c743870bf768b8dd0aac5ffd,T
0x466060d7cb13310ece5d205a42451c2d8f07b838,T
0x3c73ff53d1d767b51ee1805ac81e26004ffb9eee,T
0x8abb3ac8c680a6ba22ffa7a0f54ceca2e7a369d5,F
0xaa221b75f7c21e6945bb880b99b7a7620946ba07,T
0x7ebe6249a887b481e0ed0ca5d1859fa9658bc8d5,T
0x434a8f647db4b515560a3f9b8d2518550fc351e2,T
0x244a9476279d3092e455fa54d0bea9a785abe7c3,T
0xcfc0ca68e09e5923c0d86f0f25e916202ab52a59,T
0x1bb5b65f5045d0ab047b12ce9082e42e8baf80cc,T
0x3a71a4dd9692fcd553d188626971a9374db12896,T
0x577d2186e4693546b46dcee5f4ae89724fcc4f0c,T
0x62b8cc7144daa3f72fe896312bc12a30cc4229ad,T
0x554ca5c42e8fb9b422aee235bc79d56df6254338,T
0x3b773277871d253fd43f57114db38bed57b4567a,T
0xbe11d5327b80a0c4dc78713a54a4363583f3dbdc,T
0x8ad6422dbec844e1f7face9b8e70a4749826a379,T
0xaacf4b3dfb33778537bd0eb7e4de1f62a799ceee,T
0x3955763e427d69db96f1ca6a1d7a878501a579c0,F
0x9155a43b1933ed90afb7fd80d804ba7b0774ea65,T
0x94a8f250f9ef86a47d5f11aeab8697ab64034e6b,T
0x16cd82372d548e9fda09fbfbce4ae066eaa4faf8,T
0xc5450e7e7c52574fe1d6ba9f554fd0faa0dca313,T
0x8e6470d72fc177d03ee503d37a82e3262a408bf4,T
0x0bd4087fa22c28fdcd27a01b7fbd6a447faf52ed,T
0x53711d63c9e4f4eaa395e8b1f9f0f7253bb340c6,T
0x9551a947c274cf5a0be054180665a1c2c60ff3c5,T
0xf0fad42923fca45bcbfea22c3880ce92ac179e25,T
0x6de17305c371c659db5beee30c21a025e2c4692a,T
0x2d8c315b520d20eeddd992d150efefe957db78ac,T
0x085734fd51bab9276e7e742f18036c6e5365200e,T
0x17e8ed75d136969d1d3c2287d333fc7e597cf143,T
0x806a0064fe14b29cfd08820e3e621680dbacc0db,F
0x3dd1b0e365c6ce1206bdef61e3e8226a85843ff9,T
0x58082f5d08996964c649d6f22e2c30fa9c0655e8,T
0x064d311cb18297c71ed041531a07582487cb6833,T
0x0b5d53cfad0e93c1df290ff7e275dc1ca77f1acb,T
0x7f5c935385b7354a41a854017b070d1c0e730ced,T
0xc7f417e2b3acf6cbb6ff7272626b31449c666b36,T
0xd0ddb802c42f6ed859ecf8932bfbb71abd67f9e9,T
0xe53a695a4e0847cc8a8f92dd77d05c4420348354,T
0x5a922b60eb6345362fb011d55094cf1415f05bfb,T
0x37f50f866fb1ac506a5bbc097c11fe569815aacc,T
0x680e4f0a06c841279add047314a4d493b295f715,T
0xcc982e0b8843fe6689904b3eaddff88e346288b7,T
0xf76e5739d8ff1c9c203f32c91dd0b49cc9329094,T
0x81b490f47abd1e36f12a141bf0b8b8de346d5c1d,T
0x8cdaeca87f336aeb5eb4f502cb6a300ccf8a2f4a,T
0x8c4ca4bec3c635efed1972c6c5779627c27f5d1d,F
0x8cbd331572f78d792c620305898f6d185907d4fe,T
0x172876cb457fd2327abb6e2b2caea63bf05d8789,T
0xa6a73d3a200a20321b3e5568be48b86473314dd6,T
0xe4d70fc7af37db7c5144ab005056b8b493dfae24,T
0x25aa3be3091f89c8ab7cbb51c115ad305b181f7b,T
0x095a3dd6a51e68274d22dd9a2364735e1ad21110,F
0x776736bfc5b319da4ee08e51051f01b6cbc48b45,T
0x4b94b3f0bd1108e32112b5055b7d23d923f79a75,T
0x5a64f54ca8af1eafbcb31fec17042fc05c10aa14,T
0xa2b0c847171e5072a554b19850a3229d2a7b13c2,T
0xb032dcf465639998b701d4c3878021ebc1caa372,T
0x9a810b1ceaf50759693c288d5db485938663a462,T
0x6a70d36dcdc0156b4c220f2f2f40c1aee8aa884b,T
0xee90051c66045f08b4562230ff676257339682b9,T
0x03223392929d86ff434452795c27f3ac24e91999,T
0x33b85dfa82dbc323405a1814581f32fba04a21a2,T
0x25c568178f8750ea2fb3f0d0383701aba6fd25af,T
0x856b79d58d3c1e2b54a591eaf071ed6b0a063b63,T
0x5397cc6971bdeee3726064cde210affe67142aaa,T
0xbd63154a80a359fd75d2c8172099d89d58fe5302,T
0xbbb5669a3badef0d0453dff53afb6163c0adab38,T
0x9af01f600aa5a927b975a221c48132ccded5dc4c,T
0xbd9e6bc0f4360215c92211b57761e45a699a69bb,F
0x08457f9433c19483c8670c87a8a559c6dcf65adc,T
0x45a178d207ecb1d058b9b59b330a81a04109d82a,T
0xff97543c23b4a5c4a39cfe3dc930ee9a3daf1a82,T
0xf322e72b75d54603e919dab2f249d85b168fdebb,T
0xd083cb84db014da35eae17ce0111251387b9621b,T
0x96c4d2c5456574ce1ce2e4a5edbf1e64d77287b5,T
0x732c9d29ff7fa2ece16eac75076799b6dbdda6fe,T
0xa080d8104ff4e1d4ee8aa8404c2e4ed5e627747b,T
0x7bb009c5c5a52700a8ee88cee826ec3249cc1840,T
0x63e811e185fe35c15d23f747226aa8b9da676af0,F
0x99d42549bfdfa61c6c8d7ecd73423c024f5adc8d,T
0x2dabb0f4e67cccb958b7572d7a78bbdb73bd4e30,T
0x16787da38cb083644d63c99d06ce7e68818708d5,T
0x27159ca8b28345d29a83542cc9d23a1d315110c1,T
0xbb4dfbe402f8e47aba8377270e71c5207eaf5e1e,T
0x2b5a7f75cf9fbb1c763550526784088858015a04,T
0x3ed9ad9c66aa0cd2f6d3b0901e1ee94111661660,T
0x02e4045724138e793ef548bf8a82bb07f7fe3e4f,T
0x6fdff46128e626a6ceec52b91f71cc84dbbbdea4,T
0xcb4cfec0a49cd229909c54003930dd989806f176,T
0x417784f08f2a13f6aa766bdb5b0b70e71d5cbe5a,T
0x9944fabf72ae7059f7abd1206ed475e57b49a24a,T
0x9e7a23c7f51b64b72b5828cd46f8576d35ae9d42,T
0xfc3a7ca9b00ce73f91db154ded5e8e84cb712d07,T
0x584996af443312b5061680c0162955b992dabbf2,F
0xd226e1579ef5d64129878ab6d38243a4f26cc34c,T
0x868282d449aa318611e3c160258c212321135eb5,T
0xb53759202ae5cd49dcdfc73062e6856ed9053a2e,T
0x00a129cf2559e8a3bc39fcb482c953eec9218fd3,T
0x107f62c0685a388b1af2b38e270fdd54b3b978f7,T
0x6da3bcf0f43051ef03266f17bcf8e9ac38f94bf7,F
0x637dcff017472759bf4ed03b6d12a46929a66154,T
0x081172298b30fa19eb888fc8b41e9c86d8f8347c,F
0xe0277f3b0d06301a6fd451d7c6366cc9a302af80,T
0xe1ffafaf138cd51bf6a5a7a510e93eb9d07202d5,T
0xd028e3b3a404f4260da17b5d64ba2af45a6d1670,T
0xcece6d1495479ea5f4a2c473e9b353aeac457924,T
0xac881e4ffdf73218d87852bc7c4333921a907934,T
0x8ce8dca6ac22efdb9a965794e67e832dd0010bcf,T
0xf93398d57c34aea3238e9e893122d021f49682af,T
0xf2e54198b65438d388ee37d02ee3b4ecf2b51e89,T
0x89c0af170af8912a4f439acbe6c654f43cef9327,T
0xa3f866e2aef7a1e2f08c93c594f41a3e358b408b,T
0xa6d0875c5ff44ce022ce1479499fc42759ac9690,T
0xea8d9591a78963c97901e7e1c68d228ba56dd3c2,T
0x33f45303bbac37f67464a8f9c1a2a149c3b8d786,T
0xc1befac02bf729db045a90488a5db2c84a6b6774,T
0xe71aacf09a47612876f42f9608a3239067f405a1,T
0xc3830172ef4e76e2a35f2b540579fd4507a77cb7,T
0x9c2ead57d679abc42a5bbc8a14137c89d511842a,F
0xd8632176c1a70bfe536c2ef8c258bfb26277702c,T
0xd87704e10b7364a149d70c5f25a85391f230197b,F
0xd123e9ff697953723ba6832ec9bb46678f01c9fe,T
0x9ea7d512751bfebde01baf2cd06566f37c371ef9,T
0xcf443e426f646c0fd3f1d701dfb34c4ae34d2921,T
0xe19e2112e7829d34681325418f171fcb6d2811b7,T
0x82c792a4e9548ccaee16194023b4209a542813f2,T
0x8a55b68f287bf28d7d41d2b5efa612ecee99231f,T
0x5189e57430b8e5594ae82f0123fdc1cb3ed1f946,T
0xf7966407958a97ff70a38dd5fae4d65923dbb5eb,T
0x216007d6ae22f6130129dfac54f5a919b04a1782,T
0x0aa18f119bb6053c64de6857bd9e61ed204b2952,T
0xfbde4d52d0b423818b5583e072168e764e71ce2c,T
0x168e2827d9a9d38cd8a21f4fbfc81dce7b136427,T
0xb84b6eacc94bc23c8cabd6ba6cc8621f38ffcbe2,T
0xef4d823f50420a21f21fad4020d787601abe87e2,T
0xfcfa70bf5d9e7a34b2d30a5ede269dbd2e15b96c,T
0xcd6fc2e25aaab3bb44c5fab19e6fdf6faafd6371,T
0x6be232616b4862f5dbc14fd19bb704d7596cb1ff,T
0xf94b58e78fe32a0a5f346fdd6c8c822472d13750,T
0xa7466c3209b9ae0b2205455ad2d478243f94541d,T
0xf34a968afcda18bdbdf05ff6eab7e8244e4f8345,F
0xe1adad655b64a6ae615df541103d50ec5c27175c,T
0x2e6aeac2d2d4980cc369e97f7dc6b90aa8c93f21,T
0xdfa74a8404f01945dd1f51e0298df1147dd187d0,T
0xece04f686d6f6f352f381cb0ece0f77946aab601,T
0xabe851ca8843574a6730cd37648dc0abf18c63b2,T
0x207e6d008f4d92cc3893ef33f153be8745efd554,T
0x94fa03db9599517496d736ac01fa98dbefdfb29d,T
0xe5252ab6053aeabf5ecdca7c94eeef78160ca661,F
0xc2531ab3f0da64a0665dfd15dc1bb1695a0e207b,T
0x6dd09cb257c653bc1c08e4a26caa344d1b60e99b,T
0xb7eac97a802e2b6419a9d89884267a2d37ac7d5f,T
0x8e8192c4d96e16ebee88bda904d2c7c488b5a139,T
0x6fb6765fe6e8072270d3a58d75a552beb0ac7d15,T
0xa4366c904ec920b608b9567da7e47da48792529d,T
0x4472b65540609081ad3e4e4ddccb1c763c70220e,T
0x81df681c823fa09c53ccc63f59a6b092ae9f7188,T
0x38aee5584c02fd0dab4f92d6f015ec3b3849a884,T
0x82334d9393fcb7a2414e86b0df01e00f756019a0,F
0x056059e405fdf41c9939d7c8beb6393b29cd6327,T
0x38b05766fb7810e96891a90e594dee3df140c5fe,T
0x0358d5e620a5e5c88377f308f9a117ab924194e6,F
0xc02c673e0ba3fcd17ee3ec9876ca11422e22efa6,T
0x25a0ab46a3d4776bc97a8c67abdce446c3e80969,T
0x1d55c8fe076d3a4269f7befd53eed3d00141d3dc,T
0xc1e7ca17274c36a3358460f93ce30200916688b6,T
0x358165bef9a5a73a98b30163bfc288a77b539347,T
0xf278ac8e97dd418a3ce13307fa1b44ff87a18f7c,T
0x9e11ca94a372c682e2661bc1ce2e36989c197e7a,T
0xb1e5f5cf54634de4baab82d71e8a5a6040adde63,T
0x403f86dda6881d132bf91f3a0f0a1bfd4d90a7b2,T
0xaaebcb343b547a8cee22d5b821e237b1b2fcc48f,T
0x786aa7074b74f06a531b25dfb1701290882a62ad,T
0xe058d15cf70da6b7a6bd9bb10f04921994496b09,T
0xc0281a9a301a6b32735956a1f2922fccab3f6660,T
0xe12d4e70e487e6680d9b6035fc46c391181b7cbc,T
0x3bac16e22fa75cb47a77b549499b844da863a037,T
0xc6edc2de624aa5aca84165858ff49cb098f47a3b,T
0xa39a99b4b45949af9d91238cde5252ec7b7f8e2a,T
0x76021673d321fe72fe9b2ccc6844b0573e34dbc5,T
0x6f6dd1a92e2a2158c9d8069cdfe537f00b95fe71,T
0x3a0dbaecd19a90b0dea140036458489f3ce207eb,T
0x7fd34eb693faaa6e9af5ce9ab12bb359cb2a0ab5,T
0xdb2135dfde06a81f47c27f70f004aaaa858cb7d6,T
0xd050e2b94482cbc8adc27a37195ddf9b87fefac2,T
0x4337f935b1161da4910a7bbac8c1d09da047f1a7,F
0x8dce5d4a95e899309dbd8e28bd52752e514a22b3,T
0xcb3ad1f0c00b8b06269ed070e234d60e28a6b4de,T
0x851a8918cb8ab485221cedf6336c7e6f5dcd5753,T
0x68d353c911138a75a62c3cd51426f1a6f60dcf62,T
0x09cb14cbe51b517f7df4deea712ffdf8d83f693e,T
0xbd92ed846ac24db99459ed8e85045dd2c86a9d84,F
0x101fb1be29083c9876e39749b7a6e844f198915b,T
0x5a64d02322a660a2c24b006cd3c6eb554624d9de,T
0x03d128709e5253814baf8b3321d6b382ca4bd2e6,T
0xde5009779e44b9f367a5476d0dec9f3702683636,T
0x2da2734bd546297648762d2093fd99b913223544,T
0x408b69afa07b31db0fdf956b566385953f17a260,T
0x6f8e114fc94f101e941d4b4354f5566d9f198b24,T
0x09b5679e1c1b5a7d45d0885b0d17283695f2d4a3,T
0x859fec0743b51416fb6053b35a4e6b06193b5fb1,T
0x2ee901d6aab21aa32e50ad15779201c2d6637092,T
0xfd540507c7495bd1225405f91d22340a8fc84515,T
0xb409d4bf907d6f2595193cd634f7683dcf4dabf9,T
0x9a11d1d90afb58a22c566ec63f5b3a7554970ac1,F
0xca95959efdcef831307dc09b1f5ca0dc5c148c62,T
0x1992f759814739a910e9aa758a9e8438fcde59e2,T
0x3e1e65d6ec198413639a9a3ca6cd9512efff6959,T
0xdbb6deb02c914d1af40fc3ede268bb6df3f9d22a,T
0x08a8d1692110dfb3a17e697805eee7839495bf17,T
0x39661672f2ce0016d70eaceaf78309eec1b0e5cd,T
0xe713139a750ae47ff13f02ccd3dddb55f941c81d,T
0x4aed299b1eb77d0f76f37aae20984380cbc96928,T
0x1b4a5f6a21727d80b13e4eb650a33a96bcc531f0,T
0x3a39bcfb632dd41ffb37c441555b77f97f185b7f,T
0xcbfce3a378b446e3ab989d335a8012442f9de4f1,T
0x736e2d531712e3fdeed50f8953c0fbed0ba8c9c3,T
0x61ec81602137e3e0e6428bd8f80adb82fd566a03,T
0x9839108d4bc7a5477b6961a15b02b3fb299b2e7e,T
0xb3e109b47edfb01c0c690ed9e7a8ac7e77fa2406,T
0xbf710ccc26b00e2a8d6b48c5be5d6f3c3dcecdbe,T
0x774a91ff9fb23de3fbf88e1ab9b1504e16e2440f,T
0x5a7051bbfbdad628bff35225139a896d657cbff3,T
0x26fe9d2b6b0dc2563d95652d520085c2a5dd9fe5,T
0xb8aa322685ab431cd1d6fc358bac3a433e81579d,T
0x659de1b597550debf18a5f99a25e117926769fb0,T
0xbf77dd65838c51d4084f5cc6f52d499db7e2086b,T
0x5ef28fab95b79376318fd82fb48600fa5fb2d6c5,T
0xeeef5bb62d797f2fd4994d2275edcfad03f7ab68,T
0xf3ff90d832cbc69236974c9eff8e0f883427f5fb,T
0xffe0ffea5e1d380d10eac205c475bde57e601e04,T
0x7efb596e6958e33c7d74ab73d5aa4817ff58d182,T
0xfc87e8d694b77ac17442b94d1c3cb6a6f0458822,T
0x438ab189152d5805936c82b2e5c9cf5cd7623b81,T
0x42e59bdabaacfcdfc745c6d8500fefd8a1917248,T
0xfdcfa48703b0bb5d2de35a3e1fcb10fd6a3878a2,T
0x129e7befa57488d32b63b84b6772192c1caac057,F
0xbfa7deab4b682647a75e1cb9d234cba05df6b527,T
0xe95bd130e0bce5fd6748737c88ce79685397b7a4,T
0xceb1b8b7c51901436b594f2d01e28aa44ea32b4d,F
0xbc690dd6247eec03c9771970f9654abbabaca969,T
0xb8954bfe011f0ea198476f87f719bfd8fd371f2f,F
0x577434e626e1caa424fc08cc9ca5e3c96c3fb599,T
0x0d3865efe83a384f0fb1ba36a8c991b6cb750ab1,T
0xc2ea9c0226d621bcebab523d0f8e9f58e104776d,T
0xc40666e0a455483e0f7a5df82a97a33ec01077ee,T
0xcd8f127022578c92388aa0c75d106adc0d6557e6,T
0xc4d1fa0d49279ba18fca8712b163e0985696947d,T
0xb9fbfc908ceb29d605aed9a56dcfa43cfb057582,T
0x1dda00223be35e8dd4553b67d618890a0e830ad0,F
0x19365a057b366e1629f627d7e0f3c24fbba3036e,F
0xb646db3c0d34948e0e807b13181fb42e6744619a,T
0x00b006ae435aa8522b1fbaaa2baa6de63e28bb54,T
0xe3e28e060c72d544c07a41e31063505ca0ed582a,T
0xbb1cd52a907fea5d3032107ae1f058801a4d96b7,T
0xa415d89453e8126abc3070bd920fdb385a671a56,T
0x070815e26560707d2daccdc82f2349a3020cf5a9,F
0xc79352444d5de60f4f04143a3817271400094d1b,T
0xc1c2ad19d97e657129cf20222ecb1bf2bf0d9a24,T
0x5b16cb4e61c41e954371ba8a7313a12d2b8ed2f7,T
0x4d5e52d50433628dc0dbbf3d34cb1fa5b75a1b0e,F
0xf7c56346afe9dbce2bbb9a578038220ea7f07707,T
0x83d402400f6edd8ff17492f6720ae781ceff1d4d,T
0x2e6454b40df31a7b5b43d3904cdeefe42e77cdb7,T
0xf1805867320b0efe8d2e6bf935a1fad93568a05c,T
0x2dd9d443a1c953955b11b14dcee77ce4bb5c39a6,T
0x48d93d0a69e147d80514c8089b35ebf0d890f83e,T
0xb1fbea18d61b08d4dd9f5383201a079b5ee8b34f,T
0x78d95fceadf9674b65b93c93a5f75a54c82544a2,T
0xf18d5b1bb91ec405b2514c66969abb87d373d7e1,T
0x3f5559913429e675e862072ce48636b97c8a0f6c,F
0x33c651217792793cf868ffa13e81427cb9560406,T
0x6fd910cdb5ea253b19371c3cbd55a54e8f077813,T
0xe5e4bc8e516083f7dd616dde29529d94b8e55487,T
0x3da15042228950228909b21451d8f0926aca1cf2,T
0x30658bc6d9aff324b5ba1e617c0a89ca8e15e292,T
0x2db4e315f66a12cd89be0ef2e69969f7dddd4a9c,T
0xcaf5a63f0f9ce7eb8580311a72645ea2cb1e4a5d,F
0x1a2d65eefb073158f42a3044dd08a183d6ca94c0,T
0x1ae2d48a58e43e8e72fb7528424c49029519e20d,T
0x962fc85ad9b3f0d0b8a99dc41abc2296c1ba9121,T
0x3b1b2147e36e29925187712967ec3ad72709d625,T
0x6905b982f4a31c046e9a1571bb0aa567112719d3,T
0xd48d664965286ddea41e97784d079de981d099b6,T
0xf86079c7c0cefbc27f2efce6f02200221045cb50,F
0x95de01e57e899723655433dbee53222a09331e81,T
0xcb7958ddf673aa8f21614346d3e1c46182a9454d,T
0x8472827925402364044322007110277491216165,T
0xe86895917548195c2e2b53ad62db65f6782491e9,T
0xa79d3b28a109f0e3e4919c9715748db6d88f313f,T
0x4ca8361950371fe67f12ec68d45e05eb0dc32cb7,F
0x56a11608aa8eab9f15ee8a96602def8d2f19b268,T
0x672e94a3bed26c5dee53f22eceb148cda74bc856,T
0xaa47eada6c46aace0cf6e97959735f9bb9427d3f,T
0x5a460db726fe9cc2d9cf6fd6d2c91eb951d1c7bb,T
0x0809803c0f904e1ec329fcbc0d8b5ce7bfa07d29,T
0xdf1566a5e1b298e2fb6bee2fb6148006757490a5,F
0x8c38c91572e96c04f1951139dca85b3fa4f6f2d5,T
0x69a4e815bfb17d0ae03cbf1b262e4a4a8ff65616,T
0x5b436bd811bc6cc2df9cf242efe11d762f638024,T
0x7a64f26720ff63788ea76387355a36661a5cd1a7,F
0xc4c64c832652f0a326e67e604f2cf6e6ffdfd928,T
0x2c1861481a47baf9298a18a093e936d681d1af27,T
0x96d0003c95148371c6aa7555fab1b073302cf592,T
0xc265918848f7ef1c922b5cec41fce5dca95a2478,T
0x3d96fbc77278b83702dad4cb2799809866b478d6,T
0x431bbd6055fa85d4a7d6c188af81d41d354d600b,F
0x17c062882e91d16311cf1a83d3b6f56e109d5ee1,T
0xa99148aad89b91e5c37d5ba33997d2eb0b9a6161,T
0xfef71b8bb753c3c724281800064c01a45aa0a8d0,T
0x7b29b6edae899e7f7e2a1e9b4ab45b144cf5f499,T
0x86d55a7c9e70ba692b9b9b8460f354034f9ec896,T
0xa9f5e8b637598a0358d30351b65ad73db4e9fc75,T
0xfacf30db4a0109039fd7d5dafa6ab4c4baaed13a,T
0xe46aa55078bbe88d1c6273c4deb2e1327d8c7e7f,T
0xc71b2c6b22b64c281555de040b6079e6322913d3,T
0xf01942129e7b87ee6084b3c06d0a8b74d8a64b9e,T
0x0a12fd439b5dd1298bdc67b6b70a35034007e224,T
0xcc799fbb9604b1f4f5522fb731213e1abf7d1923,T
0xf964e903dd61d2dd42fc4fe90817ecdeb2f19967,T
0x771425905428215b537b4f1f755be984d92ad19d,T
0xde2572a50539d73745c0ebf8bb4a8307ddcf2426,T
0x5ad4807e5fde18c983bf80d8ec10b23b76e86ba7,T
0xdd6f809bb5718b486b15efe66b48ad3f121337e0,T
0x5767b36ab983454008e17e591f591fcc828bfba7,T
0x6d4b60d7e5d72748be37179e9bdd85874c647776,T
0xb6d417751b219cf685303be3c513d695fa9766cc,F
0xb6beeac557c5eed1a09dd381b43ba0641fdbcea1,T
0x12d68a32ad145a0f5dd1f8b494d3bb45bc78ba06,T
0x83da61c7445e9be8a2fb8ea75551ddf4e945c093,T
0x7069b9223e61bb594fdcbd84c3730585dc5f51cf,T
0xcdc3259582bf0a091cfafa23e564453ad314e5ac,T
0x1e412c785f0b510ef0e073db2793e2ae95982dec,T
0xed9aaaa1a99a6523ac4cc2dc7124b0d9a3bce61c,F
0x50a71d750d54d07852b06f33387b7d3629f5d4fb,T
0xf10c20580a714ee091f6ca0c23d07e4587fd43c3,T
0xa8988b4b29f130ae07143745e095b64269ff1688,T
0x79610272bad6435274f799071ec62595f6481585,T
0xe9751e32a81810b190cf0a96bc825c9665e25939,T
0xfb2908e87264b4804b48320c3d5b05be3d709288,T
0x69914e17344660132e467ef4a8c02fb290f9659e,F
0x938b7f75230fb3a893b9a8721946b825aa995bd5,T
0x678bd920d84da15588f9e718e4bb0590bba26fea,F
0x0a5e0526c77a1873565027b26dbc08138bf0e6e7,T
0x067b8f124fd65603592281bf10e9362f8f55ea36,T
0x3a28def4cd9c54757e9c5cb0a2f29523eab2270d,T
0xe4e9479f75ae74a1e154e3e86e8343b8e2d1e8f3,T
0x712682bdd5f712cbbd41a114e9617c45e906a269,T
0x985bf8e0a52f27055406da54c4eb79426f156502,T
0x1b8ddc71302bf5883756101b05c473840a0c2ace,T
0xe5e7150bd5ae14a3b94b54c5acc582c0fd57dbf0,T
0x96ea962c1f3979bf54cdfb980281b99a1f96a33a,T
0xf490116431d6d930ab27039a2bd92121d8fcaea7,T
0xea5753219887e0dd61d88ce23d7fd8623530d4ed,T
0xeaf87610c36cff013fb275ab41263d36466983a6,T
0xfee46e1788600c8639079aa3039b3a4cce68d588,T
0xa70239238183b98fe9252ca31ec98a9f4530566f,T
0xf27ef3cf2dfd6ed4b0056156e300a667e8bdc774,T
0x25de77fcc0207bd33873ba5c0b2e10ae6a989b68,T
0xe01b6f2c1d58b852521fc8e3d764ce2fea275813,T
0xe49dd0b8170167174c6f987eedfee95d8474d824,T
0xfdfde1a938810c7a83f7950e4780ae9894b2d34f,T
0x3cb0c44d0f83fd7192809586bcffff915b40eab1,T
0xc346683b187ec1e27c27e5401234b568eedb3603,T
0xcde4817f8f27b484e4516f3da520eeb4e5c6dac4,T
0x3a98d2e3aa865933b970149e7da42fa5f4963b6b,T
0x5567e72be1e0b671e27c26a91190955a02639d37,T
0xc1bb805c6dac846dc30c7bd15fa3735a15a93edf,T
0x4e090fcf7f63d6bda988b7233a17a2e9304b5507,T
0x91ba6a9e9a86e9d775053834823557c6682f81b1,T
0x5421cd5eb987a4478226baf0054be5696b13b40d,T
0x76f113dbeae6b74144b079613de246a744dace2c,F
0x5c9bf45157304cca914a8f45cfeb36d1a4d98c13,T
0x686ce2fd2904aec3d49e03da4ca3c3972e546d65,T
0xac1e782ca54ccf9d23eae7440a16d6666b272ada,T
0xdf548e4b74751cfcace30b2f9430a2f5c036bed5,T
0xbb03c5030cac72e290ae185a8b9b375c58f7a9a6,T
0x4bdb8824a9612d80fad1a918c649ca21afb88a40,T
0xbc552a3ea0fc389c23c739db47b13e632767616d,T
0x01867304a3c24b6bb7a2152c1e833b3ef01dbd44,T
0x35d1f6c24b53212603a55feedb91fc31fc7a7816,T
0x8c97b171738aa8fdbd0bb73a440be2424f840635,T
0xc89572b9532e41ed0ab0bf2ea9aed18a71fc357e,T
0x8017ba543aee7f3f258bba3b79ef08cf3e875b95,T
0xda9e0fe894cdabf3c17e2cdc4f9db86c9fbbe70a,T
0x9148f8b66efe1544c642f9ae9d359f041f51ccf3,T
0x7bfd87ed5b16b0f62686600bc72a006ed537cbb4,T
0xe4f6dc1c7200cd70dc8135ae65dca109416158d3,T
0x16513cbe8a9a06518901cca5a48d3be7786ff5a8,F
0xfde8b81e98d03a1861e43769cf96cafe825a3ce8,T
0x294c549c4ed09c6639e9fc7661fac2e97a8edbb7,T
0x4a071f68ee83b07141922977512fa0ec43e781f2,T
0xa1f2003c44bb9a53b1dcd6ab895a21a3f900dc33,T
0xe737f3ca81d654efd27cc808e1f7a6e69ba54c13,T
0xd1144e4bdd5c2d4aa6c67993d86b48f0927a5f0c,T
0x05b4336c5436609d8a28d3a5b052ad194dbc39a7,T
0xe4b88a17f1a3c83599918755bcab52976302a2e9,F
0xfbf7a4bb534bd8347e5a10fe0922af17354a4725,T
0xf3c131e9c2c7c1098039b5296edd0c5c89c9217e,T
0x184a802cfb353808d744b2c0832c18aa906aafe4,T
0x91e9e7bc21675b6bb5e2a4d8d96a32b89a5940c3,T
0x8bcb6061b80fba0f01357e4bf5da9c59e43d1c42,T
0xa2d3810ed4eb61e61ee6e16244fae9621b4fe08d,T
0x3b2a15833095996c118b92f2297bd58f977404c4,T
0xeb1314c7bd1beef99f2c4dbd4487a0d8fb914141,T
0xbd2905fc78c0a512159844323382824afaa8a372,T
0xcfef36f1d4cf6914961be5d676a4188ead8e6038,T
0x7f1ada0a299896c1b5beb7f45204aa12fa59838c,T
0x04024b3c2dd5dff7782b23da64cc3d7feddd99dd,F
0x8a58d4944f54422b3dfeff67ab4533ec141d1e4b,T
0x9b70f723bebdadd0b22c525d86daa10639c00822,T
0xedf9cae34957c6d59e0e7676f2cc7116e097062d,T
0x187974bc3043be1869dc6743005f627430ed4a7e,T
0x18282c1a6766c3080d28862501eafaa526f2e707,T
0x7700ba7a09ffee418257b7210aae488e827cc8ce,F
0x5476fbb78d2087c7d654cfc946020481d6dc7f30,T
0xccd11ed84b74c3ad17db9678b0894092fe6cd989,T
0xd240721aa4dafd7690600c53eaaf03ac2e3acaf0,T
0x8133b5862f18f9aca97d1d8e7a957c91273dffde,F
0x28fe2c4113c79e23b795855e04c3bc4b03d3d4ba,T
0x583ccfcb53dd29df862bf3daefdc0cd0240d5007,T
0x3855fbae005b627a7d718dbe286ab33eb56936bd,T
0x295ba0688feafb5a8e65ab3d48547b2ac7984ad9,F
0x23aa827ab979976799adbe4941aec398c501427f,T
0x13ff6adad6056f107c562323355ba02bd4fbfb12,F
0x7aab201d09108dff51a9e38b19282682dd30ca54,T
0x0a9230255c5cabddb66f13c0b6f95bc063929b2b,T
0xb567d433d16fb90ad5645c741d1f304439498243,T
0xc6e15c80d4d72020bb6ff0979b1fcdfe1210904e,T
0x2e34fd0d7d2363ad14784c466c7e1347560c9daf,T
0x3019e7df6cfc75ccb90452e90454712ba1659bf9,T
0xab60d80bf6ea8dbc33802798044a236c2333fc64,T
0xb417fbd5d02311392cb95af3a834ba9f7c920f1b,F
0x4fb6dc66fefd13277471eb2e15ab676340bacef1,F
0x424a5d72b31912e88d1352cd5020763aa92acd31,F
0x1f630c230f0e12b9b264e95dbc20f4507fa6795e,T
0xf3a3ba59b94b24762867192bb705a2c0dcda8f90,T
0x6ed108de02bbe12b41766143d4605d6f6549e908,T
0x6a580da1e0cb011390abaf3ad672906e1a2e747d,T
0x07925cdd8b4dbdafe12f3706e8dddacfd8c5a94b,F
0x3e71081efd355d4312b3c9bef8bb44bb16f31326,T
0x2f208074d5e25c746b804fd57c6e24ad6c749571,T
0xdd0d7cef3b8fcd706c8bcbcd25446a34ac7a02cd,T
0x27715df4ac61566d59a857911b391af6ba2a269a,T
0xf8377e1bbdea13b9eb957857a3dddf8740715dcf,T
0x7c7f509c7368d9f9f9c4846479f907ace37c80dc,T
0x736a0e2da63c5ec02136e4df7216d96cf434a555,T
0x5672f9c7ba94eb3535d2eccc7566880d3b25559d,T
0x0d4055f25c4367fea30fd51d142e95e0e0d3d700,T
0x995ce9aebea0593f725e0bd41b42f135cfb8489d,T
0xf8f92b7af05d01f76aa84d3fbf8db273295124ed,T
0x3f9e922c1372cf85c9279ab95038e57d87d815d8,T
0x0b38b276c6ccd51c2c75c5dc4d1e06a908fe237a,T
0x828c5192d8b5a11c38cf19d7c0eb20f1ae8423e6,T
0x19878cf963fe5618fa17997f3ff27039d2908dd6,T
0xe122125a460ccefd469de39c6fdf3068e648bddc,T
0x214bbbaa0aa68e4da606ddcbb8c138e123b4c2cf,T
0x39c560200cf37f99ae052a3dfd6cc3e131067fb9,T
0x3220dcab73e5de07e271477361091794e620237e,T
0x67fb9fa4e1ceb367e3ba18415253aee530ea3749,T
0xc40329d3ae56af6b0757c3fe53941ddcc3d92671,F
0xb6383ead562f271a54437a680600f78d35571c55,T
0x80708d0471323ff42f7f8592794bda1b5eb90328,T
0xeb810aee37af3c27f8d71ae2465606fb2cc28f84,F
0x9e04cba480ebdbaef4e33824f29f7816aaa00f54,T
0x3efecb236560f4a3638571f3856e48151a3435dc,T
0x0896156f12ee0ee15702806816b7fffbf6122a7b,T
0x65d828fecc32ded6b7a24056377748a904c86f52,T
0xd14cbfae8b8265dd1a73f7ff491ef2c3a7d51923,T
0xed7cf065caae27445d5eedecb7e1c26fab903063,T
0x7dfe9a666759252a993044cb2bdcac7ca5f40164,T
0xaa64ead4dbe0bae6c8724e5becbfbc9c3e0beba8,T
0x96231425d446c24680dee5bb2d514791c140db76,T
0x824a4fbdbb672558a4e206ed964c802185d926d4,T
0x83f5faa583522e507c268f16664f800d1f23ebfa,T
0x448d84da76ea890a63d495c2b3ebccf817b27b13,T
0x91e89de15333c51712ddd9272165819818b010d7,F
0x2381922ac7309dbf606c269a81979ad3dc41a878,F
0x5b96d4ac5b83fba4afb12662b87a0226235986e7,T
0xf58659175d1550fbb208027839164abaf4c592e2,T
0x1c587f02fa393f3848965039c2eb3ee0a10690fb,T
0x0a861272a164697fad8ff73c061629ad78cda715,T
0xa332243a4c723a7d1ae6f91e96ab8ed1bdbc91bb,F
0xf5f778fa365787570a97d2e4ef1f6da8ee124d2b,T
0xbb53c9edf4fe068bff99c8594675f70240e4efdb,T
0x6314618b6f31ef70943d90ca8021f27944c08d21,T
0xbb0ec34f168f48ebb0954ff713d210d9544f3c75,T
0xa23c82bad176d40d33f7db910d56366d65654718,T
0x964995901ef2e755dc21d833cc10d2b6343820f0,T
0x6ab98be66e8161b636e6c3936c4318333c5de236,F
0x5cfbab16520f3901c5b249e883e5755945f01983,T
0xaaa8450a8fb296b21f4ebe27598b40a750fe3ad5,T
0x1bccf0104d26d279b8b6998efa0e49dbab998e8c,T
0x17d8568e4778d17a744061d7b45aea9f9ed062a3,T
0x707e43fadb87a981476972036f9df04235a2027c,T
0xb8124c429b7c118c007f60e226aa2a09af5c06c4,T
0x8419adc8c2eafb8dd3765cf9d34822454eeb6504,T
0x5feb862eb40de7aefce1b47f775cc3b1d2bd5543,F
0x65ad41eb7a3c9e5d9d53a8af8f677c08bbc69651,T
0xb76145d000724791adfcdcb7ca9486e1a8cd0195,T
0x9c01fe62c2a2876576f7f575479d52a749836e5a,T
0x9901d8cc6110a72b715f1d92154a446a24759c9a,F
0x021d0bab30435ea4d5a890ba19ea8c3a190ec1b6,F
0xd088f42034aea8ac96a7de9f1c20a5095921aca1,T
0x3db10e3376c003da97e0e82caa4bf0d87fcebc6b,T
0xc1a3f47efb3cc00779e704bd619372e63545d513,T
0x4eaba370d68861f5359a5a0fe336de7ec6ab6e73,T
0x04cdde006817218a9f275e4b2a3b42a0b2bb8f45,T
0x5a859101cc290cb0b36a9d82667f3be6ec363b32,T
0xaac49cb0fe30940f91755460ea06f508ad5dc237,T
0x546fb2eadeda4830f1ec643755c3979c831e9cf3,T
0x9f2e1cf4277c3235df6189cb2b2fc95c05cdb30f,T
0x86a45004d4e0407ddfc89b9a50bc68e288340444,T
0x48deec5d7a03b841f32b4e1442afdb57104e6fed,F
0xbf207ea5de7d210db9f70baf7c79bb8c6c36666c,T
0x01630a80ca2b3a9da2f21d7af6e78414f2f2954e,F
0x533949864a483fbf0d1424541941e58da188c9b0,T
0x2f6e925fac0915df9238fcce8e52b486f5481e90,T
0x3188e7e42a334a597544745147c996704ee30920,T
0x61aa99fd84969cdbc18c6f658864e27f57497f49,F
0x21bf63c0418d4f1d13f884c50498b2259b321b43,T
0x5fbf4b16c83d31d776aad62c718c13e13ee1ecaa,T
0x31d8204616d3790ff63be8fd7b90d2ba99494e77,T
0xdba5c36b742726d5b2ce294b8074eba2c2c1649f,T
0x078654dfca1e43fd0018c928a81e3872049d7d25,F
0x7b469e25e1963092c8d1f720905c696b2a21a3e7,T
0x16feed131963da5559b03750fb2421c4a1a375ed,T
0xe0fe4a091e0336cc0350d61b9e5b46eef0cc9b4d,T
0xe15ebb6573496fd6860f7194285375fb94c9a7c2,T
0x500af2a1f589efbd11fe5d398fcd71c8beaeb011,T
0xf5a054f03704992da379bca02ee8df5c1e5006a5,T
0x88da24ad22edf629d722747cb388788ed3e85775,T
0xd923de646d3f0bb9eb7f9169f259c79c3ede2188,T
0x3d886bef6dc2c186c2c87738ecf6d1f5cbb34489,T
0x1746a571c40c3cff65ef50ffdc83153e18b42830,T
0xebabc3757d4762216b619c135a85ecc5d33fb52a,F
0x628b007015c55c6f3136dbfce776d3e6935f7c19,T
0xe3d06dfd22b43f280f364588b797795c9db42ca7,F
0xe7b03499a795e8e426026e0c32dcd50005043f57,T
0x376930fc74c307eb9b47dae3514a16f967e7f33e,T
0x9858e22b5f7b5ca87ac92237321c94d9b9bac73c,T
0x06a540b1c7ef7be76237e90bc133ce3d46f2984e,T
0x78102679c5bcd2c5e5e780fee34ccd3b20b229db,T
