Address,Nft List
0x9763c35f598d80e90a73dbd4f690eef04baa7ddd,
0x67a813f17d5feb9cee2e350b9d1aa00e9de92c19,
0x0ab90cb50623a5b7eee09f59e88d896364b51079,
0x2d196bcd05edb909868a22461517eafa271e668c,
0x9a43e2d3f7d28f0bb8a6b5952dc563ab51b8cb55,
0xac5cc232d28257b30d79d3b26760499bd33bc978,
0xc0a7a51403a09229dc03a7654f4786e737958d21,337
0x238ae1b3353e5ad211ac2b325f246c92113a8bd7,
0xe18b03e352ca142699cd9425d4ccfde03cc6417f,
0xa639eefb04d47d1878018153056f674c8f250918,
0x273c800e08557bd8be9f5c7ca6369776f6f7b130,
0xe702586b6c6ecd3cad16730bfbfeb9de7d7f840d,
0xa9b3cbcf3668e819bd35ba308decb640df143394,
0x41ba670277fc3edd28f191b67e0557c840acd1b1,
0x393b4bf3280011e00e481091afc417391ab32655,
0x7c7a0dd042173bc38a58bd9091cd610f509f6854,
0x631e9ac53e6ddced4de3e24883be74c91d687406,
0xe345402334ead56eb052311716d27e073eb56ae5,
0xdb2e5e4631568de23912977a690b7ca15c850931,
0xbe944cc6bfc4739a4106d1105414204bb51a2c7a,
0x9987402b985c942d5b28d15191961658c8929e9a,
0xb2860ffe8afc61de5117f4f911d6945f5766ad29,
0xa2b0a1a2833c2f9f309d825f87be5ec505e890fc,
0x6edeb27033c9768755e40276dca25581da8c8baa,
0x94ed914e1c020fa8d9596df25657db9588cfdb57,
0xf80127e4cd61b16a4ae674eab6563bae37d26703,
0xb1cef1568f8b15c009a29ca177285417b59d24fb,
0x4412897ac19b515cb00fe1ecc0cdb9b89b3f753d,
0x40c0c368ae3930065fdf413b7646e95a72c900f0,
0xbca7f52cb587343b0e66df72b2a5b6cdcf10b1fd,442
0xd095b2774c01b7adb51b13627eeadcd578db4d83,427
0xe1bca8163f0f8cfb0dd2db49141f5b1112b4c708,426
0x5cdf1a1a0d800eb832802dde9e78b78b15cc26ed,425
0xc8d89e87ec9a6b81d6ce51597d2735a8304b56e3,424
0x6c114f35e29dc961f77d2d70a8f3cabe2326becb,423
0xf4876e78096f4343861cac42809617af304a9f9e,422
0x8035a4d3bf4433c046d04fe9b56637dbcd152131,404
0xd1a68eaedeccd3467cfd0c52d0a903151bdaf041,403
0x3d8d0eb25c21d03a1ff964da6c352f085df103f0,402
0xbced814b90139488eb7309bf7b2779f4b87989eb,401
0x672cd49df2af7f9e932b5d3c7edfbcfbade2a765,
0x9ab293a9e3827f250834cf2e2d239bf25867a4fd,
0x77f2e2f929e251f708f9572d66d2f64353833805,
0x6e853847757c97c250f8cc9575518143f87c12a4,
0xff122959740a950afe5d394c3ddc6b9f2d25bc53,
0x5beca9dfbc870c5b9dc1bfe19301be28a1f3c554,
0x94caa198901154e7edd6f3713ca6463095e2aa9c,
0x2bf40849433019d11694dcb1f3f364494d0a5cdc,"32, 319"
0x37ca737471299f0489c7026dc160bd7fd5a5829e,
0xecf61222cb574dc2d10c411305043975d957544c,
0xaa857b4b9fce89084abe492044e3507e82a655f5,
0xe6015e1a5837c61e9f4ee47bff62a7ae70ca2ec2,
0x6e87e0d1491c64f5dc0dec820eeb875e297e67b9,
0x0ac255a18ac117a4e0378d151065bba310bbebd0,
0xaa946d344d0e460ac2693ec6d577f9034651c72e,
0x3eecab390625fc03379dd60d03c21b7fc5d5606c,
0x3a03c51aa3fdcb1808fef491a95cf07f07de1a24,
0xc619cb502119b6dde787c09cef80c3d7989106c0,
0x912b738d0640cad5b4c655894fa32d7ecc730448,
0xa7c780d565f8c9ae5872b48441c8ee1b6174d5ab,
0x6c98c6549f93ebef1f6cd8881ae6c6cac3ed71ee,
0xebbc8389654299d330d8fa580cbb06e1027ca2f4,
0xc2099e50ce0ac6833d3e75be143f8a164df85b3c,
0xd33ef3a81b5e18589e69550a38d0bb4a473d0e19,
0x5923542e16018992ecf4be9a2ff70708bd23ed29,
0xfb41f396f9335d6a41432a497751662bfde85bf3,
0xbd39e14171c6822574dfa90efb1442c3e61e309b,
0x5aa750af340fcb96385a357e3a3aa95ca7ca5a67,
0x9c8e709f7e8cda41e3a6cda38f8d6a13956925ba,
0x7f0923992a5ed35b374c2cd402c7cbd9e4620ae6,
0xf9ab5d8220e722bc4b432622238d6cab15f638c2,
0xc4ae6cf105b32d04e2072e5190637ff991071b4c,
0x9008b02ae0476abc69269f70c68605d1c73710b2,
0xc28f08b23ad129a84cff27afeaf82a61c9f56b5e,
0xb39053cb11031936135b869498e512b4c19c8184,
0xa2a7f03459da70e56bdf5cf46d8331eb875deb54,
0xb3a4b0b5882b468eec38cf9e03c692994404e00e,
0x087bf7198f193a6f5cee559aa036198f479683f9,
0x00496e3090929573d0615bf233f7dbad23d0d972,438
0xa80865460c85ef20b2c89b9d29c2fe1b1b10aa1e,437
0xd16c3e455db4182f13c3f2e3646610a822833a8d,436
0x9615a1bc296372eef76051173526eea21b46ee59,435
0xf2b0e15ee8bf884e682849b1f7416eac814ee23c,431
0xa4194aa99c0a3b61bb1b57acbfeac57fa69e398c,430
0x9cc2dbf660c76780a4a8d75c4ce80ae74364d9aa,429
0x7a458bf11760fd581e13120fe4e353e48abe1bff,428
0xe08ada7d3b8d109f96b04798e5a8858fa0f78a5e,416
0xbd016dd2d2e7f3ec77601529570e5ff7306c7227,415
0x540a39938600b27a2a001b38595148b07a5c6bf2,414
0x266396de7e9bd19cf5b29761380de317e89daa75,413
0xaa8671551591d0e027c7baf70a61ded654b4cf5b,412
0xf338a4aefcd4f73c845466309656b10c4d7ac1e2,400
0x5ea72c5baee4c13628a77e8df30b43abc44faed9,399
0x12bb6875945368672a0e0e4f1e85878fb247e700,398
0x25d4ca8c1d0022bc7b5b092bd96eb7d9a45f8123,397
0xaf5197a4510b4ac3be2caf04a34a3f1e5bd7685d,396
0x97f6ca48fa5d6df7419c872a8a3ad47b82e4f87d,411
0xbf5b21a96f4cbc25781f6241c5cc8d88db4e492d,395
0x7ec89ee304d6bd3ab2224dbbed0ce55535f6446c,394
0xcd0de1793d2eb3dd130735619b4aa3661af2696f,393
0xfe6842f3cc349b0f6ba8f9900c209abf0bc777d5,392
0x4cb863d2d3a7c40d663d568d342ac375263a58cc,
0x112d4916ebd17b822c7d6cedb13739dc202bb6c7,"61, 316"
0xdb912fab7ab5fd40f17fd470573b3b999c62232c,"30, 314"
0xbe6c5447423aec564e595cb00ce022c624d0da8e,"317, 318"
0x8e2521addb9a62f117064ef21d4feb6a6478b78b,
0x267cc553e3ca5de79d8cc33dbb99ebaec7dae199,
0x8cbbc2157edb701e96532ad5e530ea0d88f879d3,
0x8a8371833b8e389d9db05b59730634947676789b,
0xe72b946c1e44e37959c69b94dc136b9c3ebc7417,
0x25260ad7d0c6dd0ae7f069a73220700cc36b86fc,
0x9b8147a164154984f8774fc579cbfaacef7f2fe0,
0x4c6a5b8a4c7afa613101acef5cdfee60e945cc0b,
0xd605fe23107cd014b67f3c7f1514fba324d4b35b,
0x7d5b104e9bff2a0d9beb963f106cf1a248f3cbcd,
0xe9eb43e8f20840ae4dc201cd1164d85bbb73a876,
0x75f5bf9f9dd713e2277eeeeaa07c61112017a868,
0xfb19689bd33455fc14a6a51a5b44db08629c8eb0,
0xb5bedb52bd45ca37f996444f2503be586a29db1c,
0xfa940df3cc4a8e0b5ba0deb34e1850392ecfefe0,
0x2f94c2c68f3d032b1db8729d81bd6754c1188b47,
0xa3f601bac21bc4c5ab38ee8b60c210542088cb6c,
0xbb37fa28f9d5cded7b41a0413772ad8e41da8331,
0xb8ee77f6bb898c4d4e498be081ffdf87b285a086,
0xc78c333dae22ad8142c056e5806210143b7e841d,
0x847d5ab12ed8c8e77bed4b65180f0393677e2b21,
0x22b580d65eda9fdcb82b7d2a84230d7cc2fe905e,
0xf95f1dbf386364986cd779e18189dc5f185c9a22,
0xff060a8266776bdcc2b4d589f0296462805d8324,
0x387c9e9701bf3889415f377871c82fe1646abc60,
0xd0d72c0f0c10585536d622be6e257c66321cb9c8,
0x3862ee7d8fade0275ce4a5a84bf9325f0e407b16,
0x488e4540a4eba66a98ecfd13bf949e86293db287,
0xca8a1b517bb871231ecb3aa1d70dba3bbdf5fcee,
0x3663d0764a13d273d5a9ac6458e50731ce42c122,
0x8eeec555f0c071f2cdb7aa274952aa453c535022,
0x3515e961719acd8da59a273ff060bf5e52b73375,
0xbd2455bcccaccb1ffe6015732c18523c447b8a41,
0xcbf655386b33655330a2f3cfe550766fbd3789aa,
0x931385d8477cbb85b04c2ccb97564bf04e4c3c87,
0xe6f5d0c7981b53829f2f744b1a56aedf56456332,
0x897fd9162b389b5602e6742aae55ee189d3e1dc9,
0x8f4bff6a477622f2c012424ffb12c8958d2b559d,
0x9badbafc57e3614a3f58b605aa5e07c6fa07183b,
0x3f4cbf443aff15add12f8179fea19839cc0593ef,
0x8ccee18abd42aead8b50888a8360d5780b782f50,
0xb2515a7221b2654f9faae0e4ed1d0e49aa7b85dd,150
0xf4cc8a6a89cefdbdb515eab3ac7d76c7f32bd61b,105
0x9755e3d858a3310e9915e490104435ed4f0d7547,
0xfd0759e929447c53143df13278d822be12df9670,
0x3818258d808c1ccb256a73845b4fdf9ccb8e1895,31
0x046900722261f3eb17324a73fcc11b88b0c30353,24
0x96539455e49b8de5738f85c2347cf7955775f502,
0xd34604acc4e6ca8f99287251b7b6f78bf9bfeec5,"34, 315"
0x015ca191f80ed557dcc79d7896f8a5ef49df973c,
0x5829fe1e861f5a9eea822d0a95dfdb2cf98172cc,
0x87a8eaf122d8ca8d5612ae522a0460bceae09989,"153, 482"
0xb4633912c7374cd94d8917a167449e23b46d0ad1,239
0x14bc0407cd70bf611193ef3e2efa531c5f7bb759,
0x07765e673638fc5a8f00da7ea1a6ea71d0947016,
0xfad278d133d6e341d6abcc16b7827964a4eabea7,
0xe005b006c685691539674766fefee18c3d62e90a,
0xe03797b0e789de4946204b396ad2cf8b12a77ec0,
0x1c1aca4484405dcf2b8b193f6d9c0c5c7cff8fa2,373
0xe02b9febb760db526eee797ee88e88bc6a9d3892,
0x63971e4d168820535f763ab116e421c8f2054b2c,
0xa2d35e418814a8b6367c66a5ac2fec8ea16332b2,"212, 493"
0xf88a055732fba525073bede9ebdf76f6051b07d9,309
0x7fe454b2b38adf8bd81f5c12577a4f349a495a62,389
0x841c63f7dddb6eb053439c33d10b00995a627566,491
0x0533957485c1be3812c2e7b6edf9caee8cfe5c33,492
0x0a639c2fb93f5ab5e8ad9d4cd7e74279667afc84,
0x70609793a89993c4a29f751914492c4b695ef352,
0x2d427b30be258f4dc8115b19333d4851f981d16f,490
0x1076c2cfb8d1f3aa5bf050d8c0d6d128175bfeee,
0x50bbe17bda4440b8bd02a2bf9cc80143fe2f3c0c,"104, 321"
0x1e1880a0be2d81c9324a0a8c1bbdc1de77ba728e,
0x82891814425763e76cdd217b5003efe9ee7548a8,
0x65f4c36ab8f0bbe2f4e1368b91ddad0bc0eacbad,445
0x2d13af95d06bb579a0bc8b5ffa57de0e94150b88,
0x28ecb498b2f34dd717aee529de358005e88669e5,"18, 327, 546"
0x12924049e2d21664e35387c69429c98e9891a820,221
0x7a0584eafd56e980ef74dd053802b832eabdbbff,
0xf9aeb52bb4ef74e1987dd295e4df326d41d0d0ff,
0xdb1a96350b9da5f0f5da145f09e70f19c9ee4ccf,
0xc66fc74485c1e4fe9ab0b1fdbc06daedee6c9a67,
0xa582c011842e4aa4d3e3578128dd9851c5846a5c,
0xaee09af04285e02d19f05ff608c7548c3ca56730,"466, 467"
0x8b88064db1595e37fded18102dff6933a8b6ee90,
0xf5a4d5d1921d0114b456982d077f8d0987255188,
0x86f8f54853b963f004863e361a99520ea6ccc886,
0x98a7b0a637c3b76b57f9592b75eb33cbcc2ff96b,544
0x385afc3858f280ff2645954d1799b7fd1ed2a353,455
0xd85c5377ae75553d1fb84c5ecc48cd10ae7603af,112
0xe04903ea0da52680520903dadc84f5adbef35e9f,
0xe03c71d9f4b2ccf8026b495cc01f3763b66f4cb6,
0xd7dc3de042153778f7ec91732a2a8d2cbaf848f8,
0x993cce0bf8d39305e1be05a0be6b5a6a66821c5e,
0x32cb9fd13af7635cc90d0713a80188b366a28205,"205, 474"
0x6bec2249d4e72363f509de721c2b43f8f86c67b4,
0x7372afa8cb827d073902c3dc2a9e81469734caff,
0x6a291aeaf909c8e8b092cb5b2ffca7515bc53352,
0xc71c584e199d19934747e28efc2ba7585728af09,
0x6b17d279dc4f544f7f3b93346827d5b51fa84b0c,
0x672c3b982325be86e221fe5d0eb5391ffa9cc8fc,12
0x95b040599eb3ab880a4291e38b0598cc33993de3,270
0x0e4c34ddd798bf06837a9b8bf7d37e31e75b598d,366
0x63dfeaa5d75b848a8c70e826681bc3475670fbad,84
0x3e1da15c5985d0d1be30e48ee4cbdec763635f8a,
0x15f438c3fed4eb5474e3bc3655d0ab3cfd0cddf1,19
0xeae10420054b70314e5ab5065d1fe8657fc840d3,
0x3d2b1177305ff33e2384f3e059b9dde10147abd5,
0x3b6cfbca1e0c633c1e51223bbebccfc3d74503e2,
0x9ca9f62856382ee0d5638d60253c3508a47d502c,
0x8a7e113a1e9167b3dc7634de7530effcf053c500,340
0xc06d834fb0cad4c7a3ad1754e42f938a6ddbc2a1,"168, 502"
0xab277f0addabada86a1222d125d80753216caad1,29
0xef530dba0c0bf455838275e0040102e631901057,"180, 541"
0xf3e7cff1eebc2d0a59ccd14cd6c7549a04e9ea58,372
0xa4aead8e3a61f546e348694f423cf506e05056ea,367
0x1060cebc5acc5bca2265b1a03b79c10a2df27c79,
0x1f27b0482ace1b82cf7a4f0c55dfc2a05dfcfd75,"86, 344"
0xc92fc09658fb97ccf59ffd34d404766c3713c828,"191, 526"
0x95056124b98e463c8954bfee29469ddd4ef9bcf5,"118, 375"
0xeb7b8df9039fb9b758159a91ea85c76faf21d0a3,
0x795621e214c6deb49d2d69404627b2e675607080,"266, 267, 551"
0xd04306f9a9e951822565f598bdebac98cc87072a,20
0x3a87025ac3f720d5a2a5aa580ce84fd5ebe3729a,
0x88ac3d64230c8a453492ff908a02daa27e9b3429,
0xda2181fb19f2fe365bef6ccb84209d6fdb0d1828,
0xf851cbaec4c1fde75b25ef1c2c14ee2c327134ab,
0xbabf6c6b576dfda55b80708f4399bd872f1ca85b,
0x38f9a6cb26747194deb0f6bfb6b89340aad1b270,"534, 535"
0x47f8e24a08e5fd1518d524d50fee67497a5c80ca,
0x7bf49814598924b1ab2a33ad815054b6367cddd0,
0x7110d3e465845fa8bafaf6fc07afc6cb4a981d68,
0x9fe9b7d01f3890d2eb5ebfbcefcbcca8f7645a6d,
0x65bbbe25f7ba0dba51edf57c6f17d49a8e9be371,378
0x501917fa003f8a79564e976517839efe448005d0,
0x4bc85b54cb44de5f057395ecfe6fe14bc8624b0d,
0x65c7a8c644ccd2d95077b25b1ac8e959951efe28,
0xd6d3b438022b44185635e5872b460b89e7dfd56a,
0x90fe3e64530b81d5613698cbaa5d99e8aebadc69,
0xeb7bd07eb559e696b8e31fde1acd03481589f455,"243, 524"
0x3d31b6eccd7a3109e8a497c4273b5d71f121dad4,
0xf3441b988f7ccbe55d50c42aa29a25585c59e89a,
0x3367a005c2bef54f2836a616ce3e4fa2d35910da,"15, 259, 516"
0xd38bee8aebfb13b1e00ce99c95d0f2f364087bb5,
0xfcd485ace448fa6f33fe971f261c6411abf7c6c6,
0xca7cd4c133338df50398d576c8cae48be76399a2,331
0xbccae33bb3e56dea3197cd48d63c8adc7fdef736,
0x47f5d7ee5e15b6c5e9efbeef943adf7b31d92f85,325
0x82f80e45775816a66a104fc792fa9e5bf39480e4,
0x2b848111ffeda9e094f78697fab3b2ae428ac2df,46
0xe099d39b893f81cacab91436549d22ef8171d4e0,
0x5855c640b4f6c86bbfe13dbf91b238046e93739f,
0x50aedcf7d32b867446edea48af82bbd1f8e29416,
0x59805102076b29b3289d1ff168209b81779500d7,
0xd0bdb42dd83e4f89400f90781c18c6c15b746499,
0x91ddca932ce71a327b63bc574ffc7c9bb03cd179,
0x4c6eefc1d794e56d956d83e4c52485d24f6cb595,
0x0f740cf9cdd7ef88caa4a69796c9713b992ecc8a,
0x06017e79ac75a2054b416e31469f6828e21eb253,
0xdcb388aeaa014681e70f06d7be950d0f25dd0c5e,
0x86d7cb8909a7b6821c8ae7c565547d2a8db3eab6,"217, 506"
0x1f5f0aaa862c5064a1eb8df233c8cfde21ab99e1,
0x11daf7410519b433087a3c71ebc7d9e982753f0b,
0x5aa99d6fb11efff22be677f276cb5b880dce2080,189
0x79bdda65c706cbda69c0ad4c8da1d3e91724f48d,"178, 559"
0x74be2bc369ee0c396b643a6f4e18e5fd606144ac,
0x661e2eb1e64080eeeb5fa6e478f778f6d2858db7,"152, 521"
0xade9e683cfa84d4c47d74de76afe8c4d7042eb2b,
0xd8c84eac995150662cc052e6ac76ec184fcf1122,
0x3ace72997f89289e7abe1394be8c9699f8ee689e,
0xb2ac1482ffc669cd80449ecd0e396dbeef4b60c7,"216, 507"
0xc976695a56187cda775775307194688908b00a4a,"161, 381"
0xb4796bd982e1a60d3b958078f79232b065958414,"21, 545"
0xaa10e30b4e1e8d6aed95cb38268389212932b8b2,87
0x621aba8bc0d8abc56b3a0699ecb22d8a7d1f1a4f,"486, 487"
0x83bbe9cfcc205bb8e53cba0b51d6db9386ce58b5,"179, 560"
0xabac2b5e858bb2fa694e763fb7bc61938c21cbb9,
0x594b85b4552a9d89a36f3353f02b88b031a59512,
0x5a71324138f3e2d2c9db328e1a1c5d5f312aeff0,"549, 550"
0xf7c30a9f6a70da06aee203be6c3123b04204f428,"78, 258"
0xd188c6ab379cebbd5c4635d3a13f6a0883dfd9f1,85
0xc861f3e7e578485c0e0761d77a8be466e4317945,"215, 505"
0xe49884daec51a9b229572220563a853a429d3623,
0x07029499d002f0bac847de418c26ede67ecfc9f2,"52, 265, 529"
0xd923de646d3f0bb9eb7f9169f259c79c3ede2188,"17, 542, 543"
0x21e67ffb33270a0e061ebd19ba1c5dc2d05ed809,
0xce836f1ace8ddab50b7cdcbd1f119429b55c59a4,"72, 463, 522"
0x90025a2624ab4101fde35d026ea1499f01b28b1d,
0xb0d37023043099797dfbd2baefc20f930279dc21,"11, 284, 518"
0x983e82aa3e9ebdcf8cd3900469ee6a78d72afcf8,
0xf6ccf8751fd02de2e14cdf0ff0aa36d6e7a1ab28,"121, 305"
0x1a7a3087b24f9477f06d92c142a3bafb77eeef8d,137
0x5a2ec4af590d86e9d9d02c0ea51e109e49ea05dd,135
0x4c3e9c1fe237545a6db4cc135f5ce365ea9db3df,
0x6e868846b2182235c16fd122fcd44739e55a58e4,
0xd3c0720222f92a83edee1721f844ecbfcaea1fdf,
0x61fbae292e3d5f8f25b42ad157f4cb71c011315e,"89, 302"
0x2a23d0650db1c536e71aeb63ecd3daa0b52e66e1,"111, 326"
0xcee9a22c8d729c34a0894c6eb3c23c56f9d53261,
0xf9250dba989eabea8016cddc8c2dbe8ff8216c3a,
0xd2f6bfcdc308a97367fa546ad7fc667a0dabe763,
0x11315cce8f009e4cb4234ffeaf2e860b84e5b0f6,"268, 269"
0x63e414f556e29c97b37c69c0458d564d4bedc4af,"53, 536"
0x00409fc839a2ec2e6d12305423d37cd011279c09,27
0x5693f9afbc5ce855e63863cd3aee1877142bb9c6,
0x4f33c4463cf367ebbbe3463835d9ef1942bbe206,
0xb4a3c2debfc033ee3399ad6adf0b4fc74db92baa,"188, 499"
0x8e47fa3c944d3529004b4cca7376ad7c00026b4d,
0x752f1127880bc232c4fbe265d0cf5ea15aa3ad6c,"386, 387"
0x676880c38e6f3eaefaa77ec60f853f3b14f3e0f1,407
0xceb541f0f656ec5180e3c24980f51aba00a5d43c,406
0x4f5af740ef330004a4e80d17c5f268f2edf3841d,"119, 357"
0xa16d56cb098814641fa9d5c3e3f2b591a344e924,
0x6a4f28cd5a34f4ef8edc3fa3ba9604afe19dae25,
0x4db72cc539a2e04995ea14b66e09a68bd2e52b14,
0x7334da6b036e0793730dbac73e78d0e109844be5,
0x019226ec48d29040af75fba0cc518e44320e3842,
0xef83d2084fa1ea75b500ff79e24a7a1bdfe67e6c,377
0xb413f9647fcdd43bf272ada2512262d217502396,"117, 374"
0x98a49d12678f142fe7a6bfac2d2b71e3350d095b,
0x075a4bd432e8e862733c8e41efb773d604f35e5c,41
0xa83e8412f4e62807d42ee7a3023c499a2e6acbf1,
0x7cedfe63ba3d16d929b7461e2f0c55f0f6ef4971,
0x70e439584ef1ba300106b9c16543eaa1de676dc2,
0x576cd59b77ee61f34d43d1a34dac54f6e0a6339b,
0x453199abc13de592afb66dc6490d265b68b73c87,
0x7c199031de580ecb75d5ae0bdebbfe2e23b4bbae,83
0xfd7d2c1981fe9218117e58aecae71acf94c13a02,
0xa45b1ecbd1b18719d0b380121d5a2fd63f0d04f9,461
0xe5e4998fc4229cf35d4ee6c39358f528c29957ee,
0x4a85a642222502177b130e2d34972a021dea2d10,
0x2cd7001f9f658ec784176bdc3289b13f138f7a52,
0x66633cc6b84cd127a0bb84864c1a4ea0172469a6,164
0xf9329d35fd7a87e2aa87a51acd4863dc50be0d4c,454
0x79f45fee8abf4c4985c8c6784ebb8a3f7edaf4d7,
0xf7c04a39e47c7ea9d6888f9389ea85846e22ae1a,"194, 508"
0x23bbd657863fbc80c32925cc6f83e09ecfbe1573,"113, 554"
0x27e4bf4824fcaf9731ead0b6d7ef9a3f6f295ecd,481
0x39afe2176de832be2a5164e5fc91e27d1355c88d,"95, 291, 552"
0x6c991016b4588b3c73a984b87275f8ff8ea72967,"126, 336"
0xf051e51a56f87a9730971d19d70f49c88cd739a3,120
0x942c37f8b128179834c0fa5593c0166bed260618,405
0xb43321da59ddaedf60e850e8499a767a0abca7ba,"102, 359"
0x60c72745bda5e3c0577bed09032d28cd39445d75,81
0xde6e0814af98646fa9df7c64c5e0d943bf0ecff4,
0x0370772030f3e6a5545be6fe86993d7344791cea,
0x21053356d7e9d20b1cd38642d233afc889a45668,
0xdf4dd7f972926d7d82b8a3bb3feb5254c368045c,
0xe23f26cab48f1dfb66e8cabfa6cfc47856a98787,
0xa2f9da21e410cd0e37ae135a92d97b9dc714018f,371
0x4070e40fc3e382437ab7bac2249205d276bdd15a,
0x534d4e798b2644266e4c431545925aeb2ce764bb,"292, 293, 553"
0x7ae1cd518ecf4546fc93796dbb26f0ee0a1b35ba,"64, 271"
0x232c4a5cff7857dd2b911859dfcd552c38baeb06,
0x7d89d3930a6f18e2cf35281c0f286f473426ec62,
0x16103d93a12d1154e5d50569609366f1daa477a4,
0x913cad568b42f3f9620d96b4a7ee54636bdbdd4b,
0x54c8b710bdb84f684285ea30b8f7c3eaf76f5ab6,
0x3dbef1717597ae1f9bbad15c950cef1a9caf349e,
0xfe0e895b4f70c1588453f3851c1a9a55d7eea634,
0x169f1f002795dc6fbda3271f5b566fec953c1594,
0xede437067d4e796f9bd6783205666710459b0dcf,
0x7a6bf9bedea6633645366dc95dea6dfe8779a49e,
0xb72dc0513e2b22123c601443e9ba1a7a0324862d,
0x945188a5ad11b6e69a49d2eb37a56faa7f9eb29d,157
0x5111fa46b34a5a89e76d0dab7993c0c28292f3a6,
0x0bf1fee0f3dbb4031e4c12e2985df93f267d53ab,"22, 274, 525"
0x002748db885d4ccfe3c7c92143f0805f4ebeec01,"71, 272, 540"
0xe23f9140bbd2a766867f20fc8e71b7abb17bde55,"28, 538, 539"
0x9e0e055cfc7d84d1dae94a4dde3b3f02e35ea29c,"384, 385"
0xd376f87249f959555efd518129e29d4d792d4847,"249, 448"
0xefa845164e612fe623ac21380afc8ec78f22e3c3,
0x0719d4e2270292a3f4c98197df2a44b83d4c048b,"174, 446"
0xeaebed4d172b5820bf2a2125f2ac2311026b582b,
0xf24a41d76cc26d779efc27c0f50d82376c8ef929,
0xcf04f3cb862cd00cdaaaed3738977a4af84688fb,"251, 447"
0x539594df10698b2014b5ad9c668abb11682cbca7,
0x051125dc742ca3bee3a341fc46cf282aeac0d7c9,
0x1a62e7af4c95ae14fe60e275fbf00d30130fe34f,
0x215bc454da079d610abdf1619d1b29c7795a7996,199
0x852f9527850447d5ca473657d7d8df8ad998be09,
0xd1c58bee0bb99fcc3f27eec6b79abeb6025c36c5,242
0xb754be27d4eab18dfdd4cfe42b538a80170721a7,76
0x66af0e128594fd97735b219441bcbf0b001146fc,410
0x7a120d3150530a1cb538711ef04623aa8d90ff4e,97
0xe56448f418d1c0712424615aabb0c70999f81e05,330
0x087b1a50f13ee36afff0d4f39c737814f4934545,
0xaec109dcd8521d4e12a7ec04532cbf9ecaffcc52,224
0xc91c1f719056db3a2abb3054d3a4c95076a0978b,
0x0ee4e42b1096530f80a589cb13461930704517d0,"94, 306"
0x4c2d848796722c2c471b44b1a290b1125e1da259,
0x4cdd7811ccedb0ffd3808b586bcafd6ab0acb313,
0x7ba8227505544815021dd31f4dc8cea926374744,
0xbf2c4b5ce9352da5453957655feaacb3598318b4,
0x60c2f34ff71cb8e6ac630d7b22c6b7a91db23ec7,
0xa096e581472070ebca6e5d28df4e981ed3d9c5a1,
0x2d4c68c62648dcb47fb44997efe0906f64a7074d,103
0x698a00c4546432b2ad17629ee68b95783800321d,
0x43032a5baec737693b91fadfc491db06c604cd9f,"115, 338"
0xf308ff5f6081f802143c494833b6ce6397ceb808,
0x2c2fa8a0b0aa01169d1f7e2dc70829572c263d58,280
0x42da38176859da9c26dfc66bbdca829df3d66850,421
0x5fe77169ee8a147ee63662160449c9bc84570f3b,475
0xab55f77c4d8beb85a5c6c761c42117571a1fbc1a,
0x6be34ce251658312c60c6c7ed63a50943bf1d561,38
0x5836130b9f34deeb78c7642f37e921f913e4c3d6,
0x22723cc5ae5a1b4514ca41f2466e2ade15cf529b,465
0xfc397502e11b8e08935df2295ecb8a79d2122975,75
0x9914d1e539645bde0c0a031ba1379f023955292b,
0x28aa5c6653bf726a70ec922dc310dbcfb90c7dc6,
0xf7a8804175a174a332ce37339b6da6e0af3811e0,209
0xe8fff15f9e2ee389e5493a1ca274f93fbf83d8c9,
0xad5ac60e0964783e0a670cc2e3446bcb6efc6037,147
0xd376f8009bb2eb50c5fcde6d4c5c1dd0d9f0a78a,
0xab9cde6b97fc31278fe1e496bcc96c157692c17f,"116, 470"
0x8f8270477374528181be75287d24fc2c6bf7aaf1,
0x2385233abb910357e2b97a16d40e0443e53d0769,
0x0ca6cadb6a8ca4199788b9a060c3285fe7b897fd,"250, 449"
0x3774539539a91ba9dbcfba5802fcbdbb8a40f45f,
0x80e8f298069cbe363cf8c16091d37171fd30a247,
0x3a5d01b7376c44c26ab8cf5935b22a4eeb948e93,
0xae71f9ae16783e3b67560b45a513ff6f8e5a0a45,213
0xfaf5cf83230365d10d0cb585b8678cdf0c96e160,
0x8dde66450074236be7829f42b6eea68f5e492e09,
0x6e6dfbd557bcc90a5f743ab2bcfd24f7454992c9,
0x943fad332d266b1b8a9eb56aa62fc8ccd3a2bd19,
0x8db1a32db538ab74dfad4e2b341af5af658126f4,
0x6bf286ab1755dad012aa24dc41f26cf1c26b19ac,
0xabf5416caaa4734697986e0440bd37c3f68d72a3,7
0x4e54c6ddb5c8889495ff8d9acb1585f476fbc20c,
0xe12d7aa73ce8c51975fb5cdf2300c9056100e696,355
0xd6721d367ee1b349199cea8db019ecc4eef6a3f1,"214, 494"
0x56ec77191b0d58a4316034c5ab077612ddd2abb4,
0x47940f3aa17f1163f7a5ea70452ff624ac800630,
0x1a0677eeeb4af9ebe896818ebd2957335bd0b8cf,
0x9c8e4092a5f8b03319ad6ec22a4d5ac199aa634c,
0x9c5a5bf1c40b50eae0c0bdfa044427661aac2cd0,488
0x02e97210b263713befee53057159639d4f1e4a05,198
0x3cf282cd2df98d8589598fde938eecd1dac9671f,16
0xb55d17a1e777bb1c4ea2383569cc5760166246a3,200
0x5911b17fdc574943a6fd2777ee9969532e00cac3,
0xfafb53ffcc11d8cb6f3afbb5d4f3a3a3e1ac7c4f,245
0x1c38f5fd66c5c688460539e4790c703ca43652e9,
0x552d585ac9b1191a093a7b4917c84efe3ac061e0,
0x42dbc684b289da89919a51e991dbc3f09d2a7fdc,289
0x3021a59f56cae360183c40965d7059a4a73a7ba7,
0xb8fa0f74a71b700a8f04032af05ce3524ee11b90,
0x57df3dd9d23c6227e2918bc280f60c038e9ddfc7,"478, 479"
0xfed937f10fd997cb97de1aa668bd91a8208a777e,
0xdaa1c780fb2787c4169ed369827cd9c230d70048,
0x8a9546af6c0c67bfeee098e0628d96dce1440134,290
0x4ef9c6f53226f291882fcf2bc6bf0ba8b64987bf,
0x157ea7465237654286ba3fdfaefd145cafc8859e,
0xa078aa1fe49dcd97cdf02ff4dd0e605c7509e2cf,
0x64901e355520e922dd6b786c9895b9554f22102d,
0xb34bb0ef8e6ecd87a9f998dd37861d05216d88be,133
0xbbd31bb3ac5cf63a07c0f842145eb4a90b9dc615,144
0x90c41319d32b488b0d27b022c553755d9785d3d4,
0xc3d4e2f467b04a19c340d9006843802fc4963bb3,"125, 370"
0x16fefebadb9eaea1b635452353d01865b55ab5dd,134
0xe88871f39c98963bf4e553765e574d27755a4052,
0x6a798ceb90c474ad5ca6e6213c622c2e54b2ec65,
0x41851c156016b33945d7ecba0a812bb3f645a6e7,
0x4c70a5dc90093ce76f943b0d037e0652fc2c186d,
0xb9c967aa41292ff7afe2adcd0ee04d302a88e8dd,"70, 264"
0x82ac164740ab6a399b2a801511819290597a0ea0,195
0x34927a57fd3a2888d43176a290c0505a8136cd60,"142, 432"
0xab9e01aea5ac65b0812f1e0d2ee89d7a6e7d25c9,
0x58f2b059387ca0bd613e720ab0c55c872e11e9ca,43
0xd7283721a04c9917f0ca12b64b97f36b56fdc6b6,
0x5e56921fed31d3c9c3ca99c2539e6a72afdd8d98,
0x553222b267bc978aca3c28493aef72d924b264bd,"10, 262, 517"
0x9226b5d1cd789aa8b2980ee86695a9a09a42d600,
0x8389d9c31afc18466073aaa83737eda0814a9f27,
0x2fe6c4f6a527d47fa2729254847a0ef04fc7f157,90
0xa6e1353b29c829ad8e18e38778a1b3f1da25f016,
0xaff9e92b86858f6a284f226a23beafad89dead2f,527
0x40186481842b6a99f638e80324832550d8860d87,
0x8f834b0c0f8828be9de100354e8600b4ec1d72a8,148
0x8ed3385ee89c57d296d3ffca02afb47e0c787698,
0xc7d57c61a8f04dcce1e10f3ee50f5bb4cec9a568,368
0x424cdca7302d34689731b7a786e0fa11efd30a5b,
0x80fd0c10e7085635f76730c77551aa4440853ff0,
0xdb9f34e8d6ad8f1d632c33029979e9ecc05ab4b8,
0xc526fb73c639aaf21aa9aafe7ac5249c249e2730,237
0x4dc5af9af27fb6944c61f4a41a19277ddec77e01,
0x670f7f94d9697827ddb9bf3aa08ec222be89071a,158
0x8b8bd62e0729692b7400137b6bbc815c2ce07bcf,
0xcd345e93cc391e2b97de2217cd984e386619f5e5,"40, 241"
0xffb9b16807dc68d58fb1b67b51bd459738d9a94b,
0x48b6af1cce25922aa9e793352fc08f9abdd2ef57,"25, 473"
0x0929168047e7153a5134a6c5b4d1e7249e63b279,82
0xdb0956eb096fb6f9af688c7b820d9f5c860adf68,
0xbb307b0d05378a932f75d5ac2e65d71f48b7b631,
0xa22082eaacb5a5ffcc25d692ea7fc4ba1f451d30,
0x79e5de788b06be111d3a62bda759aca69012e75f,
0x5afcfcb4158e484da49d1ccbf4a77ff3bdc5ffa6,
0x61985f9cdcd37bc84eb376b2c8733cfbb7dd457f,"131, 382"
0x2e1bfb63fb937b0d8b5d48983c640677c5cd7eac,
0xe56fe1ce11836f387371aa51624cb57fca5aa29e,"143, 469"
0x0a2212ff3928941a02fa0984310fc0636f49e7e5,246
0x134a8cf663a8ca0efbe0d2a24c4915216d5a3a68,"169, 346"
0x843f07e01c6e96317620bc08898626c540559591,
0x0f6e4145e878ae9047d55c5f24c7337d27a9bc89,197
0x96f525780182c75b439765a82bd6cdaccb3479c7,225
0x0128cd2dae8c8de4b6ccc48289e934b3d3057d35,124
0x6b4ab639f8838277f330f62d20371925bdd853ff,"165, 441"
0xe8975142fa65150f38bbdec426cd978f9d679196,"127, 383"
0x40dfde99a4d1e082ee9722c497b0a98261a4bc3b,183
0x14d990f3ad27921c8b37f15b75aee1a90dcc4f60,
0xe580f3cc00de0d1754578bf2fff5517ec52b3766,187
0xb3b1d52c2a7c9b0b0b3cdebeedc8830b1ba4cf62,
0xebd5f0763d46a9e9f9c82404b6ad3ee0788fd662,173
0xc9754c3bcfd3fd6ddc263c1c6515da1cbb3cb65e,
0x69155e7ca2e688ccdc247f6c4ddf374b3ae77bd6,"218, 504"
0x03098d021e9f45e594f1588a30078e95410df80e,"155, 457"
0xfcbe2d2e835f018640eef90ff3ff106cd23487f5,162
0x8c1ffd11b9cd30fa2237a9bc33d3ad17157acb6e,
0xdb4e664e5ad83470eaa81ee85445a59004b15c18,160
0x05a2e50c5e4d724897b67b708db432a38c985f83,206
0x75d228291f2670546549563569d25ab1840fa897,"557, 558"
0xe15318e83651b420e10636c2e89cc5071c8ea47a,
0x05f51de33bd21abd4172634eddc78c8884212033,
0x23583685ff8d24cd53b9809d2686fb03746e069e,74
0x3ca32dd3666ed1b69e86b86b420b058caa8c1aaf,"49, 260"
0xbe50cbfa7c4bcf6aacd36bdb91a2255cbfe71e9e,433
0x8503b211aff39b7c9d0aa8f22e12e74c6f5e3b2f,58
0x6ae3eee2c0a642317924d361b901ef1c2d34ba09,"96, 320"
0x90e5293964feab40c9f087ab65ea857a45fcec07,
0xa10e51497b4b471de5cc80becf8ecb3c22ccd8dd,"129, 388"
0x2e94888a98760e9707ee26cc468ab646d760c8d2,130
0x5f946be10e83134b508bfd56cd6d869a4d9613ff,167
0x35f5130214a8cafd9ebf32eb61a8584533106194,"80, 277"
0x0316b8531d51e5e6d73a82bb20c8a2f62fafcbdb,
0x814aa021ed0f5e1690854490ed56dd4ab010d8d5,
0x864609d64c7c939e88603d310894cefc22dc0d2e,50
0x4e505a7e6ccde1ed7987993e0db74cb6f3339c2c,352
0xe00eb3afea67142d042a937e3c64d7fb338f301a,
0xa858ea02845071dbe09b4b5c3bbea49529beaadb,"390, 391"
0x79232e11e00a7ce673367ab45131add9015575e2,
0xab436564db15c535e47b6b0dbd91118eab6cc015,
0xe097c9d9af8689aa9df75401735e5ac487d6dfa5,
0x79f49449a106d290e697c3492694b80171052a8c,"159, 456"
0xf959579edf47f166f316bc03887540d5d80aa302,
0x5ac69acf24f386fc58a9f0640c27ba44d4bc7cea,
0x3e9bbac4fdd82f1ed910fb806a407a8abb1bc195,"45, 278"
0x2d832b4e4b39208109f4a6ffafeaaf4d6c63b57f,279
0x90ed12c423cee6a0ccecadb1c87482733be3ef26,
0xcd2b55688c038b79d6f041c63017fb992fbdc3ba,
0x5db1788243cab4373de164efe4d51798c2b28d1f,
0xe71f597ea9a14c5a5b0261444c1a88f331955e2f,
0x41e27bb973d04cfd341592c3471682cd298d2a83,177
0x866bf40272ff7fbf90c8eda88d41bed3003fc346,
0x371c2a12970807243232ca71b2976ff398bab9c3,
0x043a1d1640e5754b62ee85306b49b500b8ce8b65,
0x2e653dace0a11afd06b1cfacc21d9fd8f0e26e03,247
0x6d5d1795e98a0748af114cbb3439e382378dbc82,202
0x21bf63c0418d4f1d13f884c50498b2259b321b43,"14, 235, 513"
0xf233c4babba13a25595ec88c9308c9ed432460b9,156
0x573e470d8338b94eb13ecade5c350b98b58767db,
0xf2e209841bfee481b9f19553e05c23260d7f53f2,
0x4a91d629e735a6d9740ec9402ca513a77a62c446,"114, 345"
0xbdab6036f1555b373746a198fceb4b14e4b622f0,
0xf8d36dd1f153530c14b9048479e98792034a1e00,276
0x599d8dcd0756dc7eca852eb673bfd36813fc0af7,
0x8c687d50687b5a46502e407bf6257e9976a7c8ff,
0x365c817c649d19083f3849f61b61238eee670f6a,"128, 444"
0x91199826dbc27ae3033357d91b6fd3b7eb4d2149,
0x0057be07beef5d9b4beb9e2d147906e83d1915c8,
0xa6473cce13f11614745e6bf9cad704646616a9b8,514
0x19775e1817bc7a1e41060f80e0d00eabae2959a7,
0x3c0a5a317bc7e0395b99f29a9493f68ebb0a3fd2,
0x8b5c0d9d23f4ec018fd78e77bdee71f63eeef899,163
0x712134c362a03626276d8094c150ffba69f68c9e,
0xa65a864ca19535e4c06000768c6cfa9f6ebaeb12,"42, 301"
0xe7d7c66709a13d0c542077ffd2c63a8cf8c01b1b,"530, 531"
0xc1269b5614c6f5cc50affa5e62d403622c6cdb3f,"73, 476"
0x4d8d34c07ad84d3ff8ed6a14c01f76fac2d68f99,
0x8e3e62e2229f49ab0a4f5028d05840bb89e20378,
0xa612b322ce6f3d2e3d11275e289827fb8ff8fd51,
0xe5a93348c7f2e11e2a5ed83376c896cf49bbd9fe,
0x4fa39d0da2c97d07d586c9183d680f0a8dc2ba34,"333, 356"
0x5f1bf06ba6aeb4396f04745121f6c420bfa2a588,"220, 503"
0x656b4b9b35f993b92409ca7157a94fca91518672,"98, 471"
0x6ffa72d327cbedb120179abeb6b636019b262550,"182, 483"
0x315b9ae158aa8bd6960d2b2020bca24a531d8c32,"132, 363"
0xcf43af28da70adfa8f2dd62b9237a1fb465d8e8d,248
0x78da6ee7c8b772f99b22f8dc978d190c53033e17,
0xc8ebbd81ff245f1c0032a7b88c55fc65f5f9d8e8,
0x8977b80ff9af27600869f848ddcb7627ecdb163e,48
0xbc4f6274be72c8aa231346779f148942c5f07c7e,186
0x85cf5ec7bed802df6eab9e189d01c8b06340c908,
0xed01eec66dbbbd05fd43f2b340614dc7b62786ce,364
0xe023d9ead98a431a88e913629599884839cdf92f,
0x248b480924b94441fc53a1d79b9b75a24aef4c75,440
0x75107c6330e2f80490701ab988bae74616a82aa8,
0x5d2d2d5c78c5a20364a915ce471d62ccf3e9c8e6,51
0xbecb4ecc92883f463ea4a2464276b165757985f4,"123, 376"
0x920bcba669734d63db9899e968959e99adcfe850,
0x3c35337aa6601ad47cbd290ec7463c910781a909,"450, 451, 555"
0xe3b10dfb51acb5d02dc9618c14c1dba5e255346d,
0xb3caa0f9ebbc625c91e61fde433b03f457a210e8,
0x5cc3e717ec2e941787b2f3bfd14dfccba74bba7a,
0xcda70c4e47785db0205d02bb5d0d03d1bae0ad0f,
0x94a9759a5940958742389184eeaeb5df94582578,
0x98143cc4eca923176d4513243477eebc6315216f,
0xa7ef7cf9eedc79073ebaaf94b0aaab9e7f44a5e6,
0x710765e21a24f7af934e8d9a64cfeee35619cbd6,
0xd99dcea67cb07cf4a1bbeba1097f913f198aea27,
0x70ada11b54e77958d56c836c454d562a531cf5e0,
0x8c9eca0656b280414e30a11b8fef40c2793f41a6,
0xf9e44eddbd03f369192faa595d48b198c3d7586a,
0x50da2b708744d93aa113ad39b4d83040c87c4e7e,
0x4ff4115a79e0589d87e483dd2f0a8763fafc1e80,"452, 453, 556"
0x5bbefaccc1a8e1ecb0d470f941668562eeb46ff0,"88, 460"
0x3787eea0767fe73d272ad543651ada3f4dad8279,
0x33b9982cf4b9d8e33a27bfb65911881d5802c12e,
0xf095731c807a08009099b0a3eba61fa2cf09b10b,"9, 231"
0xadd4b62e9c61589ff318a3b2c5fe415384c76687,
0xdb10d21f28a34fd04e4425eac777483798f7e217,365
0x26f5b1d536d74c34eb96ec2811dae630f216c0b7,
0xfaaf5645b877f3af3d35220b8c4bc2198e68f4bb,"458, 459"
0x49556495f739e1f4fcc95280b7ef0cb7f8d6ee4f,
0x3e2e2d44960e041fca5f4919d524a2ce76b7ab03,"211, 434"
0x4639177616ba5d865aab8cc4865cfee1aa915559,300
0x3f68514f3a11e5d5e354d7a7a12051b46567b7e9,
0x22d6f989841e884637b90d5687f14dc13b2a7f89,282
0x3b68218e27b8846900bf764b8e659faa104eee93,299
0x3ddba0fd2ce99a0700cc5ab708684c8a5f64c11b,
0x2778fdc3dbc3553f1f6f26d8d310f08db49abe4d,
0x902241cdefca77fe669a26063f0311291e0272e3,44
0xc2ac870b027d821bf035a88111440423013313b9,
0xd09a38c68a81333b3ff384c7863ca3b1de56b8d3,408
0x42e93532e5fe56e7baa44fa847558e4a3fb9a6ae,322
0xc05dcb8316b2435baecbca70a98c2e2b51940b69,91
0x7d69416ffe4537fe7f0ac75299607eb3252b3b37,409
0x2c3adf438022b055b069cda225ed522d2391fd84,298
0x7a557fff0f0ac24b11bda40650fd873e114ebcae,281
0xac02c93038edd5006c4ac2ad081749c9165109de,
0x8ede5fa00c49b0176d6048094c227d5ccfa1ec1f,
0x156362ed8dad31f9226350fa747f6eea9fdd0cd8,
0x9b0c2ed02a7655fefcee6512267de2893a7e63f9,313
0xbb34d6526a634470c2af91a87148dc8a4d5f7c15,208
0x1b4f5ac9f9f394cfacf153fc736a84e10edeecc0,
0xece029d59f8011a4924c417242123a01a567987e,196
0xda7eff481afd2dab12e01839646f22c8b44a5ec5,
0x78f5f654dbf5a638967ed922f8ee3c4dd272dec1,
0x8903398585a0a0de07c6db3c165e3de7e22a9e3a,
0xa1b337beb18ff887ee4ec687236fb92b24297c88,283
0x87e696610f11480ed9d01b1e2e26a90eb5832a02,55
0x3fd06d9f6b21055faff13d4c896484a86f25ba02,
0x015e639910e8690fe1b9e6cbe22e4f9a405d33b7,"26, 230"
0x5f78ccfba908aeb48942237e20fbe65164c218f6,
0x135af241f091e619b581367ca7a1c7153555cc9f,
0xfa7959b24f9ad97b5518eb89066ff90d1dfec95f,
0xec0fad661ad4eb6b07a8f175b8aac016c3649cce,304
0x130bb7d75269a9fa5e50cf826f0924cc99ceb48c,
0x6684b38caf646c8f2417fb9376b536548069985b,324
0x33bfc29c38210bc50025cc09a915183b0d1cf296,"244, 354"
0x5c127ccdd428ac57a1fff2ec4bc1cd00dbbc9eed,"35, 252"
0xb077206e0e5277c5df54c2eda2c47c2d4e66c7dd,"37, 254"
0x4c888e4571fc8df7a86096791bc016df08ddf764,"240, 489"
0xc0056db2c2d45a6145e5796c4c321da97e73f1da,
0x3e8c635666d6ac9cf9a856a21e004005c9dedac0,295
0x64d5027534be236b62a40c1054469b35541a2f0f,286
0x88ae313cf927fffdb3cefa67431bcdd25e28caad,"201, 335"
0xee12919de7ae00f0a07e906f1c585cd61bb12de0,
0x51f6749dee3510f983c15b7c239cc6df4e4054ea,"238, 496"
0xd62fab07973324e0e70cb9a2839b4d06c9526b22,353
0x33aa887cd070eeba4ee3b60372cbbf8e2f793c82,"36, 253"
0xee6b71b0b9e8a2e7a30f3f966a41c8b414d5e2cc,77
0xfd169133e87f0276c38ae6231fdc7d4db0fc997f,332
0xe2f39961fb7acbd848e8d3e398a4e7b9cd4afd24,537
0x6d0c7c6c4ed61a3c599e9b8a37aa38aeb78cb259,
0x9ae452e5bd703f0fe1afc79776137b38024d4f2e,"227, 228, 523"
0x829a2eab39abb84c1e0aa621736a14443b5c5075,149
0x13889f184902a81d25a092ccb9318da14481e379,
0xe16609a91291dd45abfcd8555b6cb3800a86a4a8,"233, 547"
0xdec4fefef7ce8f4af068bf6861f99999e01c80d7,
0x78cc4fa7646f886bbfac287797b248ff89ac4bc3,"65, 334"
0x1a9928a20d81d2271a71938ad055d1a3ee9766ae,"59, 439"
0x0df9333f80b6fb3fef5017b45ffd104f47ddee68,"172, 308"
0x4d4e0c8b78a57bc978d922c69530971bf7a29d3c,"63, 255"
0x8e88883e96ed1f9d2912a5ee3d3e44e4744eb3f7,106
0xb090e78709787025196d35584fe5695ac00e76aa,"222, 312"
0xcc3cd86ddcaa0bf51c5e00e0f58e8b2e7ded91bc,
0x02bcc9f10be9d31b910b8e4fab76bf5da58f7a08,
0x73495e34a5577a390753ba344a48d8e731a2dd32,
0xcb07add17956994f09f934893f65bd6a08bbe195,
0x2d041a339a88afc3a93bf00e36e833a8cd170bea,171
0x443afe41aa82c971889a88047199a0edb0abf1ec,"100, 350"
0x9edcadb07c9cead6860741212b6306445dbd3791,"296, 297"
0xc496f69fa5693500bd67c07027e6e8759334ca26,"101, 419"
0xd0b3e544ee7a0f58f63c45110c349daaaee5bd50,"69, 307"
0x11184132456311853ea71a594bb98b39af0de5cd,443
0x88d0b1b3ad75fe4f03fa30f8647653bb89c086d3,"13, 226, 515"
0xdd9bf0a45452a4f22cfd2c963c15b191d97ce106,
0x2123edd3ed0f0c09a7af4cab58b4881b50a1f878,303
0x3dce333d96dbd7fe7c9ac73f177bbcc725c69070,"347, 348"
0x0ccfa1c3441f3febdcee067bd1cbe3af7bbb614b,8
0x612c3d574236d0da8f2a5d64243a9419982e61ad,"136, 480"
0xe12d731750e222ec53b001e00d978901b134cfc9,"154, 420"
0x1267a61729027011a96913770469260016b06681,"151, 498"
0x17f343182b42d6488fc54b6ae73ac5da5ad4e326,261
0x963ab0a44bd0e45126f0751e0fa0e754f97a30fb,"60, 311"
0x9fe9986144655376e8f712e757e135492d6aefe7,236
0x5629d3c70336719c7745d79b9efafcd452dbe714,107
0x15142d8d436fa5b251b2b92782e02ce736080102,170
0x787b25b31bc3756daca7ed27bea723d6f43d0f99,"184, 462"
0xa2ca3e47fae11f7015d0d1eb30c6e3c0ba4f4803,"519, 520"
0xdaf449b40f9805edbc4e19d9d87261e1f5875dd7,"328, 329"
0xd40fdc26c58c8fdf15dc90c9b263e1eb479d6f8b,"79, 417"
0xa8feb8d1a08b8b143b755d6f32a6235968ec5f40,"93, 464"
0x259808830257b17095c6515e004a6d8a8de93e3b,99
0xd320ff652a80c4192aacfbf7580295fddcf86ca1,533
0x74cabc0205ce161c9657ce00052234e0ec9b6824,"108, 369"
0xddf24921762110e710e8987a81f111abadfdcfdc,"176, 310"
0x581b5eb0dde7506d92042568176112b50311ef2d,"67, 484"
0xed9f76ac0ffea01fe352891ae81d4e361dbc4c4f,"56, 257"
0xa7c3ce0b101a9c5154e2deb4647e996f4b939806,
0x58ea5706cc699218c5ceb1047ce12dfbc390f16f,
0x9b441396d223039b012d51240f36ed6a60bc0a1f,
0x71ad380252b8f97ec43972e9785566e2121024c1,
0x4aa1ccd21d279fbd97cd460cedf4b7d9a56b3eb1,
0x6c6547e507c655434920dea5a049af0d9ce9d3c8,"181, 263"
0x5b1d04dbbafd6ff757c4a550fd659fd09631572c,54
0x42646eedf1aaca3ad2a445aa268ff24270f402c4,192
0x39331cff6aefd7ee63da9dd26ccbbf736ec2f5fb,380
0xa1c9d41719c4ffd99463f1cfa579d9b6a96b50c6,"210, 501"
0x041d66da7c4d8f9df1ad4cd16c3f720f3b781243,204
0x316aa2137ae15558986d649d4afa8f0f7b43564d,"166, 485"
0x550176c0abb1a22c257a43307d5138b98aa738f7,"39, 379"
0x3976641d41d423f08cb2a00b25bf225be965568b,"223, 532"
0x2b1828aa2fe6c34a9d527d6da76474c6ea72e816,273
0x6b174b2f42dae970fed64cfa61cd0b993d59ef66,"47, 256"
0xb6fb5ca9068cd5a1116c16a7b0a79d76fa53bb62,
0x5eb3b71797abaa4c23dbfc7862b7279e016a3ae5,57
0xe61121dd5692c97f02504d2c01be88339a7a73c9,"139, 509"
0x75498cbbd34f20a030df2f968b2c909567663e0d,"68, 351"
0x24461ffd4d8b6c58aff4fe7926d1da4f660baca6,323
0xbe35abf3ba9ff7740de1bc1c4aef9a8e4d16cda2,"146, 468"
0x1a06abc65f92447d16160164de29ee385ce59652,207
0xc8ba1693b9bea85739b54c5b059e26a879acf32d,"62, 349"
0x8b86b588eb5c70d281a1ccfa46824b4388fbd4b9,"234, 497"
0x39260b9be6b55b18505c6dd098d7fe0bb8622101,"232, 548"
0xa5e8eb3fe57369bcda21c376b18d07a236d54ffd,"138, 512"
0x57bc03266091cb9bf38f05601f458e35631a30aa,"141, 511"
0x840850b6ad69c09e33445a3176dede511f525c79,
0xf5445c0e1b54ce6f6be135ccbef3fb0d77c6241b,"109, 275"
0x8ae20fabeb608fd307fc1ea15a294340a547d501,"175, 500"
0xb03f6f39e2c2c33eeea26968e399f47d0c1a64aa,"140, 510"
0xd9e58cd540d3ff48162593ecd48838506289f2c5,"342, 343"
0x9cd73ea40d13fa99a107d9afca588a9ef45e3a64,"66, 288"
0x9139c7ca4486a6a8e5c1bcdd18af6e55133bac15,"203, 294"
0xafbc044c2848210712c653bc865234c5cdc1415b,
0x24a30823bd87e785b0c4b3803a2bffd91eb6876f,"110, 358"
0xbb8694519bc68b337663f0bdbe79847b49000b6b,"23, 229, 528"
0x9633bac0ae8d720e2016d8268a9030a6acadd784,"33, 341"
0x4fe728400cee687730b9e45502f2bce63a047fe3,145
0x9b4a72c67215bdaeb6e14f101871824131787d20,287
0x7541f55c87b6f572a3a9ec3a372f19101a2d7448,"219, 495"
0x549b0b12911bb9076fca42a5d3af84cf66523a83,
0x640c6ea4caa4bb215f1e73b56536d178a6534d81,"92, 418"
0x74386995bea60255f3b224b7c331c15548ca969a,
0x2880a6bb2cd1df6e03dc8bbfbed009de586c2603,"193, 472"
0xbc515541690d16f17032c8fedb5c29e8751f65e7,"122, 361"
0xd3975aefa47b1b606d1c42301ff91974ebb8ad78,339
0x83ac9ec525d379cb8dadcef4d73442b54d5004ef,285
0x331703aa562336169c11777865448bf263bc52c5,190
0xf50fa91cd7f63c94b4308e50676d2e9247cbb8a4,"185, 477"
0x0ec8a4327b93becac2d4c5e13e60c0bddf87e59e,362
0xf3299f6c2778a544e2c7fe0f2df795dc3f63ef5e,360
