"src","tar"
"0x04b502b347085a44b0b0dfa1461c07b0e0ca0481","0xd24ec2701838fc5d0ca674bea2e83d03f5003e47"
"0x0e7c2b04ba148ba4d31bc113b14b7c903e0c1d5b","0xd24ec2701838fc5d0ca674bea2e83d03f5003e47"
"0x11956f74ea4ac57897e7d34419f9cad467a868d2","0xf8076d4534d73c2816806771a151b016c31948bc"
"0x166f3fd41b4f3c992393a0db334c2e1cff0e0ed5","0xbed7e14e072701b27876d44d7751f284cde76a66"
"0x1a56639b2948c5afca0e260484d1c021513ccf3f","0x10ed606f36dc5729e0c5fed586eb45a9a6dee9b5"
"0x282e99ffbdcd4c211784092e06b68961d0cb38d2","0xd24ec2701838fc5d0ca674bea2e83d03f5003e47"
"0x2ce5c47a2af682e6bc2d0a92325ed78f71b47ab6","0xd24ec2701838fc5d0ca674bea2e83d03f5003e47"
"0x33109eae032c1e5d5bcf3bf3756e9d31a9ea3bc7","0x2880a6bb2cd1df6e03dc8bbfbed009de586c2603"
"0x35975a537594474e4e2b3b4592efbee61f120990","0x226f3da90e3f43c003c8928e847696963e6c55d9"
"0x3bf5251ae6256a039a2f92df23243e22e7b7762b","0x3b4b550cacc8915c709c3ffa4471d02f17851148"
"0x41cc94eb39857e7e87457e6561f17407fa285f03","0xd24ec2701838fc5d0ca674bea2e83d03f5003e47"
"0x53bf9b8cd5195b2987a366082e49ad1a4b4eab5f","0x40534e513df8277870b81e97b5107b3f39de4f15"
"0x54f5d427152453fbdb90d608722eae24d05766f8","0x1a0c96ef4c775697d9ba9a99124df73536fd3866"
"0x5602472917038e06f9705fa15a509b973794ed85","0xfb86a60a4d204de91421871c6d69cb40d21ae736"
"0x5606f271c701a9862077ba1c833b0b035e0a4912","0x962acb342148e34a522c3b09997932a7bda27754"
"0x58ac2a52acdbfb3f3a7af0c1552056a7894e32cf","0xba15e9b644685cb845af18a738abd40c6bcd78ed"
"0x5d7aeac478865d3d751c9760731ff49fd65b2475","0x0e64cbca254788df4a8d29e3721d077d91d0d92a"
"0x5eb393e7dfea346109a6aeb38dbe626f7a17c198","0x5345462544ed763639519376c298e939228dd1f4"
"0x63329a22b43c5de0db875c2cffeefbf7867c20a3","0x05e09d942505764bca4475abf8efdbc21d1c535b"
"0x657be0c31a7618d3e89a7ce374ff05ee5e245bca","0xee23f4bc1671d048a8e592aabd0b2be497bcb5c2"
"0x68b58d8934ccceaf6732d04065d862002c71826d","0x7cb5ca4c56df7a8134445ad3cb7075633c1b34b6"
"0x6acce660825b40aa753331f31640f722bff5c676","0x601890c0d2c22777fd52a1fc96eefe82374c4534"
"0x6cb9759ddc5da22e09c93d2e0968f952cf2a3de2","0x60a5b234647bbc643e8fd196f7b813de773b321c"
"0x74150d6bfa9534d0dafc7e5ee1c2d375d79d023e","0x8c298797fb92fb91c1d4a83e5b948f431fe229c6"
"0x78e95a9d7b91a53a1adb907d6ed48bf0d1004b2d","0xdaed957ed3d5870b3c28aa31082e5e5ee15a4e0f"
"0x8dc5d16d2833297ca4daeac7fa0dabe79bc42c3f","0x13c8397f2544349aac7214f3988c9c92d03f3175"
"0x951f148097cdc3853813ca498806da3ee9f174ee","0xcea458ef8d2cb23a47443cce3eeb1f20492669c5"
"0x9725d0a214408cb996a3015e27c4328845288601","0x3fb9394e77aed3fe75dffcc6d5022e82175e5eba"
"0xb6c6d52b0d438e6702234478dd91bc56019aef6d","0x7c1958ba95ab3170f6069dadf4de304b0c00000c"
"0xb7385f92c97ecd41c7c7b138b7783fda8edd008a","0x8e4ec074d9d5ce19d34ef67405b6ece8126373fb"
"0xcb4fc6ac28412ba8cc10485f7fefb0aebd75c70b","0x44b17ac19532d4a2e90638ed5cf9aca190c0a257"
"0xd13dc074efdee32b92bd41fa4db02a901e562089","0x40534e513df8277870b81e97b5107b3f39de4f15"
"0xd56e92a0616a79490cdfbb695b654e59e89d7895","0xab07f7c93713d0864e7547c66d706b687b6300af"
"0xdde0378cbedb9ddb1308195c3ecdbdb2dd7f4cf7","0x62dfa6eba6a34e55c454894dd9b3e688f88cb09b"
"0xe678b225bc228680db06fda855e01b4ef9fd613d","0xc5a8e9caee1490696ff670dee3c3fb8b2a55a2d8"
"0xe957cb02b736d38f29a34dd9242f1459d4dc4f06","0x1ed924cef3b93a63d4d9d808513fbdc7bf64a552"
"0xf7c489473c4f96034f3ad7b2ffe61a552d0f5a72","0x2880a6bb2cd1df6e03dc8bbfbed009de586c2603"
"0x37c162ba55bbf4203b06cac65a06dea9b766c098","0x99dcd2574fc9bb20335eae480752867e035e2909",
"0xde1e67a72231f40dc630e2adea8689dba471e9b7","0xce8a3b66c5509e7be0f65485f95b69159da870e4",
"0xd775a6e50ce1d3db9698a0f719806ffa2c6da085","0x44ee5131a0fe22a9c330866410a087cb01d4cda4",
"0x328ba0e262396fc4be323a2a3cf9f1596f0b96bf","0x9683b75853394b4d664256fdba643d651926c857",
"0x19ffaa5111fbdfd2f01210c352afc1aad3223e55","0x44ee5131a0fe22a9c330866410a087cb01d4cda4",
"0xbe9a181696f202456748c46690e3bd0c05fcb0d0","0xde50bde2dd5f74deab750cf0a4d9926d20b33ab1",
"0x886ac639f1a78c2d8f36fc21131a404a18344944","0xe79cb03e1e885f24332e6a57a7e3a0b340bc7b56",