no,address,time,minted
1,0x1644f1d03f537c5fec0d8df3a14b79cfd71bf9b6,2025-01-06 20:13:08,0.000144
2,0x5b15c68d25fdb3ffd3a9b110601eb6aa2a6d028f,2025-01-06 20:16:02,0.001813
3,0xff4427c766d0161c1f1c9bf60a470c00801114d5,2025-01-06 20:16:35,0.000280
4,0x36e4fa6ec7f5145ac88ed48b68a1ec06370ca452,2025-01-06 20:17:53,0.000295
5,0x9302ada68d2ed7b8c0226b3b595acf615a167000,2025-01-06 20:18:38,0.002899
6,0x1820db10c99071e275cdf95db6dd73f73690fe80,2025-01-06 20:21:50,0.000110
7,0xff1f2cb646a71bf807884d06e73c75d8148c4104,2025-01-06 20:22:08,0.000108
8,0x517148479903b717082f7b1a3f68cdbd8db02599,2025-01-06 20:24:56,0.002983
9,0x88a962461ebcf47722f01dd05b31fc4f5953c985,2025-01-06 20:28:20,0.000100
10,0xe8b4757f315d9987907734c2361b54e1f448c487,2025-01-06 20:32:50,0.000100
11,0x3706e5c9499d90bf7ce87f045e0afd490f7111aa,2025-01-06 20:33:05,0.002167
12,0x535d67b92348b5f5f0ed82065a9ab1b01732a99d,2025-01-06 20:33:11,0.002596
13,0x8d834919956af4f696f729bdcaba61c9f16529f5,2025-01-06 20:33:26,0.000200
14,0x9767c319c04fccd885766538484fd4aadb0a4905,2025-01-06 20:37:32,0.000200
15,0xb7d0f4803c6ae5e554007dbb35da63587f3b4493,2025-01-06 20:37:53,0.001830
16,0xf9a0d152e7a936b9f6507e8685703c395a092848,2025-01-06 20:40:41,0.000200
17,0x896e0a8b9b9c0370aa928c7b547a1cf4c6a4e99e,2025-01-06 20:42:44,0.001810
18,0x9eeaab14e43250cfc04a1901b734779cbccb5d5e,2025-01-06 20:42:47,0.000200
19,0xed2c9aff19a6b5d43383624472e85bad29a036ac,2025-01-06 20:44:44,0.000200
20,0x2e5238ba9577cf294bb227350257eee58ffaa735,2025-01-06 20:46:53,0.000200
21,0x99b503135a8b8dc2e81ecc27b88b472a77658212,2025-01-06 20:50:26,0.002316
22,0x5bc78c7659cf55f3092be013c69f059d20781111,2025-01-06 20:51:29,0.002795
23,0xf0247f6d215a58465e246a578bbb3cc7f6ed2222,2025-01-06 20:51:35,0.002135
24,0x01c395b2e38556895811926e229bfd23dccfab56,2025-01-06 20:56:44,0.001693
25,0x6ae5d39f8b6679a7791da297f468facdc9b6374a,2025-01-06 20:58:47,0.001653
26,0x3d23a81a27a747e038444d1051249000bb567d80,2025-01-06 21:00:32,0.003466
27,0x4f2796eaa5cbf6553986229d816f85f72d9d2b02,2025-01-06 21:02:29,0.001623
28,0xe06c4b1365f0fea82f5df9972b892202c89ac0dc,2025-01-06 21:05:11,0.001733
29,0x6873beb660a6cf51aba0e4ca3e87893c109c14d1,2025-01-06 21:16:05,0.000110
30,0x84b8bd06f8d84f0d640357f1ce977a9abf516699,2025-01-06 21:18:32,0.000100
31,0x57e501e2c1f4c8e7e26eca046e6f32c7a88ea601,2025-01-06 21:20:11,0.002259
32,0x8520feed7cdc4905b7b5c3986b19642a456ce983,2025-01-06 22:05:20,0.001822
33,0xb4504778dbb8ea95e01fd72a0b3d028e941c378f,2025-01-06 22:06:35,0.004117
34,0xc9bf2a3ae4bd0d736256c962e76b1bf5e66f3333,2025-01-06 22:08:38,0.002450
35,0xc1ebf847e8f5ff2406e7d6f111c9e81c3dca4444,2025-01-06 22:11:32,0.001723
36,0x22a28209fa5630a97b9abf5c892fb6c166705555,2025-01-06 22:12:08,0.001810
37,0x0cd95b5a0f8e8d4c2cf5c5e252af3e57f5e76666,2025-01-06 22:15:14,0.002372
38,0xe61daa01934becb1e2e96ceece92fa8f200eefa9,2025-01-06 22:16:11,0.001510
39,0x9d90c4f1d2ddf54d9bd0cbda8242703cb8107777,2025-01-06 22:18:11,0.001600
40,0xda1c37086e802c541971083d000c4c31109a8888,2025-01-06 22:18:20,0.001700
41,0x757b69134c233b2b52d1c89cd396091501863354,2025-01-06 22:18:59,0.020009
42,0xd165932ff6386f503d96d683e0c34157a60fafa5,2025-01-06 22:20:02,0.002493
43,0x7f7bac92aa3e28351f9e89535ca334e8a44542d0,2025-01-06 22:20:23,0.001685
44,0x738117f7a7dbf8275a9b84bbdbc7515820475057,2025-01-06 22:22:02,0.003950
45,0x5acccad1932174a7df449905316679f4d6dc6748,2025-01-06 22:25:20,0.002241
46,0x9300583051ce99b0e7dc9bafe76b3c508750e944,2025-01-06 22:28:44,0.001600
47,0xabf7d6e5345af1f8590226bf1d43f96ca188d5c3,2025-01-06 22:28:47,0.000100
48,0x815ab68e13ac90bbbe4297b61fc20bccd40dfd4c,2025-01-06 22:31:05,0.001796
49,0xa7f4abed3da4cc48bc3f01ba59af0f084de4270a,2025-01-06 22:32:08,0.001605
50,0x5ef8ac5b01fbc68a5ba4c3a007a1ea43552698f4,2025-01-06 22:35:32,0.001597
51,0xb28f316428fff7c128ea23f65649b91b65f0db4b,2025-01-06 22:37:02,0.002016
52,0x7488a08e91427c0915ce468dd617416da5dbb30c,2025-01-06 22:38:17,0.002111
53,0xf05454c3d16090b652cf5389c9ee520cec477e5e,2025-01-06 22:39:02,0.001586
54,0x82045ab95d27df31e15e163eac322df64e6a1c00,2025-01-06 22:42:41,0.001669
55,0x1c595c39d47a1833ba65f7b7486beb18efdbca34,2025-01-06 22:46:14,0.001900
56,0xaa50aa25aea0100411bda847a13f5a5ebf494024,2025-01-06 22:46:41,0.049993
57,0xeb4c341489129843b325e8e77e05206fcb9df862,2025-01-06 22:48:02,0.009616
58,0xf7869904029d56c8bd8da11579ec7756abfc0928,2025-01-06 22:49:08,0.001999
59,0x34fc607dc50061d9669e732cd3a3649c4b58fb7d,2025-01-06 22:49:08,0.001501
60,0xe310929a4fb8997decf0d52c1cbae9844460e510,2025-01-06 22:49:32,0.001683
61,0x74ed0600e4b5c8d97eb32fc44c5a57a2aee49e69,2025-01-06 22:55:44,0.001503
62,0x94ca3dd9095b122c48300c712ffaa487c00ad5fc,2025-01-06 22:57:11,0.039993
63,0xe859fc404e8e1d90b779506d403ed580f51305af,2025-01-06 22:58:17,0.001600
64,0xa0f3ee6197df690a565bb539115815d861e89999,2025-01-06 22:58:17,0.002113
65,0x5a6bc728fdda864366345d444a6428a4438ea201,2025-01-06 22:58:53,0.002199
66,0x12651e2b4120d2e72d215f53355b197f9d650000,2025-01-06 22:58:56,0.001505
67,0x50be754d725a79c878ee2b7e4b8fdda89c1c46c1,2025-01-06 22:59:32,0.002374
68,0xa0e8ccd5df7b677a6613f0788cb264da2810c2c2,2025-01-06 22:59:44,0.022086
69,0x810c4d7a92139c0a7f9d88e8e87df073c937c9e6,2025-01-06 22:59:53,0.001505
70,0x4978e746bf3b8fa2cf1d6adad007436e788bcd2f,2025-01-06 23:01:05,0.001600
71,0x39738814987a5abd803cf0da40ca3f3299df1189,2025-01-06 23:02:26,0.001800
72,0xde9c7e01a1e16fc8736d6d073df455ab50053e5b,2025-01-06 23:04:38,0.001693
73,0xb336bf27c82584023cc1f608bd33e29011357b77,2025-01-06 23:05:41,0.001794
74,0xb9b53b225c5225223dd58dcef0d7a39230c426ec,2025-01-06 23:07:02,0.001693
75,0x03f9eb4e325f371bd1db526e230484eba781b706,2025-01-06 23:09:32,0.001647
76,0xa6f33eb311b621050053fd3095aaaf8df087258b,2025-01-06 23:11:11,0.001636
77,0xa5e2087d9444fbfe4551da6999c7950c25ad2a09,2025-01-06 23:12:17,0.001793
78,0x2df20a817a833082b7cf92fc3f20c75abfb5130e,2025-01-06 23:12:53,0.001647
79,0x5c2fc0bfce4c61f868551be444fc4f9a46eefca3,2025-01-06 23:13:08,0.001623
80,0x0896156f12ee0ee15702806816b7fffbf6122a7b,2025-01-06 23:13:50,0.001577
81,0x786f9c2794032fc413cc9dd20f7f041adff12e0c,2025-01-06 23:14:08,0.002497
82,0x4002567aa7423c76c28785c4d91d39b54fbb4a43,2025-01-06 23:15:24,0.001993
83,0xc2961bb66b9ecb4f86bc7f679e8a92c071743aec,2025-01-06 23:15:45,0.049993
84,0xbd004f6273f54c727209e42b87bd101e598fb1a2,2025-01-06 23:17:48,0.001993
85,0x024287d44fa11db45dfb443ecf37a7794644d258,2025-01-06 23:19:19,0.001993
86,0x7cdd180a6880baee708b8daae07f6a7aa602bdf9,2025-01-06 23:19:43,0.001593
87,0xffb8fb45b5ffb44c74c6dfdab9f4f0363cb3c677,2025-01-06 23:20:04,0.002043
88,0xa724b5287f0be6386937732557cbda39af9c7f7e,2025-01-06 23:20:16,0.001944
89,0x2c193e7e1981edbd7535988e4c09cbdb4ce0f2a0,2025-01-06 23:22:11,0.001600
90,0xadc01ffa10d969123b0496cd93f4d4c5014899f3,2025-01-06 23:23:05,0.002455
91,0xde0b13bfab70d4af98cd4946a3bbb791d7d95fd4,2025-01-06 23:23:29,0.002551
92,0xcec6fdbcedfbbe37691b38328831e6e4bce38553,2025-01-06 23:24:41,0.001793
93,0x172f91dc705782d0f15935b643f82a56630c065f,2025-01-06 23:25:53,0.001993
94,0x912546a268e1ebff3280f3f4e33dbd2a51c1f9c6,2025-01-06 23:26:11,0.001993
95,0xbc40ca5ad6ad454e627ff8d4dd4bbdd55f9cdf71,2025-01-06 23:26:20,0.001793
96,0xbab24c78889362d805d04befe2e68b7c658937f3,2025-01-06 23:26:23,0.001793
97,0x874532fb8bc0885145add8a7da24e168bd39a4c1,2025-01-06 23:28:02,0.001794
98,0xd47c490b6354455aef1e24f99a20b59e7d59f7d3,2025-01-06 23:28:35,0.001561
99,0x5268d150cf6cdd11b737bd61855241bc5f5c2a2d,2025-01-06 23:30:41,0.001537
100,0xed885732334c77321436baeeb6e46e70a43b5fe9,2025-01-06 23:32:17,0.001592
101,0x4e221cbf2e6bdc6b8dc6cc0389c8e7b125a7f8f1,2025-01-06 23:34:20,0.017923
102,0x099db6b09846307d0a96f3c5ac0a85b700c97c98,2025-01-06 23:35:47,0.001504
103,0x9d50a469f5c72a89d853a0b4f1708da24ce9c169,2025-01-06 23:37:20,0.001993
104,0x924d8ad661f835c8efc40af95fca19d6886482a9,2025-01-06 23:38:14,0.020000
105,0xf064fc2a3e1f5001ee34ee394600952b0760c88a,2025-01-06 23:41:17,0.004993
106,0xc5de1beff4c2b8f959c4b1859bc490c4216d3d29,2025-01-06 23:41:56,0.001505
107,0xcebcfdac0291fe33374783fa4c422ef85599a446,2025-01-06 23:42:47,0.001593
108,0x4d60b90baf13eecb6aa28e5703b4fbfc7f8f8eff,2025-01-06 23:42:50,0.001972
109,0x4d5fa537bba2d9f7f15bc1e2fe92009af47c6cf6,2025-01-06 23:43:05,0.001543
110,0x8c3e93b46ee6d65d50af640a711bc044ebbba930,2025-01-06 23:45:41,0.001893
111,0x5ffa67162b1dad79a3e82d81ccb349b6618399f8,2025-01-06 23:46:14,0.002080
112,0x71cda5e3e4ef2a6bec5036fc8fb596f4514e3687,2025-01-06 23:46:14,0.002113
113,0xd7c6aa69cf67d3c95184dbea0ad1c50be8f9343e,2025-01-06 23:47:53,0.002093
114,0x94ec3d6f559f64a86d633f556d341f611df82299,2025-01-06 23:49:14,0.001798
115,0x28340265b2ce1e6ea5b8ef30b3ca93a765864036,2025-01-06 23:49:50,0.001663
116,0xe895c902f784c2900293cd333a2fcf81d9028c73,2025-01-06 23:52:32,0.003352
117,0x71e004cd8224296585e937085fd8c6a7dedf1e88,2025-01-06 23:55:29,0.001533
118,0x058c7e2e6a061fb96d1958706fb1aa358755bfce,2025-01-06 23:55:35,0.001543
119,0xe730ed5f8be74562595022a1d6b947c257cad082,2025-01-07 00:06:05,0.001753
120,0xa84a15413501ad402922b33d5f5229805dbc1a73,2025-01-07 00:09:14,0.001525
121,0x380f155c08c6389bf92e9f025c24f47e2be9adf7,2025-01-07 00:09:53,0.001533
122,0xce436925fc6c89e4de22c35ac6e2dfa2c763d192,2025-01-07 00:12:29,0.001650
123,0x34f4b68903c78f7a86dd1a3f605a638909e6d8c2,2025-01-07 00:14:05,0.001565
124,0xf2151c5eb4506c78e8325706a15ac1f92515bb73,2025-01-07 00:14:38,0.001593
125,0xdc1b3cdc3fb187432f14e82297d841325041bbe9,2025-01-07 00:32:38,0.000149
126,0x91b5dc8c6885281fdd924050f4233c394e5e94a6,2025-01-07 00:35:05,0.002849
127,0x4351b28c70fd7ca621e0fa9a977ec58ee89d2e81,2025-01-07 00:39:41,0.001618
128,0x81a7ea6ea4cd456de3d1f55fe4e7a8e0297b373c,2025-01-07 00:41:47,0.002000
129,0x0b9cc491432592805c7f5fbbb6b8c8602976ce34,2025-01-07 00:43:26,0.001549
130,0xc19d465aa995d6d9172031ab4ce6e952ffde3425,2025-01-07 00:51:23,0.002093
131,0xe02c1dd24aa311831e81fe3dc2df1789c0f3baf7,2025-01-07 00:51:29,0.002248
132,0xf5cf7cb4d335596058bd861cf81ea5dbfe433a32,2025-01-07 00:53:38,0.001514
133,0xf0163b0ff2dd5953caa215f0064526bfce4e3571,2025-01-07 00:54:14,0.001516
134,0xbf8e2d316ec124178077b7e45487d0ce93e44dab,2025-01-07 00:54:38,0.001517
135,0xd565f505cd9ffee34fbb27e4107e1a1e5c4f1e79,2025-01-07 00:57:32,0.003246
136,0x95a259fb2a641ddf9d24b871cd0387d5c5ed351d,2025-01-07 00:58:02,0.001600
137,0x58bdbdef1e7a9c54170180293233312a90ae957c,2025-01-07 00:58:32,0.001504
138,0x139f0c4e18b26655fa513160fc177f9a3bc5fe0f,2025-01-07 01:00:29,0.001523
139,0xcf0fb4d249b8c2f17dd805ac2b6f28ffc3d0049c,2025-01-07 01:04:38,0.001647
140,0x419e8a3587f605e6c48415926a40efc6fd60f8b9,2025-01-07 01:06:41,0.001504
141,0x2345206acb3d02e13aa22dee0151084e9bcd3237,2025-01-07 01:11:29,0.001518
142,0x53ca225078d3b99200c44d5d6ca30fab61d4c4a5,2025-01-07 01:12:08,0.001593
143,0x507c67234aa2d3aee59f904799de25b5764eb05c,2025-01-07 01:14:20,0.017018
144,0x6dc72af4fcdc48e121ec0add87026fa2f3a58ab2,2025-01-07 01:14:44,0.029854
145,0x96d09bd46bdcc6e6b4e8f95020c2d0bf3bb34174,2025-01-07 01:15:17,0.003041
146,0x149a3ca33cebf2c1d8bfb4792008e1aa87eed222,2025-01-07 01:29:05,0.001629
147,0xf301bec395546c22b426ca2909e1bc7d9bc6382f,2025-01-07 01:44:14,0.001600
148,0xec78494caf54d5498b1597c171e482f8dc49bb30,2025-01-07 01:48:20,0.512769
149,0xe905d16607c781246101522edb832f4057ba3ad4,2025-01-07 01:51:17,0.001543
150,0x12ef58947285f01ce8d8ecd90b3ea384b022cd1c,2025-01-07 02:06:29,0.001600
151,0xeb9e8da16477a1163674d5ce55417ccf74b5bc7d,2025-01-07 02:24:32,0.001757
152,0x69224783554b89fdb45ddb73f66250469e9a2890,2025-01-07 02:29:44,0.001550
153,0x874db119f0b6adf51f9a4e0343d76a6ff42b0df0,2025-01-07 02:43:56,0.001519
154,0xc394b5cb2aa7531b1f32b5885babb542ecdfc2d6,2025-01-07 03:04:29,0.001602
155,0xb41599b98d514bb783f4072e6c82648b7459a843,2025-01-07 03:13:02,0.005993
156,0xb217fe7e808db34d260f95545be9424a6c2543b4,2025-01-07 03:20:29,0.002000
157,0x69ce899a353374a60d97c82a5a3ec970012d44b8,2025-01-07 04:38:05,0.001500
158,0x473599faffa046ed83ec7f12d9154f10bbc16ac7,2025-01-07 04:47:50,0.092018
159,0x2561a222dd48539a18b9e4dd31fb11e897fa1d86,2025-01-07 04:48:02,0.001785
160,0x70b52934105f6b4a5e5fd4b7eb17164f023f3865,2025-01-07 05:02:20,0.007236
161,0x4647801b0291b991632677d76e00a031e8d1711d,2025-01-07 06:04:05,0.001550
162,0x7e223664dc9e8456dc620f4f68d95c321b93eb5c,2025-01-07 06:16:59,0.099993
163,0xbad2d7ba80cd7375120a5c108ca561324890434d,2025-01-07 06:50:11,1.009993
164,0xc486b1404c6b07b09e6c2d431ededf10dabb2179,2025-01-07 07:03:41,0.003623
165,0xf8bcd6356402619739451482b765826bf15ca237,2025-01-07 07:11:29,1.009993
166,0x184762ce2a96a340cc1f9a62798fd3a5145a7135,2025-01-07 07:12:53,0.000100
167,0x1c103159071bdc38a9419c716fe5666aac84e565,2025-01-07 07:19:59,0.001686
168,0xee9eada653ae4ced937247d2067655498e83bda1,2025-01-07 07:22:20,0.001713
169,0xe9519a537978e12285b2fae04f061109a616c36a,2025-01-07 07:25:05,0.001593
170,0x69c0964858c56f323533b84a07a7f1a954703197,2025-01-07 07:26:20,0.001762
171,0x216adc6f48839c94ac018c2744949b2a3c0f7ad1,2025-01-07 07:43:05,0.001567
172,0xb5683f904bc3bd80c919bcd52cd2f92b7e131f6f,2025-01-07 07:52:11,0.017289
173,0x0a571de743b2a61757a5ebf74efd37752fcf9bf3,2025-01-07 08:01:14,0.001613
174,0xcf04907f8eb0195cac342c272aa0d5499a664adc,2025-01-07 08:10:35,0.001944
175,0x0d6f434cfd4539710f041454e8617ab5a30e43d6,2025-01-07 08:13:38,0.001564
176,0x9712540449da52b945abc1c6608d134276eebc98,2025-01-07 08:36:44,0.001603
177,0xaa04121d2b943bbb3704789f0cfe2c2699e2bf7b,2025-01-07 08:37:53,0.003020
178,0xe5b2f0d0bcbe246f81ac22fd0b6cc6188fc89e9b,2025-01-07 08:40:23,0.014793
179,0x8cbc97b3644209c936a1525fa9344ffe79c78739,2025-01-07 08:46:26,0.001500
180,0x7cf3d0d6967be21097c1d395f7ce77532112c251,2025-01-07 08:48:23,0.015993
181,0x09fa85d29ad0b2bff76dab327d8e52c03a4ea2de,2025-01-07 08:55:26,0.001500
182,0x779759a7b6e50ad4216e89b7add70a848b6da070,2025-01-07 09:03:44,0.001693
183,0x2d5d6c84ed39b93c310f6bb807af713c5d028c59,2025-01-07 09:09:35,0.001503
184,0xb54a0e10a964f929f68ab91d0c29f0a0ca81b0fa,2025-01-07 09:10:23,0.001713
185,0xbe860b9859d2434a8aa0f76ddde19484f74005e0,2025-01-07 09:15:47,0.001946
186,0xde9e7c4cceb4711b6256f1d44a4a20e66deccefa,2025-01-07 09:16:17,0.012765
187,0x907672afea9dffa0f6990511ad6b867eb320900b,2025-01-07 09:18:20,0.000113
188,0xcb21124c81b68467938c76818ca6b90d7ab9c0a7,2025-01-07 09:18:29,0.001593
189,0xe4870caeeec09937c9501e0751f93fc09653362d,2025-01-07 09:22:17,0.001953
190,0x4bb3de3fd0271639060964871368bddde09a738b,2025-01-07 09:22:26,0.001690
191,0x7a0501fc650a2fc29353c7a093f952f75abe0df6,2025-01-07 09:22:35,0.001501
192,0x64b87b3dbbeac6e311614e1f583e4037f60bb525,2025-01-07 09:24:50,0.000382
193,0xc8a955b7dd9cf6403946c06034f39fdf706de9b4,2025-01-07 09:25:44,0.001740
194,0x295374883d787b472dc3c757d58651e67a6d16e1,2025-01-07 09:26:26,0.021204
195,0xb9fbeeb3b2a1cd8e403c4a6856566ac9ce8f9575,2025-01-07 09:28:47,0.001571
196,0x547cfe95a54758802f8e285e29160e01283e7b09,2025-01-07 09:34:35,0.005008
197,0xbdcbd4f5aca0b380384d6e00e7770773818e1453,2025-01-07 09:37:02,0.001697
198,0x2110c072733ff28afd1751b42dc3964f8fd46f3f,2025-01-07 09:39:50,0.001503
199,0xe04bdd74f885fb81ea0a34c91c43c744783f8226,2025-01-07 09:41:38,0.001601
200,0xf3c947f07d3978e8e46729425e6c6f51c040dfa5,2025-01-07 09:46:20,0.001843
201,0x5205b122e6d8ff32696e2b776d1c7b1d06fc9511,2025-01-07 09:50:44,0.001642
202,0xe36e2d91d2184cd5b8975816ed55c156d328b3ef,2025-01-07 09:52:32,0.001552
203,0xff707ba17aa469facb8c93a686d5f3ec7852f3da,2025-01-07 10:02:23,0.001690
204,0xaa6c07c307fd47493b21ef396e3835137eeade3b,2025-01-07 10:10:08,0.001802
205,0xca3f069cc7f1a4812fd192f3bb46b4485f4163af,2025-01-07 10:11:20,0.001639
206,0xb22ca47ead2706e96c65e741c7e6b9f22236183a,2025-01-07 10:14:41,0.001687
207,0x55b492745f029743f6c4bcae15e704b0c1038bf9,2025-01-07 10:15:47,0.001644
208,0x714b6da5f363d8f7f297be79171916567f2206d3,2025-01-07 10:18:50,0.040221
209,0x741d6bcdf9d6a071f0a3df08eaaf40009b6c6a59,2025-01-07 10:21:56,0.056077
210,0xbd45d92e9fe7737394df2b530a559296a92fc2f6,2025-01-07 10:23:32,0.001701
211,0xedaf1a703febf0514877eab1dfb0b2a50c87da52,2025-01-07 10:25:05,0.001514
212,0xbfeb13dddd71b1e79b03bee35500abbd35ef9fbb,2025-01-07 10:25:17,0.001514
213,0x496eb3da608005e5a1a5086bcecea8e355a46b57,2025-01-07 10:26:38,0.001651
214,0xb8aeba91e21edf44a5bfdbd7defa7b9b66cc0e10,2025-01-07 10:29:02,0.245986
215,0xfafaa07c1fc45fcf39dbe36f44e39c002a624494,2025-01-07 10:33:53,0.001593
216,0xb667eb587208e78378c8dee06a0af2a23c1e5870,2025-01-07 10:34:32,0.001538
217,0x2b564fcf4159299793701cc75531c16aeced8c20,2025-01-07 10:34:50,0.001550
218,0xe78054c730ce518a5642e46ba86a4ff9f56e0604,2025-01-07 10:35:29,0.001590
219,0x93b61e434ed60e55b36b65e8c9ed59869f942dd1,2025-01-07 10:36:23,0.001538
220,0x170080253ba9674d721180cdbc01c2e70f8b1744,2025-01-07 10:40:59,0.001648
221,0xd888cda7fd4d06fd89cac987f2733839151729d7,2025-01-07 10:45:32,0.001510
222,0x38f7d90577b5ede1ee8bae1eccae95d3fcde247f,2025-01-07 10:45:44,0.001520
223,0xcfe6ab9f66c0abba8081ff0789272ee4688a5d0c,2025-01-07 10:47:56,0.001510
224,0xd307e0fb594f37587a77875b6a5cdf8a0194b918,2025-01-07 10:48:56,0.001547
225,0x4c5019f3af0e09b5ce6064705436dc1ba8a132df,2025-01-07 10:49:20,0.001583
226,0x7a986c4572dbb0072ec12280e07fa4197749221d,2025-01-07 10:50:50,0.002000
227,0x7302db6ec64ea7e2697039eeb9abb20031001959,2025-01-07 10:56:44,0.001745
228,0x8b4cb9f63ce2bc89bc7c28ff9e76ec438a47b3fb,2025-01-07 10:58:11,0.001520
229,0x875468efe5cce75533f42d31869013a2866562ba,2025-01-07 11:00:26,0.001509
230,0xae370cc33e2d298bfe205c871b642c5b0304c0ea,2025-01-07 11:06:56,0.001593
231,0x887e009949851cc811c5a110a894823d15011b7a,2025-01-07 11:07:50,0.001608
232,0x0b0c212c1ebdc7ad6618e5a344b57e6fd697a27d,2025-01-07 11:09:29,0.008000
233,0x7a2c08db34c5ead621fa3cd7137166d6b648c116,2025-01-07 11:09:41,0.000110
234,0xef30d17ce241380d1928956bf235e10b7e60befc,2025-01-07 11:13:02,0.001510
235,0xff7189006f9cc95057eae6354eae5c6632699488,2025-01-07 11:13:41,0.001566
236,0x60df6fd670d30e5e214c101e4e5141856584461c,2025-01-07 11:17:35,0.001510
237,0x334477f841874e8d70e74211a706e583d017f7ff,2025-01-07 11:18:29,0.008345
238,0xdff349ea3d391c5bc1044649656b1be2c7d521e7,2025-01-07 11:21:32,0.001523
239,0xcb64321e95c5801999de035de9d9eda221213e48,2025-01-07 11:22:08,0.001690
240,0x5d2686b22ad570f551ed6707a88351d24ce4f401,2025-01-07 11:24:02,0.001842
241,0x71b535ddbc1339c10d2c55772ba7523993d3eb4b,2025-01-07 11:29:14,0.001555
242,0x872a9febc3b15bd73bfa772472f2ebf0301d2091,2025-01-07 11:29:41,0.001639
243,0x53b7125908b73d061c7758458c0e117c4dfa7ceb,2025-01-07 11:30:08,0.001511
244,0x11b9e9e5353eb4b99aa41096ec4995b85afbe2d2,2025-01-07 11:33:23,0.001533
245,0x6c36bd7fc3e0c5dd8501fb1ebd9028f4388eaa8f,2025-01-07 11:37:47,0.001673
246,0x032dcd8058c47ab230bdfeef7b85c577fb7ce420,2025-01-07 11:39:05,0.001512
247,0xba02ccc6be0e5fc95004206798150593b1c273a8,2025-01-07 11:43:35,0.001520
248,0x41938637b581e446d6291d130e7b0306e4f79de1,2025-01-07 11:44:05,0.006993
249,0x232209da17e2004bc2c71956cff3694076630831,2025-01-07 11:45:29,0.001592
250,0x7ea9b8ba0d889ba42458f657ed27244ad593dfe7,2025-01-07 11:45:50,0.001992
251,0x505679a4cb09835a8a03ac552f3c0b1ebf7b4f79,2025-01-07 11:46:08,0.001511
252,0x341fc0258e7356ba896d5765bfe37437fa2dd8f5,2025-01-07 11:46:14,0.008817
253,0x8110ab50cc3a2e6342b0703f88fbed044faedb7e,2025-01-07 11:47:35,0.001553
254,0xdd6834b3c8e75c7e271bd82f28bacd161e28974b,2025-01-07 11:48:17,0.001511
255,0x2fe842ce48ed2da66acccf2f8a05571ac3ba95bb,2025-01-07 11:48:56,0.001511
256,0x924814e92a6fb620c9d336be3adc5947b4a210c0,2025-01-07 11:49:20,0.001523
257,0x883db679c9f0a219680dc87332829b44cd858804,2025-01-07 11:50:14,0.001523
258,0x139cdc30741896da16f42c30e7cea1e606047547,2025-01-07 11:50:53,0.001511
259,0x823a6e001d5e4581e52d8ca7988a11ed9adfadbf,2025-01-07 11:51:05,0.001530
260,0xf4791dd37ef013bbb1230a02cab6f375623ace3e,2025-01-07 11:51:41,0.001664
261,0x09b9f08d40f3ab58dac75dea9ca571a975fe3d27,2025-01-07 11:52:44,0.001597
262,0x53765658b18683a821e3ee519d53cf04193ac7b9,2025-01-07 11:52:50,0.016000
263,0x9750d786303757c6cd64ce112feee4cc8751c5f6,2025-01-07 11:53:41,0.002265
264,0xa04a6f8811fb3db4e9a117c8aceba27a8992ce94,2025-01-07 11:58:11,0.001618
265,0xedcc1cc9295738d29252da25fc728b2a944974ea,2025-01-07 11:59:23,0.001705
266,0xd0be9fa26d801fde439ce47c62a1b0740ed7df53,2025-01-07 12:02:14,0.001984
267,0x2e556d04191f98d53a30ccaf4d1a6e69ddacf22c,2025-01-07 12:03:02,0.001509
268,0x2b21383f823b9a358a732bacec8133603ff1832d,2025-01-07 12:03:14,0.001600
269,0x58a4770b3aabcff874188c6281b334472b4c40c1,2025-01-07 12:08:47,0.001533
270,0x47ed0e9b85a169082b40d04b39f5d0c41e2df1e1,2025-01-07 12:09:47,0.001509
271,0x5f8d98f61e20b1e10181cf7b337867f430a1ac0c,2025-01-07 12:09:53,0.001533
272,0xbe0abd7d9177ec555245756d9653f35837e5e792,2025-01-07 12:10:38,0.001523
273,0x3518b4ed729d1862a68c6d2e48f69a4c59c643cd,2025-01-07 12:11:38,0.001665
274,0x03e59b2e231c931fd1aae01dd82f5ede47eafb17,2025-01-07 12:13:35,0.001500
275,0x053c4c961a5ce18bcc3cd8e5184ca8eba50f3c0f,2025-01-07 12:14:32,0.001520
276,0x12334ae55cc61584ccba8c9a324ba502472410ee,2025-01-07 12:16:05,0.001513
277,0x2b6dd90770461b8c91a45b2c58004d5b8f290ab8,2025-01-07 12:16:47,0.001533
278,0xec24e43712843f2bf97aa9722ef7bfa7e5dd4e61,2025-01-07 12:18:02,0.001647
279,0x69ad5106c0c22e6290d9ca0086ac0f5ca06bd4a1,2025-01-07 12:24:20,0.001530
280,0x42a16f0de33f179da9d31b8a1affa52d48b06de9,2025-01-07 12:24:56,0.001553
281,0x53c56569a9d82fe67cfbb692849c0169618b77f4,2025-01-07 12:25:23,0.001523
282,0x07293f9d90d262d572df3375f47ef70dad561971,2025-01-07 12:26:26,0.001503
283,0x17fcf4091fff59e4c14b952af2b8fae76aeb7971,2025-01-07 12:29:23,0.001589
284,0xbed050c15224a53a12815fa79f2b1ef431887eb2,2025-01-07 12:32:47,0.002501
285,0xa2b430fffa485250ddd20a81b609f507728b4ccf,2025-01-07 12:32:53,0.002401
286,0x59f6d63e46eb30b986a063e9beb11991eb5caac4,2025-01-07 12:32:59,0.002493
287,0x09c7bd0490035a68ff00b2d3122c83ed70624b32,2025-01-07 12:33:14,0.001906
288,0x5161c6cdea429719be8a5ceca7a960b55a3f3a86,2025-01-07 12:34:23,0.002513
289,0x4224671d94d45980b8be65ea309ddbe370f627b2,2025-01-07 12:34:47,0.001533
290,0xad5f4a3b1b21aa05318586fb5df86a1da08a896b,2025-01-07 12:36:17,0.001513
291,0x8a9b4e3ae4148cd090b38a43ca41f1b0c040aba7,2025-01-07 12:36:38,0.005510
292,0x9e59193cb5d33554f681462fbe15879a95b03ff8,2025-01-07 12:36:47,0.006210
293,0x259374d121bfd31c84c080a01a6afdbdd4393e89,2025-01-07 12:38:23,0.001968
294,0xa20fb2c7a642b3ac28dd0cd09e57f9e1df05771b,2025-01-07 12:39:14,0.001516
295,0x0422d5edbc2becb3e9fce11a5bd31d0a9b0ed516,2025-01-07 12:41:02,0.001601
296,0x273daf87764823c982f3b0e7e63812f705452596,2025-01-07 12:41:11,0.001510
297,0xc505e709f90626b523c21253ed4eaebe12bfda6c,2025-01-07 12:41:17,0.001524
298,0x0db23e2b71d70085c911d3382909a3571304b6da,2025-01-07 12:41:20,0.001514
299,0x7bcd62da2aa52b1c45d5692fdadee8e365e62668,2025-01-07 12:41:26,0.001514
300,0x8fcccf95f2fe58499875b79770e08002bcdbefd5,2025-01-07 12:41:29,0.001515
301,0x9bfcde2ac75315a22bdec6e9db48b47b93555e8c,2025-01-07 12:41:32,0.001600
302,0x599c9e2c9150e5b4794625469f4672fb49e69b1b,2025-01-07 12:41:35,0.001518
303,0xf0636882faaab10fa40f4bb57ef44c7745991458,2025-01-07 12:41:35,0.001513
304,0xd8cd495b25b7ed13972225dc65764c242370565a,2025-01-07 12:41:38,0.001505
305,0x0fff409c7610bb510d15563ce37e2e8208adcddc,2025-01-07 12:41:41,0.001524
306,0xfcc7b440f9d77802f4eb67a47fadad9cfbbd3720,2025-01-07 12:41:47,0.001513
307,0x44c1b4c4f8b9b1eb8304dbb4009cf6160bdbb8fa,2025-01-07 12:41:50,0.001503
308,0x90fba2af1eaac0610bb84027a29a6802ee86ca1a,2025-01-07 12:42:23,0.013543
309,0x1e91cba855715c00e7b50fefd2aa70311f5a3580,2025-01-07 12:43:17,0.001516
310,0xca8520612cc5d6674601b830df880f3d5dddcae8,2025-01-07 12:43:29,0.001550
311,0x0c6e1b8118b1a91d481d2031da96aae288c0d75d,2025-01-07 12:44:32,0.001513
312,0x4205c5bfaf49526cdb8232f68458bd69fc4f18a4,2025-01-07 12:46:56,0.001549
313,0xf810bb9166d3bf150be55784e1df9400b3ea06f5,2025-01-07 12:51:56,0.001520
314,0xe6a3c8619ba48fe94d8041ff594748db01120932,2025-01-07 12:52:08,0.005885
315,0xb93d92ffac4cd14b9858476d5ec71a12d03dae86,2025-01-07 12:52:14,0.007528
316,0xed43124899aedc09c66aec37286a155cbb41ffe9,2025-01-07 12:53:20,0.001510
317,0x6d667c5b065380d6d182bba8a326321cbabf4d26,2025-01-07 12:54:11,0.001671
318,0x91142c7d6e5f61b9c197fa1f7beac3e9323d84b9,2025-01-07 12:54:29,0.001993
319,0xae348c1a64559d7c4aeae1f61de519247675c591,2025-01-07 12:54:59,0.007523
320,0xa4e2f9f3d55993414536826e6ab031c14cb3d54d,2025-01-07 12:55:32,0.001530
321,0x3636d33c1c95a592ad1340627be053dee1654d3a,2025-01-07 12:59:44,0.003040
322,0x09b606c04cc47ab7212617b587bdf1e4564f8fcf,2025-01-07 13:01:05,0.001533
323,0x3e0923a76187c2a71beb7b69f3dd089742b10021,2025-01-07 13:01:05,0.001517
324,0xfd1a7e6ab51d99ee4d3da562193f684d369f50a9,2025-01-07 13:01:44,0.001674
325,0xdf5288b8f4812e5eacf29833d0a24f76d1890170,2025-01-07 13:01:47,0.001500
326,0x8edd86bda1cb3b82c791d0308f4799c83dd9607f,2025-01-07 13:02:23,0.001593
327,0xcd4187d573d2b3f5d8534cc05049415a09f30717,2025-01-07 13:03:08,0.001993
328,0x545578c4dc6b3c98222fd69aa82ec6696daa8c36,2025-01-07 13:03:08,0.001535
329,0xa544f28ef4bd5ca22838b510146dfb2cb7cccd8c,2025-01-07 13:03:11,0.001516
330,0x9f1300bd0ea3c3477eeae331a5b22e7a7e6681f6,2025-01-07 13:03:35,0.001503
331,0x544ee0214065753d1a0a9a8805eb03b5ce597bd2,2025-01-07 13:08:59,0.001587
332,0x82b7eb6ba9ab3bb75605b3b0197a66509da70351,2025-01-07 13:10:53,0.001523
333,0x8eec6562ed10e38c0b3edb42c52eb5d84a9aea90,2025-01-07 13:15:41,0.001543
334,0x552b55651ad8c852b293e6fffdc8bf3d0a2d5784,2025-01-07 13:17:26,0.004284
335,0x7a7cd990d2669566ca1a3852f4aac61fbe6eede7,2025-01-07 13:18:17,0.002003
336,0x205f33bb82fc5d280b4eb21db1ed31d6b4a64665,2025-01-07 13:21:53,0.001576
337,0xd7237026376b5636df90733d5b7210aa12af59dd,2025-01-07 13:23:23,0.001504
338,0xa6d0875c5ff44ce022ce1479499fc42759ac9690,2025-01-07 13:23:59,0.001674
339,0xef7407c8335cee9e4360f479b37189e1b4b0a308,2025-01-07 13:24:53,0.003009
340,0xa32ec512696fa3aaa77c0e490cb075ec2416a71c,2025-01-07 13:26:02,0.001593
341,0x307548d5868e41dbc591a6136708340c1029d485,2025-01-07 13:28:38,0.002013
342,0xc1fac508dc4372864018ea4ea2080841ae43243a,2025-01-07 13:30:17,0.001612
343,0x2aee3feb4d5dbf46842f544cc9980caee1ba1a4b,2025-01-07 13:31:02,0.001505
344,0xc816458ab470f07cc5f32d2df8c719cc9b93e091,2025-01-07 13:31:29,0.001504
345,0x62ce88ada242d85fc9e094e19499dd605d114809,2025-01-07 13:31:35,0.017500
346,0xa571e82a0b590278221d4a7d67e271323f6d87b5,2025-01-07 13:31:53,0.001578
347,0x34b585235f3e956721dd1f7edb6fbb99bcc2469e,2025-01-07 13:34:53,0.001513
348,0x575bd08d31598e6e9833c3d7fc78f9c0c8b4c779,2025-01-07 13:35:14,0.001600
349,0x1c5878fea03fe24291e4d98d477aaed028d55dc4,2025-01-07 13:35:59,0.001514
350,0x11e6ad7694c01069344197dcf863ab1d62f65d7d,2025-01-07 13:38:53,0.001514
351,0xd7ec03260888ecd87e64d34e1b931e0da41798d2,2025-01-07 13:40:08,0.001543
352,0xd8638e3761a6d40f2fa797181fb74e30937b3709,2025-01-07 13:42:11,0.001504
353,0x22bff1fde4cc8f39447197d8f71ed5147703719a,2025-01-07 13:44:14,0.009029
354,0x17a9d9c3cbca8987cffacb412e2541b322ca834f,2025-01-07 13:45:26,0.001572
355,0x6d114305cfae6c88d6943b0206a1af61f47196fc,2025-01-07 13:46:35,0.001515
356,0xc26cd96ee0714fb514b407d53dd66c5694ade4b3,2025-01-07 13:48:44,0.001593
357,0xedb9219c8b1e9de51c1eb0b6916a2a253a8313f9,2025-01-07 13:50:50,0.001508
358,0x7df88c2b65b61d868b8bb958825506a86986b38e,2025-01-07 13:55:02,0.001793
359,0xfedc898edef93a2572778f51f8cd5881f82d15ea,2025-01-07 13:56:56,0.001507
360,0x9f40a5d3a1349627a442b25e5e302dec9d951c0b,2025-01-07 13:58:20,0.001593
361,0xaafc53effe1f350783f2a4a31dea62929b328608,2025-01-07 13:58:26,0.001593
362,0x0a6ddb6b66d0ba232526c2e99638eae7bb23fcf1,2025-01-07 13:58:41,0.001603
363,0xff29d9be01ed3a4bca25d952c4cc8c4768c9a814,2025-01-07 14:18:14,0.001530
364,0x2b29478db7e038ef72e55c77d8f9cb0026c0b1a7,2025-01-07 14:52:23,0.001561
365,0xd01458c3dd266e0dc5236721686bb414a4c3bb6e,2025-01-07 15:02:47,0.000106
366,0xcce1182791a5d9b59773e8fcfc2f4fc42f8527be,2025-01-07 16:14:12,0.002360
367,0xd4df8554d3287b2e9167114759e0f19efca99fc2,2025-01-07 17:11:39,0.006857
368,0xa002c78d26080273c4762f02a62e7434c46c98f2,2025-01-07 17:12:48,4.989965
369,0x6b9246e51ac3bdf5b6a4dd70df3cd206b689d2e8,2025-01-07 17:15:30,0.002001
370,0xb36617dbf0c15249b6bcff66611c3f78951347d1,2025-01-07 18:14:42,0.000469
371,0x617b588792b9662d7dfb5ce56c71b0d09713d4ea,2025-01-07 18:38:06,0.010000
372,0x2f3ecbf6201406ac3dc040a15d1df74faf7609e9,2025-01-07 18:45:21,0.999993
373,0xb4dfce5b298f826365220448f45bc0d2452fdfd5,2025-01-07 21:01:52,0.000135
374,0x3dbecadeb48c00f47ff9720a71875d8d3211e020,2025-01-07 21:10:04,0.014869
375,0xeb7bd07eb559e696b8e31fde1acd03481589f455,2025-01-07 21:48:46,0.000119
376,0x4772a15b7fbf67aeb3e954d9ddbb8dd50147b077,2025-01-07 22:02:25,0.000125
377,0x4178c0985382863491880dd29b684175ff16a3f6,2025-01-07 22:24:49,0.005113
378,0xee4652c016bc5197676c2235f38365a922ff8001,2025-01-07 23:59:25,0.000153
379,0x26d433a71f84f824eadeb29392b977413904ed61,2025-01-08 00:54:31,0.482409
380,0xd932f2fcc3a8f57f5662158fb3bb307bf0dce14f,2025-01-08 04:56:47,0.000114
381,0xb9ec2519a6f905e1d8e3260c7493f1898a4df6b9,2025-01-08 07:08:48,0.136609
382,0xe1d5b58e05d7554337e80cb6babe24dfc64d7852,2025-01-08 08:30:09,0.000144
383,0x1568ed1cda2eb4b1662c8b2ff1878dee9cc5a302,2025-01-08 09:51:34,0.001891
384,0x7241c16977eaba74ad74be2ba3aa54fb03875655,2025-01-08 09:52:34,0.002059
385,0xbb936af9a5a1cdabf23103c6cf2311335cde8b28,2025-01-08 09:52:55,0.002114
386,0x239b3943fdcaacb4761c2fff82bfaaaba0f479eb,2025-01-08 09:53:10,0.002090
387,0x13217c2789e6661f22a6bd04701fdd4ddb0969dd,2025-01-08 10:06:40,0.001933
388,0x2fc261f7cab6d50580e3007a0ed793d95a1c4e2e,2025-01-08 10:06:43,0.002128
389,0xb071c1de45676d085632fba50f06accf5da653c8,2025-01-08 10:06:52,0.002282
390,0x40ec7bb68a58bff0905dff01725281736505a752,2025-01-08 10:06:55,0.002502
391,0xbca18d549f4b86f1b5504c64cea5a90a5459207c,2025-01-08 10:25:34,0.002402
392,0x637fefa54c982c95c9183de7dffe8de58b3e4e05,2025-01-08 10:25:37,0.002026
393,0x7df5427bf4ae8aa34b82a93bd2fc2b3bf955f99c,2025-01-08 10:25:37,0.001979
394,0xd1f08e5feaf19742a876f260be3bd27bb20c046e,2025-01-08 10:25:37,0.002202
395,0x128675118844d64b4bc2e7d0b40d3b1c1cd7190f,2025-01-08 10:38:13,0.002085
396,0x972d2424a94ad9ec661e69c8371c10a964749fe9,2025-01-08 10:38:13,0.002117
397,0x7b17c0a89a209c895514592e7eed25bb3fbd8c1d,2025-01-08 10:38:13,0.002289
398,0x218cb026b7e0c59da364a4104a13ea8ad5edf191,2025-01-08 10:52:31,0.002111
399,0x16325ccf1613e7db511a61200bcac911925b5131,2025-01-08 10:52:31,0.002270
400,0x5d9aa3e14a828fde6d57c8fb25736cf8c63824fa,2025-01-08 10:52:49,0.002206
401,0xb3ce0353688f323a1c5302f0e9bbb9f9c166c18a,2025-01-08 17:13:40,0.000142
402,0x7c99794f7e145e006be694ede8f3c8c64e87f820,2025-01-08 18:21:25,0.103947
403,0x78a4d0d04a784ea7c47ecae28f43d9bdea1712a0,2025-01-08 19:10:20,0.004053
404,0x487b147ea9303e3d3f713cbe1afd16f2b1c7dfbc,2025-01-08 21:45:02,0.000790
405,0x66ae89f40599c5269930f395757d43bc688bf506,2025-01-09 00:02:32,0.000700
406,0x1c5477f14b9e68d0ab3d13a9d8ae84dcd09a0d98,2025-01-09 06:54:47,0.003250
407,0x01cd42d8fbbec2db5a5793c8cccf5d49e79be15d,2025-01-09 14:55:08,0.002993
408,0x2528dddd4ddd210c483c2bf75dd44d94cd05acae,2025-01-09 15:34:26,0.000108
409,0x81db6de760d74b11887d49bb64e837cdaecf2e67,2025-01-09 18:23:14,0.021435
410,0x44ee5131a0fe22a9c330866410a087cb01d4cda4,2025-01-09 23:35:59,0.000742
411,0xa0faa311e2de0de094b3a1f6425bbc73e21f7424,2025-01-09 23:43:26,0.010684
412,0xd64ee295c0a8159ecb3f12d09ab57780f7108c56,2025-01-10 04:36:20,0.000110
413,0x56ddcbc09713d2ba8dff06ec008cbecf4b702bfb,2025-01-10 05:57:35,0.000163
414,0x0b3e5584c44f07abf4590b82e18df129510190d9,2025-01-10 09:57:11,0.001539
415,0x069469a86cceb46456969c837cfde4f22634ca89,2025-01-10 19:52:55,0.000249
416,0x08d234a2229a782069d2b0ad0ced5251b3e5032d,2025-01-10 20:26:07,29.999993
417,0x526e3242678149bf353c0396d83e336d07da8b50,2025-01-10 21:11:07,0.000120
418,0x6fd3f8880141d4bd4275cbfd61f5013cc87e24f5,2025-01-11 01:51:55,0.000100
419,0x2d8fdd1b51abc5f354e59891f11e4095c3976c8a,2025-01-11 15:25:08,0.002261
420,0xc4a2fe5b6676d9393335317404bbad4d0082e3d9,2025-01-11 16:17:14,0.052855
421,0xcc5c3bfe9285bbcd449c0f4a088b66415e787a72,2025-01-11 16:22:56,0.000110
422,0xb7b6654268d045b8e0393ec754de2bb6e4ff339b,2025-01-11 19:52:17,0.000127
423,0x2935006415fa11b37cae0f3ea47399768dd7b442,2025-01-11 22:40:05,0.090584
424,0x2719e4c5f93224f02d7b0ca9f86894a98f49e21b,2025-01-12 16:31:51,0.000517
425,0x51f19318ece6fdb3ee1a22c9f823b7ad71c31478,2025-01-12 21:42:30,0.011993
426,0x240a0517432d1c4eb1c8cff17d885ce28777e8a0,2025-01-12 22:03:33,0.101920
427,0x4b7fa0fdad9ef626c6e0979501fc54622a2d2d41,2025-01-12 22:12:42,3.501116
428,0x94ed0dadf3eecaf684bfa75054dfd6aef7384d56,2025-01-13 02:25:18,0.016591
429,0x4eb58ef01f99261a802cbd439eb7db8227597f79,2025-01-13 08:31:51,0.150000
430,0xb415b09f8482e5066a2cace80031403985d3e2c9,2025-01-13 12:43:15,0.000127
431,0x60d8d8e376e84b1885dba499cc493f1f1062af52,2025-01-13 20:10:42,0.000110
432,0x1c46c7ee6eac92c777a8efa378fa64b596351989,2025-01-13 21:28:27,0.000786
433,0xd799b2561061ab241a163d979acb4389cdd26943,2025-01-14 04:45:09,0.000237
434,0x4670d5d858b2e731d88a7883d41ba4171dc901a9,2025-01-14 12:00:49,0.010521
435,0xe9d6ee3900624d3fda4a5d7d49a9b7a145668fa1,2025-01-14 18:28:13,0.000176
436,0x25cc366ab9e6b64847acf2221e281017e3b67bcf,2025-01-14 23:52:51,0.000291
437,0x7bb60a26ed799362a6f2c811e2f8cce40b1ee606,2025-01-15 12:14:09,0.301933
438,0x75792ac4016a1374472f990a25a417306238dbbd,2025-01-15 18:21:48,0.003300
439,0x6ddf9a609c32dbcd03f21beedd068816db4cb063,2025-01-15 19:24:51,0.002500
440,0x1d60bbbef79fb9540d271dbb01925380323a8f66,2025-01-16 12:16:15,22.774249
441,0xb86112c68959c3d9f706a9d0a943b7f71e319759,2025-01-16 14:56:15,0.000107
442,0xe71cf2fc50c5e3f8e690fd3d1a1b9f4b445af7bf,2025-01-16 15:17:51,0.000106
443,0xc98dcea8d5735885827b8adddb6f7f5cf3ef546d,2025-01-16 16:15:21,0.000143
444,0xd8b4279c043ba25953ef7afd5c7101d492d6cddb,2025-01-16 17:17:06,0.000100
445,0xf61d1debb45a1390c3e09ac740c3e17690a22ec7,2025-01-17 00:24:33,1.000000
446,0xa9d27f2694b4a5d1abb8291b99ba70e5f13d6ca9,2025-01-17 01:25:28,0.000101
447,0xf5e8dc5a25b72cb33446e8f176bbdb27e54757f8,2025-01-17 02:10:19,0.000100
448,0xe978ee1fb5a28fed99e322689238f443294d2a36,2025-01-17 02:22:07,0.000100
449,0xe44f8d3413186f8888713a752c5beb922a3a7c56,2025-01-17 12:04:31,0.009000
450,0xd3d9b5d78723c048b645ebe01e94e3c647596f15,2025-01-17 14:00:40,0.000200
451,0x640246af4c3889f35549e1e26cebd43c3c479056,2025-01-17 14:55:16,0.000212
452,0xb255fa250cccc4535639f0a2430f8479044b1462,2025-01-17 18:27:10,2.615086
453,0xb466ecc01335dfbdf27100fff0c3c11b08dcc8ab,2025-01-17 23:09:04,0.000100
454,0x6784a95a8c829b009891773cb490ac21576abeff,2025-01-18 11:39:31,0.000566
455,0x4e7d9d8a5f7b0f08fcb37d07ec85e2ea95dfe40b,2025-01-19 02:12:41,0.000110
456,0x4721027204a141e6ace727988d506aa385a68f8c,2025-01-19 20:18:47,0.000115
457,0xf83abc519e046c5391d219fabf1a3c87dd5924d3,2025-01-19 23:28:32,0.000190
458,0x90e017f8c915ba7f72e22849de9faf91c4124fe9,2025-01-19 23:42:08,0.000104
459,0x68047d3faebb01c775a7da1b12184aa359748ea8,2025-01-19 23:45:05,0.000108
460,0xe20937ed7bd20f17163f002f294fa5c682f8e707,2025-01-19 23:45:32,0.000104
461,0xb63b23be2509719e9c106af99b4efe83f6c30a70,2025-01-19 23:47:02,0.000100
462,0x8488dc5e2acb08ffe1cfda5cb7f33156e7b9152d,2025-01-19 23:47:02,0.000100
463,0x3a48353778dd977d5276b9361e65003a30af1de5,2025-01-19 23:48:56,0.000107
464,0x3d536938cc73c193634b0e3e117ac8d6b8d31b76,2025-01-19 23:49:11,0.000100
465,0x38e25fd574c36306c7ac103908791c83f27045a0,2025-01-19 23:50:32,0.000103
466,0x0b4ae4f9b1162223fb97197874f7d6951928de60,2025-01-19 23:50:50,0.000105
467,0xad6cb76456ac620b322d5004b49cd03f42345e74,2025-01-19 23:52:38,0.000102
468,0x402df4f71dbd6e93af643ef8687f40cc631ee661,2025-01-19 23:53:23,0.000104
469,0xd8b58455fcdecd5af3e14c90c113b8682fe107ff,2025-01-19 23:54:38,0.000107
470,0x4a32cc242d5ace72df5a8a0cd1c816e7b010e22d,2025-01-19 23:54:59,0.000109
471,0xeec3b11d1833b7e14787be32bb46e50a214d61c2,2025-01-19 23:57:11,0.000101
472,0xf5dc37e391e60be4beb65322be7c20d469cd57b1,2025-01-19 23:57:26,0.000105
473,0x8aa7cee8d6a154a529c9a9413285d5f9196c340b,2025-01-19 23:58:59,0.000101
474,0xfe1d7b74bcb9d1cf45927604856ca007389aea0d,2025-01-19 23:59:38,0.000103
475,0xd2d11a97ce9b762b97031d0f074b95f25fad7392,2025-01-20 00:00:56,0.000110
476,0x57c4b837e4f1c1cd5f6ef1c9a166744ae584a56c,2025-01-20 00:01:20,0.000103
477,0xebd0063b5e35b2e45fe4ea48fafed5b77430fe27,2025-01-20 00:02:56,0.000104
478,0x0de5281a54cdb734e2aef7a8fb2c1f7db466d0c0,2025-01-20 00:03:08,0.000103
479,0x29284537418f721d73e580d12db13fd4924bf458,2025-01-20 00:04:26,0.000104
480,0x37c2dbf4ab0bb2d8e671caba845ff75c3db20018,2025-01-20 00:04:53,0.000102
481,0xf0a47e3e3513a4ed22c7e203f9e17ed3a4b619d5,2025-01-20 00:06:08,0.000109
482,0x8672b036bc33e6fef7f7074961fccb72a852d2ff,2025-01-20 00:07:20,0.000109
483,0x88ac29c8903f8a421f7f323fe8ce79c7223342f4,2025-01-20 00:07:41,0.000106
484,0x7e69ca1452c175947702fbae368dd74a91050bb2,2025-01-20 00:08:56,0.000103
485,0x1c7769cbbdf7d7361a46e9ffc842c92044c30005,2025-01-20 00:09:47,0.000105
486,0x4b522c48345c47182d904451ec1e4a2356b5d9c0,2025-01-20 00:10:50,0.000102
487,0x257ae5749f44b671e2bcc6c7d166c43ee6a3f454,2025-01-20 00:12:02,0.000101
488,0x6091c3c7fd91251a98691a47a498ad6f0e70331c,2025-01-20 00:13:08,0.000104
489,0xa33ab6863be4154f334934d24d264bb52c0698b7,2025-01-20 00:14:20,0.000101
490,0xa5795f4a32e4f7b91b4a8b40ca8b952ba35067bf,2025-01-20 00:15:20,0.000110
491,0x2497c4ae24cdc599969ce8e280371f0ebdecb5f8,2025-01-20 00:16:08,0.000101
492,0x45ee7dae443f6d678c8e3cdb882520f5763372d2,2025-01-20 00:17:44,0.000110
493,0xea3fe49da9b6c050779890edaeb51e4594f2c53e,2025-01-20 00:18:05,0.000110
494,0x4fa872f3aff011475e19ee0292239e7276728b7b,2025-01-20 00:19:29,0.000109
495,0xace542b1f13394ff3e9c15b6eb43e146ec115db0,2025-01-20 00:20:26,0.000107
496,0x70cee7efcf131bc001a4e6c7951f91976558b960,2025-01-20 00:21:23,0.000100
497,0x4e588f4feb59f1e6c16bf9a9c6fce72955c402bc,2025-01-20 00:22:14,0.000101
498,0xf990916e04182da6e47c7d000b976a533c68c77a,2025-01-20 00:22:59,0.000103
499,0xb59640a82549cd898c7a4934fef888f333581334,2025-01-20 00:24:29,0.000105
500,0xd2a61bfe8f9dc5e01d2de5d7576e88a5f9dfb869,2025-01-20 00:25:05,0.000101
501,0x02ffe28c3cfb8a22021f0f9c95242a92519a4574,2025-01-20 00:26:32,0.000101
502,0x6491fc7720841eef4f1092ce91fd0de4034bcbeb,2025-01-20 00:27:32,0.000104
503,0xfff4264d729fca69a888d519483343df66ca0262,2025-01-20 00:29:05,0.000108
504,0x1bd7cae51f6f4800c9c94ea51a470510a413c0f6,2025-01-20 00:29:23,0.000108
505,0x7c8c0089c9c1040d2fff537a378e516aa95c01a9,2025-01-20 00:30:59,0.000104
506,0x55165aa49fd623dce4d73ec94e3cef27b35a2608,2025-01-20 00:31:35,0.000103
507,0x723e99f2a57e8a6a42ff57a27e9bb2d8f3814898,2025-01-20 00:33:29,0.000109
508,0xafd908534c2187099e765c2bc8bb5d087d0990c0,2025-01-20 00:33:32,0.000100
509,0x2d09069cd51e316d9566aaf53efcc42eaf36c64b,2025-01-20 00:35:17,0.000109
510,0x3ef458f9e318ac92d9a7dfc6e8362fbaac19bc72,2025-01-20 00:35:44,0.000105
511,0xa2eb452a4c098e7ebe55a8a42822f2102c586d99,2025-01-20 00:37:23,0.000110
512,0xe8259d9bb7bc1583064f167392cd3e94f3663037,2025-01-20 00:37:26,0.000104
513,0x9bdf28d1d3a7624c8d54cbd6af2b40631f03ef9f,2025-01-20 00:39:17,0.000100
514,0x2026094ff1fa7a12f7eaf1e654445cb259eee098,2025-01-20 00:39:35,0.000104
515,0x092744a7f3bf5498b68cc92c3264f218498c4659,2025-01-20 00:41:08,0.000103
516,0x14513fe89b4baaf80d44c67efea5350be24a6975,2025-01-20 00:41:35,0.000109
517,0xdfe1921fe0bd0734199938fed7f8a910eeb04837,2025-01-20 00:43:14,0.000102
518,0xe3ad25a7c76de61ca0c4db11b9bc23d410218705,2025-01-20 00:43:23,0.000103
519,0x79c251d009208e1086a74a7fc615d3b84c00b9b9,2025-01-20 00:45:11,0.000104
520,0x9cdf9f234ffb33a18c9420f18b5c5648a5c9e745,2025-01-20 00:45:50,0.000103
521,0x1f5490273c0951ef02841ec1065d63621df333ef,2025-01-20 00:47:20,0.000107
522,0x78c6063223649443bce243c1092046db5a3a97a9,2025-01-20 00:47:23,0.000101
523,0x17df64321119abbc2ace3fa298db7d014c49cf35,2025-01-20 00:48:50,0.000104
524,0xda96bb35b9bb0dae1ed6269a4a890c3ca1206f47,2025-01-20 00:49:20,0.000105
525,0xa89825e690313de4a13e8ffb9fc7b53ab1a80b1b,2025-01-20 00:50:41,0.000100
526,0x9c73d2a21542c57dddcb080a656e7797190471e6,2025-01-20 00:51:23,0.000103
527,0x03117db5fa2e18b9f8f6aeed9c992c7e1084421d,2025-01-20 00:52:44,0.000104
528,0x71b4c4c252017e046a38191c698fe57c93831d86,2025-01-20 00:53:35,0.000101
529,0xfca34c858817460fb90fe2a3450696df52f0269a,2025-01-20 00:54:47,0.000101
530,0x00cdd6d8a18453ddc65c56a44b8fb4d60fd3859f,2025-01-20 00:55:44,0.000104
531,0x6029617f7efe3e7fbc629544ed8c7822b8248ed5,2025-01-20 00:57:05,0.000109
532,0xc52badaa868f070864323ea050a4461f0979c386,2025-01-20 00:58:14,0.000106
533,0x2ba8db88db041f3a9ca2912e0c8a05da60540082,2025-01-20 00:58:38,0.000100
534,0x4392351870f22c25487521d7eca94b8d98f03d54,2025-01-20 01:00:53,0.000109
535,0x78a58fe960a5c4a8d70415d85ccea2a057e65ac0,2025-01-20 01:00:59,0.000107
536,0x7c241fdfabd5328908c2e0ff9785c27dec009b65,2025-01-20 01:02:56,0.000101
537,0x289630aeacfdff04051e57e7bb8f9d7ed06921ca,2025-01-20 01:03:08,0.000105
538,0x2dc4b2e2d6ef0e042a99fab63ef39a1a56011c52,2025-01-20 01:05:05,0.000104
539,0x9ff32615c5f2f47d98315bd837e163024fc2636f,2025-01-20 01:05:20,0.000101
540,0x9050e815c86460252b9a91222cb7c4c39328946d,2025-01-20 01:07:05,0.000102
541,0x57e002523c827e556ff4b6fa46764f87cfe38053,2025-01-20 01:07:17,0.000104
542,0x034afc505f965cbba5d4bf0f6badec1b24a3fee8,2025-01-20 01:08:44,0.000105
543,0x9bc8c9baaf7411fc754208c3a6cbf2865e952936,2025-01-20 01:09:14,0.000103
544,0xb98ccb6bc4d11353133821bdd56faf0a94b46701,2025-01-20 01:10:17,0.000104
545,0xc482911faf30f2e36f37b11fc647cd0c73f9c046,2025-01-20 01:10:41,0.000106
546,0x7138545067860a1f9a48d01af6d8b10e9d0470a3,2025-01-20 01:12:50,0.000101
547,0x0944d1530acc2cfe8087ff528015b38bf8220df4,2025-01-20 01:12:56,0.000110
548,0xebfe65e83a0d24a4ba33628bd0433d0a6c4c5b18,2025-01-20 01:14:35,0.000108
549,0x0ca02f2d91d68e73c1581b22bebda66a6094ca49,2025-01-20 01:14:41,0.000108
550,0x9c2103fac5fbc1f073efc070b7db988cf8caceaf,2025-01-20 01:16:35,0.000105
551,0x274f4af54e355fd7dd892b724da177d57b9ef4fa,2025-01-20 01:18:35,0.000107
552,0x17b7dda1884d42d034bdfe0ba6627f62c4285c1f,2025-01-20 01:20:29,0.000102
553,0x708e96be8fd4bbcff27ccb7789faeb5f030a88c5,2025-01-20 01:22:59,0.000108
554,0x37f7b60e698d8846c454e8c5b62eb4420f9e513d,2025-01-20 01:25:23,0.000103
555,0x5a7ba23360a996e82eff106a651902a262d9da97,2025-01-20 01:27:50,0.000106
556,0xf21c3c028117b6d3dcd3ec3fff8d8d83fca95fc4,2025-01-20 01:29:59,0.000104
557,0x694ff7266f095aaba9a0c1df600a68033f5a1207,2025-01-20 01:31:59,0.000101
558,0xaf369cea1fcde8d9f632d21889e7cd06b74d2ee1,2025-01-20 01:34:20,0.000106
559,0x89aa13a396fcc3695d73fce9e3020a73ed2e4f14,2025-01-20 01:35:56,0.000108
560,0x4f930d90969c8f3eefdc02269d5cf07b2dd5225d,2025-01-20 01:37:35,0.000105
561,0x8584743fc4acaeeaf9471ffe3882100b71013f50,2025-01-20 01:40:02,0.000101
562,0x31850a318d0895d2fe23740045469ebcd7f68620,2025-01-20 01:42:32,0.000104
563,0x1b853433bacb54178b22923a933972a01dc91f7f,2025-01-20 01:44:47,0.000104
564,0xc548ed20f646be04cf9328adc72b8a67bad793b0,2025-01-20 01:46:35,0.000103
565,0xb8623f862248ea0306f02d4279e174bf5396072f,2025-01-20 01:49:14,0.000101
566,0x7b02c991c6dd6ea0f0eb7a74c81d3a840345d228,2025-01-20 01:51:23,0.000100
567,0xc26dea64a8c33e8518880dc0d3eb356f79db5193,2025-01-20 01:53:23,0.000102
568,0x4611ed68f75cea63ce28c18d0e4d1e2b799791a1,2025-01-20 01:55:35,0.000109
569,0x18c8be90d95cba1d81d62f45b53ea982b0f020f4,2025-01-20 01:57:23,0.000102
570,0xdc31abce23b9ded3e3eeb4417a48dc1430759ba1,2025-01-20 01:59:20,0.000108
571,0x919c30ec2a2fd9dc098c4f511afc1eab904e0481,2025-01-20 02:01:53,0.000107
572,0x383ee21d49a5ed7ca81dfeeb0ecfedcebe841db9,2025-01-20 02:04:11,0.000110
573,0xf90bab59b7d14a00a488d11256c89013cf3764db,2025-01-20 02:06:11,0.000102
574,0xb281405429c3bc91e52707a21754cdacecbb035e,2025-01-20 02:07:56,0.000107
575,0xe2e05adf94d890a7a7c6ee980a5b7977f19fa99b,2025-01-20 02:09:38,0.000106
576,0x744c57983ac364a5e55fd56b27401b497e40ea3b,2025-01-20 02:11:35,0.000110
577,0xf056a7bd49a762024320c9a979ae25bf247a8c88,2025-01-20 02:13:08,0.000101
578,0x6e576e87cee39ee226c47f44f74efad1bc716066,2025-01-20 02:15:23,0.000108
579,0x9be85300be7125e023c4a3a7334c3124340ae03b,2025-01-20 02:16:56,0.000104
580,0x398881b395d45b487a5c011102f08a297b67cad9,2025-01-20 02:19:20,0.000110
581,0x5f8f0f5d5a7cb3bc07deb76e20fc59267f9c6a6c,2025-01-20 02:21:38,0.000100
582,0x37f5fba29ec3b67a50c55e6ae34d68095f65c531,2025-01-20 02:23:41,0.000106
583,0xa7a0c41d57468f88e3f4090327e5097b85774be5,2025-01-20 02:25:50,0.000105
584,0x54efcf16843dc44d8f338d48de5caa3b6245f013,2025-01-20 02:27:26,0.000101
585,0x39b5fba0a089f4399bf10fc558451f8fe36ec4dc,2025-01-20 02:29:53,0.000106
586,0xa4b79a9f35d54b8cc172714b5403abb9921347a0,2025-01-20 02:31:32,0.000106
587,0x3a70b41605fdfef8edbd8568739ef0c9e4053374,2025-01-20 02:34:05,0.000104
588,0xafcf2fda70352787defa42de3f9ae69883449f2b,2025-01-20 02:35:53,0.000105
589,0xc3e0c256b9a0645af5093c68406d4b55778482de,2025-01-20 02:37:53,0.000107
590,0xadefb56fd93fcaecf2adfe6eecfb018480fd1eec,2025-01-20 02:39:47,0.000101
591,0xb282a6788b19a0aa4823623a5a94a820c7afc392,2025-01-20 02:41:35,0.000103
592,0x6cbabb37722d8a0566f11cde99b396672a842b28,2025-01-20 02:44:11,0.000102
593,0xc2b7501945cdd418af773010394109c8873d4006,2025-01-20 02:46:14,0.000100
594,0x6212164c8d692170139897398e134efaad26cb22,2025-01-20 02:47:59,0.000100
595,0x1fc0d73f7edf6b2f9e37d6cf0036bcf7703953ab,2025-01-20 02:49:50,0.000109
596,0xfb6e2cea9e1e08b68832302ae2bae984224e2f27,2025-01-20 02:51:41,0.000108
597,0x46b43ef9f6224b7a013ade778f5b67d1af2ef295,2025-01-20 02:53:35,0.000109
598,0x8f12f15a10672677c601c198052757ff22e3d3dc,2025-01-20 02:55:26,0.000110
599,0x0ac078fa54e0fa9e38217a762488e6099d432486,2025-01-20 02:57:20,0.000101
600,0x4f1de5fe330ec86777bbd8a564dcfce95a43d412,2025-01-20 02:59:05,0.000110
601,0xc7b31c679d066e35b6274103d4ac8de75932bbe2,2025-01-20 03:00:53,0.000107
602,0x3126ab03189ef7515d7f52a1e6ad437f3215eded,2025-01-20 03:02:35,0.000104
603,0x0cadb4cd2779443caaa664d47ad40c292b99fb1e,2025-01-20 03:04:26,0.000102
604,0x26cd691cc3faaa06d6836d0f5ae6697c2f029d72,2025-01-20 03:06:35,0.000109
605,0x65b8e3f59e6957dd791596ef52507fa52cbd27bc,2025-01-20 03:08:14,0.000110
606,0x2bdf3822ae97e27acb135eb54c90902f7923dcf5,2025-01-20 03:10:02,0.000100
607,0x0d5c9f38e5bfbb9f4245a81c6ce826c22f4187b7,2025-01-20 03:11:50,0.000102
608,0x011d0b351daf3897ada5856f25b4138b6ae6ef98,2025-01-20 03:14:02,0.000108
609,0xb10f7bfe9962a62a6ff55af71af44423e0b2284c,2025-01-20 03:16:02,0.000110
610,0x3644bbd79f4452f49efedea8782484c335c4af61,2025-01-20 03:17:44,0.000102
611,0xa0ad14d5c976b99e8993ba98b7988991d4432603,2025-01-20 03:19:53,0.000108
612,0xbd0b0c5880c126fc31f288f8f8b837a67a45aec2,2025-01-20 03:22:23,0.000104
613,0x381d6bf495f94cc455ec8082dd3a866483516360,2025-01-20 03:24:29,0.000103
614,0x8b2200a77f0dcebd2544cb90558d62d77333d219,2025-01-20 03:26:23,0.000103
615,0x8c59c23a1ab3b07e01eefc03912c041f002b0f17,2025-01-20 03:28:26,0.000101
616,0xe350e5636f013d7cecaa8146a0ad1e20fbd7dbbe,2025-01-20 03:30:56,0.000110
617,0x21b83208f404d9e4bfe749060eb58474448d30af,2025-01-20 03:33:05,0.000107
618,0x21a554fd9f86435b8002372831982d5ca12f2632,2025-01-20 03:34:50,0.000105
619,0xc5182f1382a455cd27858a568584f06f08934bbc,2025-01-20 03:36:32,0.000102
620,0xd87714081c61d0c9df097dc4edef33f84ac884f7,2025-01-20 03:38:38,0.000107
621,0x7eb75ac9e0b2ce3dd3bad9474e04999ad72d0360,2025-01-20 03:40:26,0.000102
622,0x842f2b62bbcaee518fd5f64d096b55cbb3d51bc1,2025-01-20 03:42:38,0.000108
623,0x7c3f6909d0de69b7e465a16cce4d2050c27b35ad,2025-01-20 03:44:11,0.000107
624,0xb7a7528a8af40cb543c93b366063dcbfd65e7a81,2025-01-20 03:46:44,0.000101
625,0x49b2f613ec6470bb51cccfe9903d359a06d44357,2025-01-20 03:48:35,0.000108
626,0x92655c2ab2e22403a294a28166c6b8f0ec3d550e,2025-01-20 03:51:05,0.000103
627,0x5cfda873a5e84fc9d90e97d76b0f205c1afd6ae6,2025-01-20 03:52:47,0.000106
628,0xd9abb1d2507157b49d1d80588268f9e43c75b360,2025-01-20 03:55:14,0.000104
629,0xd54085470440e3aec45fc98068b5269c33355308,2025-01-20 03:57:26,0.000102
630,0x8a293c4faa0cc33b4b72411338b374688eba6a9a,2025-01-20 03:59:35,0.000103
631,0x94f4cbba01089a67ea22bca07c3204915cc54d06,2025-01-20 04:01:53,0.000102
632,0x994c060ad31d9b2fc4fac1e3961a4e415014b3bf,2025-01-20 04:04:11,0.000102
633,0x35912ca4082525ae354c5a50413e35ccf62516ac,2025-01-20 04:05:44,0.000105
634,0x1e48b93ec902bdb01591627cfb0d6426c0772a24,2025-01-20 04:07:53,0.000107
635,0x9d85ed9da7cc53233ee8640395b2d135459d24cf,2025-01-20 04:09:29,0.000101
636,0xac926cb8340d457ebd1b6f9361609b03325854a8,2025-01-20 04:11:38,0.000100
637,0x2d8b5f78a6d4e5e9f58698e05addf12c55eb9834,2025-01-20 04:13:26,0.000109
638,0x8fe4dd48ee0ff6e807db48dac765b197c854e7ed,2025-01-20 04:15:26,0.000109
639,0xcc352057523f15857ae6319e9f94d74213e3b90f,2025-01-20 04:16:53,0.000104
640,0xbc76b58df470dc19f40f1cefc7727f4e9b26ed3b,2025-01-20 04:18:44,0.000100
641,0x42a74f56314152b4cef8fdeeb4f9480736d78ffb,2025-01-20 04:21:20,0.000102
642,0x38c0750e6f2a1497f8b50af7914aaab079cbd1ab,2025-01-20 04:23:11,0.000104
643,0x3aa979bdf41e571da9e0e7f0140d32b68881915f,2025-01-20 04:25:20,0.000108
644,0x4bd3b5f0bad511e78e478b28479752204682e09a,2025-01-20 04:27:35,0.000108
645,0x02845448960259fc848bbb0e22ba34ca5c5d1c26,2025-01-20 04:29:53,0.000109
646,0x8c81f019f7a047ca8c2c54cfbe9887ec2e11e95f,2025-01-20 04:32:23,0.000104
647,0xc28cbaf3cd5a699fbb39b120c403d4d4951c06f3,2025-01-20 04:34:38,0.000102
648,0x5b210dfda6d2fec154982804b3635aac78f28285,2025-01-20 04:36:47,0.000110
649,0x62c4277f91334b6e321a2c02cb7a76befb0c190a,2025-01-20 04:38:59,0.000100
650,0x52cd8f6a4b3b96d2b2d331d051477a79958941c0,2025-01-20 04:41:20,0.000109
651,0x45aa6e8cdfa163d45ab7e7a2d5630080e5c6e209,2025-01-20 04:43:11,0.000103
652,0x479b23b3c65aa5ce41b573fc67ab0360b9d806f0,2025-01-20 04:44:47,0.000107
653,0xa3bc32ce2662141e6ddfcb10be04b7ceb9181a27,2025-01-20 04:46:38,0.000106
654,0x1b528d83bf492e676e52ce5ad4bb0cbfe03ed7ed,2025-01-20 04:48:23,0.000104
655,0x0ea658f7639665f8b7fb17ca0de14a81e8dc0a12,2025-01-20 04:50:53,0.000107
656,0x34e25beb2f4d79969637992744c9f3f7f604bf71,2025-01-20 04:52:26,0.000104
657,0x06ad354528a312d3724ff37547acb0c70854ded1,2025-01-20 04:54:44,0.000107
658,0x8e2a23493cd033dd1e9ef9250ac9013d63e08049,2025-01-20 04:56:35,0.000106
659,0xefb78ac68ce1991701888538ca30b179058e3070,2025-01-20 04:59:02,0.000100
660,0xb8ea268808048fe3c840fe8b5554712f0f3a3d00,2025-01-20 05:00:50,0.000107
661,0x7810612d845fd8c55150c69b03b98be73f2b31a3,2025-01-20 05:02:41,0.000101
662,0xedb35588b976d922f9aff3019cdbbc320972e7c6,2025-01-20 05:04:23,0.000109
663,0x436f7c8a8b774a739dd1c2bb817dedca44880b44,2025-01-20 05:06:35,0.000100
664,0xf14518d251923f8c7e7a5e9c15d545d293195903,2025-01-20 05:08:38,0.000104
665,0x523123a9d9b2493ee9cf6aae1348a47d14fec52d,2025-01-20 05:10:47,0.000100
666,0x37b97bae047c1f00e22827c31ef62206e4577669,2025-01-20 05:12:11,0.000108
667,0x9da68ed21b285174a93209cda907b0dc9edfbd58,2025-01-20 05:14:02,0.000109
668,0x429b405757f964b4a25f5d255508b49504a424c1,2025-01-20 05:15:59,0.000104
669,0xf965ffcdcd99f7fae02123c482b774eb38112ada,2025-01-20 05:17:59,0.000106
670,0xb6b38ea968ff138c598e7230868e77c841763716,2025-01-20 05:20:02,0.000101
671,0x5c34b9188142df627fc4e58aa47e8717cafd7e05,2025-01-20 05:21:56,0.000109
672,0x5257718f18bc42e3d4306e0dc92907665b0a3472,2025-01-20 05:24:20,0.000104
673,0x8153bfff91b91535440fd9759aaefe2e5863f607,2025-01-20 05:26:26,0.000105
674,0x827cad832d79daf6c7fe2a24438b51f736785b94,2025-01-20 05:28:14,0.000106
675,0x1e32452b422e7fe353d51ad2ecf224ade95229a5,2025-01-20 05:30:26,0.000100
676,0x7ae925ced27e81e94b6b375e370e9575403ba1ba,2025-01-20 05:32:56,0.000108
677,0x430d7951b5c9450ef6be49cd07e2724dcdc27e46,2025-01-20 05:35:26,0.000100
678,0x020831a474d32d51507c4de7d8955f325b5160c6,2025-01-20 05:37:14,0.000105
679,0x9d0c694cc799e671f404098a459723b9d54e7db9,2025-01-20 05:39:08,0.000110
680,0xd91ca0563d2a3904344c7412432886f98b30802c,2025-01-20 05:40:53,0.000106
681,0xa43aaee60178abde6dba56f812f993a16cd12366,2025-01-20 05:42:53,0.000104
682,0x62ce7177a440441de1efbd43578708c65d7725be,2025-01-20 05:44:53,0.000104
683,0xf10ae323c2a4138efdcfa5155feb127144caebeb,2025-01-20 05:47:17,0.000104
684,0x59568a8fc35afc5c38a06d93de9a97214a8f11f2,2025-01-20 05:49:02,0.000109
685,0xf2bb4b3b0acdc0286b7d97bda71871a12b6d3a12,2025-01-20 05:51:02,0.000108
686,0xd8043c38e0b29f8c666557537a5571d69e7dde18,2025-01-20 05:52:47,0.000110
687,0x62c05d0567fcac135d94eefdf54e55bc896efa62,2025-01-20 05:54:26,0.000102
688,0x1b20f5bc58282ab3a264567c2a6cd54939d870b9,2025-01-20 05:56:29,0.000107
689,0x11888af628d75a6766e5b099b71ca1686988335b,2025-01-20 05:58:17,0.000104
690,0x9a15bf03924a50500a2a2a98901dfbf513b9120f,2025-01-20 06:00:08,0.000110
691,0x32118f02fb9fc6a3fb47c70de1945b39cfaed519,2025-01-20 06:02:23,0.000104
692,0x8149f87802fd3d0c111a44c914071ded79593e38,2025-01-20 06:04:14,0.000105
693,0xbd5c672ae8498bc8ef3b0c3e2d742bc34cd0aa03,2025-01-20 06:06:29,0.000104
694,0xeddee093f41869cd1f0682b945845eebe95e288f,2025-01-20 06:08:23,0.000100
695,0xf1855473b1ba8fa91f6ec406a0fa18b44e8b4953,2025-01-20 06:10:20,0.000100
696,0x89d750a8975db7c783243152de78a5237913301b,2025-01-20 06:12:50,0.000107
697,0x2f974a63b07bb118f4d0f1dcd00ec4a6abe145fb,2025-01-20 06:15:05,0.000110
698,0x30784c4433c773d4ca3e858bbe9de8c00a46f8fe,2025-01-20 06:17:32,0.000109
699,0x52bc131135356d2fa8e1db4a682bca5976f010f9,2025-01-20 06:19:41,0.000109
700,0x9e10572d085cf3ca3ead6df41d79287973d191d0,2025-01-20 06:21:50,0.000104
701,0xc28083919bb14d3f7ff29e1f8291acb3383116a8,2025-01-20 06:23:29,0.000102
702,0x2142791cd9d32f48594845abf689356aa7929a96,2025-01-20 06:25:53,0.000100
703,0x7a3f918a7964c397db0fba68abd386bf3f50d163,2025-01-20 08:49:15,0.000200
704,0x9143675b186f405c751aaec1ca52e7ce71d19b2d,2025-01-20 09:08:24,0.001500